{"type":"FeatureCollection","features":[{"type":"Feature","geometry":{"type":"Point","coordinates":[-80.36072,42.85501]},"properties":{"id":"nacei-5329","kind":"plant","cat":"solar","name":"13th Side Road","province":"Ontario","place":"Simcoe","mw":9.5,"renewMw":9.5,"totalMw":9.5,"hydroMw":0,"pumpedMw":0,"solarMw":9.5,"windMw":0,"geoMw":0,"bioMw":0,"tidalMw":0,"owner":"Skypower Ltd / Sunedison","operator":"Skypower Ltd / Sunedison","agency":"CSSKY","period":"201302","sourceUrl":"https://open.canada.ca/data/en/dataset/490db619-ab58-4a2a-a245-2376ce1840de","sourceTitle":"Renewable Energy Power Plants, 1 MW or more","licence":"Open Government Licence - Canada","vintage":"201302"}},{"type":"Feature","geometry":{"type":"Point","coordinates":[-71.8932,45.40517]},"properties":{"id":"nacei-5330","kind":"plant","cat":"hydro","name":"Abénaquis","province":"Québec","place":"Sherbrooke","mw":2.1,"renewMw":2.1,"totalMw":2.1,"hydroMw":2.1,"pumpedMw":0,"solarMw":0,"windMw":0,"geoMw":0,"bioMw":0,"tidalMw":0,"owner":"Ville de Sherbrooke /Hydro Sherbrooke","operator":"Ville de Sherbrooke /Hydro Sherbrooke","agency":"MERN","period":"201708","sourceUrl":"https://open.canada.ca/data/en/dataset/490db619-ab58-4a2a-a245-2376ce1840de","sourceTitle":"Renewable Energy Power Plants, 1 MW or more","licence":"Open Government Licence - Canada","vintage":"201708"}},{"type":"Feature","geometry":{"type":"Point","coordinates":[-115.36242,49.49332]},"properties":{"id":"nacei-5331","kind":"plant","cat":"hydro","name":"Aberfeldie","province":"British Columbia","place":"Bull River","mw":24,"renewMw":24,"totalMw":24,"hydroMw":24,"pumpedMw":0,"solarMw":0,"windMw":0,"geoMw":0,"bioMw":0,"tidalMw":0,"owner":"BC Hydro","operator":"BC Hydro","agency":"BC Hydro","period":"201708","sourceUrl":"https://open.canada.ca/data/en/dataset/490db619-ab58-4a2a-a245-2376ce1840de","sourceTitle":"Renewable Energy Power Plants, 1 MW or more","licence":"Open Government Licence - Canada","vintage":"201708"}},{"type":"Feature","geometry":{"type":"Point","coordinates":[-81.56698,49.88218]},"properties":{"id":"nacei-5332","kind":"plant","cat":"hydro","name":"Abitibi Canyon","province":"Ontario","place":"Cochrane","mw":349,"renewMw":349,"totalMw":349,"hydroMw":349,"pumpedMw":0,"solarMw":0,"windMw":0,"geoMw":0,"bioMw":0,"tidalMw":0,"owner":"","operator":"Ontario Power Generation Inc","agency":"OPG","period":"201708","sourceUrl":"https://open.canada.ca/data/en/dataset/490db619-ab58-4a2a-a245-2376ce1840de","sourceTitle":"Renewable Energy Power Plants, 1 MW or more","licence":"Open Government Licence - Canada","vintage":"201708"}},{"type":"Feature","geometry":{"type":"Point","coordinates":[-71.17076,48.65812]},"properties":{"id":"nacei-5333","kind":"plant","cat":"hydro","name":"Adam-Cunningham","province":"Québec","place":"Saint David de Falardeau","mw":7,"renewMw":7,"totalMw":7,"hydroMw":7,"pumpedMw":0,"solarMw":0,"windMw":0,"geoMw":0,"bioMw":0,"tidalMw":0,"owner":"Hydro Saguenay","operator":"Hydro Saguenay","agency":"MERN","period":"201708","sourceUrl":"https://open.canada.ca/data/en/dataset/490db619-ab58-4a2a-a245-2376ce1840de","sourceTitle":"Renewable Energy Power Plants, 1 MW or more","licence":"Open Government Licence - Canada","vintage":"201708"}},{"type":"Feature","geometry":{"type":"Point","coordinates":[-81.70681,42.98767]},"properties":{"id":"nacei-5334","kind":"plant","cat":"wind","name":"Adelaide","province":"Ontario","place":"Kerwood","mw":59.9,"renewMw":59.9,"totalMw":59.9,"hydroMw":0,"pumpedMw":0,"solarMw":0,"windMw":59.9,"geoMw":0,"bioMw":0,"tidalMw":0,"owner":"Kerwood Wind, LP","operator":"Kerwood Wind, LP","agency":"CanWEA","period":"201612","sourceUrl":"https://open.canada.ca/data/en/dataset/490db619-ab58-4a2a-a245-2376ce1840de","sourceTitle":"Renewable Energy Power Plants, 1 MW or more","licence":"Open Government Licence - Canada","vintage":"201612"}},{"type":"Feature","geometry":{"type":"Point","coordinates":[-81.73924,43.01838]},"properties":{"id":"nacei-5335","kind":"plant","cat":"wind","name":"Adelaide (Suncor)","province":"Ontario","place":"Strathroy","mw":40,"renewMw":40,"totalMw":40,"hydroMw":0,"pumpedMw":0,"solarMw":0,"windMw":40,"geoMw":0,"bioMw":0,"tidalMw":0,"owner":"Suncor Adelaide Wind LP","operator":"Suncor Adelaide Wind LP","agency":"CanWEA","period":"201612","sourceUrl":"https://open.canada.ca/data/en/dataset/490db619-ab58-4a2a-a245-2376ce1840de","sourceTitle":"Renewable Energy Power Plants, 1 MW or more","licence":"Open Government Licence - Canada","vintage":"201612"}},{"type":"Feature","geometry":{"type":"Point","coordinates":[-81.67085,42.95847]},"properties":{"id":"nacei-5336","kind":"plant","cat":"solar","name":"Adelaide 1","province":"Ontario","place":"Strathroy","mw":10,"renewMw":10,"totalMw":10,"hydroMw":0,"pumpedMw":0,"solarMw":10,"windMw":0,"geoMw":0,"bioMw":0,"tidalMw":0,"owner":"Met Fiera Solar Adelaide 1 LP","operator":"Met Fiera Solar Adelaide 1 LP","agency":"IESO","period":"201703","sourceUrl":"https://open.canada.ca/data/en/dataset/490db619-ab58-4a2a-a245-2376ce1840de","sourceTitle":"Renewable Energy Power Plants, 1 MW or more","licence":"Open Government Licence - Canada","vintage":"201703"}},{"type":"Feature","geometry":{"type":"Point","coordinates":[-64.00507,47.0368]},"properties":{"id":"nacei-5337","kind":"plant","cat":"wind","name":"Aeolus","province":"Prince Edward Island","place":"Norway","mw":3,"renewMw":3,"totalMw":3,"hydroMw":0,"pumpedMw":0,"solarMw":0,"windMw":3,"geoMw":0,"bioMw":0,"tidalMw":0,"owner":"PEI Energy Corp","operator":"PEI Energy Corp","agency":"CanWEA","period":"201612","sourceUrl":"https://open.canada.ca/data/en/dataset/490db619-ab58-4a2a-a245-2376ce1840de","sourceTitle":"Renewable Energy Power Plants, 1 MW or more","licence":"Open Government Licence - Canada","vintage":"201612"}},{"type":"Feature","geometry":{"type":"Point","coordinates":[-87.16101,48.78666]},"properties":{"id":"nacei-5338","kind":"plant","cat":"hydro","name":"Aguasabon","province":"Ontario","place":"Terrace Bay","mw":45,"renewMw":45,"totalMw":45,"hydroMw":45,"pumpedMw":0,"solarMw":0,"windMw":0,"geoMw":0,"bioMw":0,"tidalMw":0,"owner":"","operator":"Ontario Power Generation Inc","agency":"OPG","period":"201708","sourceUrl":"https://open.canada.ca/data/en/dataset/490db619-ab58-4a2a-a245-2376ce1840de","sourceTitle":"Renewable Energy Power Plants, 1 MW or more","licence":"Open Government Licence - Canada","vintage":"201708"}},{"type":"Feature","geometry":{"type":"Point","coordinates":[-137.05085,61.03515]},"properties":{"id":"nacei-5339","kind":"plant","cat":"hydro","name":"Aishihik","province":"Yukon","place":"Aishihik","mw":37,"renewMw":37,"totalMw":37,"hydroMw":37,"pumpedMw":0,"solarMw":0,"windMw":0,"geoMw":0,"bioMw":0,"tidalMw":0,"owner":"","operator":"Yukon Energy Corp","agency":"Yukon Energy","period":"201612","sourceUrl":"https://open.canada.ca/data/en/dataset/490db619-ab58-4a2a-a245-2376ce1840de","sourceTitle":"Renewable Energy Power Plants, 1 MW or more","licence":"Open Government Licence - Canada","vintage":"201612"}},{"type":"Feature","geometry":{"type":"Point","coordinates":[-118.02953,50.82272]},"properties":{"id":"nacei-5340","kind":"plant","cat":"hydro","name":"Akolkolex","province":"British Columbia","place":"Revelstoke","mw":10,"renewMw":10,"totalMw":10,"hydroMw":10,"pumpedMw":0,"solarMw":0,"windMw":0,"geoMw":0,"bioMw":0,"tidalMw":0,"owner":"TransAlta (100%)","operator":"Canadian Hydro Developers Inc","agency":"TransAlta","period":"201708","sourceUrl":"https://open.canada.ca/data/en/dataset/490db619-ab58-4a2a-a245-2376ce1840de","sourceTitle":"Renewable Energy Power Plants, 1 MW or more","licence":"Open Government Licence - Canada","vintage":"201708"}},{"type":"Feature","geometry":{"type":"Point","coordinates":[-78.09459,44.19388]},"properties":{"id":"nacei-5341","kind":"plant","cat":"solar","name":"Alderville 3","province":"Ontario","place":"Roseneath","mw":5,"renewMw":5,"totalMw":5,"hydroMw":0,"pumpedMw":0,"solarMw":5,"windMw":0,"geoMw":0,"bioMw":0,"tidalMw":0,"owner":"Alderville Solar LP","operator":"Alderville Solar LP","agency":"IESO","period":"201703","sourceUrl":"https://open.canada.ca/data/en/dataset/490db619-ab58-4a2a-a245-2376ce1840de","sourceTitle":"Renewable Energy Power Plants, 1 MW or more","licence":"Open Government Licence - Canada","vintage":"201703"}},{"type":"Feature","geometry":{"type":"Point","coordinates":[-88.358,49.13545]},"properties":{"id":"nacei-5342","kind":"plant","cat":"hydro","name":"Alexander","province":"Ontario","place":"Thunder Bay","mw":69,"renewMw":69,"totalMw":69,"hydroMw":69,"pumpedMw":0,"solarMw":0,"windMw":0,"geoMw":0,"bioMw":0,"tidalMw":0,"owner":"","operator":"Ontario Power Generation Inc","agency":"OPG","period":"201708","sourceUrl":"https://open.canada.ca/data/en/dataset/490db619-ab58-4a2a-a245-2376ce1840de","sourceTitle":"Renewable Energy Power Plants, 1 MW or more","licence":"Open Government Licence - Canada","vintage":"201708"}},{"type":"Feature","geometry":{"type":"Point","coordinates":[-74.88778,45.53997]},"properties":{"id":"nacei-5343","kind":"plant","cat":"solar","name":"Alfred","province":"Ontario","place":"Alfred","mw":10,"renewMw":10,"totalMw":10,"hydroMw":0,"pumpedMw":0,"solarMw":10,"windMw":0,"geoMw":0,"bioMw":0,"tidalMw":0,"owner":"2225228 Ontario Inc","operator":"2225228 Ontario Inc","agency":"IESO","period":"201703","sourceUrl":"https://open.canada.ca/data/en/dataset/490db619-ab58-4a2a-a245-2376ce1840de","sourceTitle":"Renewable Energy Power Plants, 1 MW or more","licence":"Open Government Licence - Canada","vintage":"201703"}},{"type":"Feature","geometry":{"type":"Point","coordinates":[-76.19806,45.22583]},"properties":{"id":"nacei-5344","kind":"plant","cat":"hydro","name":"Almonte","province":"Ontario","place":"Mississipi Mills","mw":5,"renewMw":5,"totalMw":5,"hydroMw":5,"pumpedMw":0,"solarMw":0,"windMw":0,"geoMw":0,"bioMw":0,"tidalMw":0,"owner":"","operator":"Mississippi River Power Corp","agency":"Ontario Rivers Alliance","period":"201407","sourceUrl":"https://open.canada.ca/data/en/dataset/490db619-ab58-4a2a-a245-2376ce1840de","sourceTitle":"Renewable Energy Power Plants, 1 MW or more","licence":"Open Government Licence - Canada","vintage":"201407"}},{"type":"Feature","geometry":{"type":"Point","coordinates":[-112.86223,54.92095]},"properties":{"id":"nacei-5345","kind":"plant","cat":"biomass","name":"AlPac Boyle","province":"Alberta","place":"Boyle","mw":125,"renewMw":125,"totalMw":125,"hydroMw":0,"pumpedMw":0,"solarMw":0,"windMw":0,"geoMw":0,"bioMw":125,"tidalMw":0,"owner":"APF Athabasca","operator":"APF Athabasca","agency":"Alberta Energy","period":"201708","sourceUrl":"https://open.canada.ca/data/en/dataset/490db619-ab58-4a2a-a245-2376ce1840de","sourceTitle":"Renewable Energy Power Plants, 1 MW or more","licence":"Open Government Licence - Canada","vintage":"201708"}},{"type":"Feature","geometry":{"type":"Point","coordinates":[-64.24172,45.82666]},"properties":{"id":"nacei-5346","kind":"plant","cat":"wind","name":"Amherst I","province":"Nova Scotia","place":"","mw":31.5,"renewMw":31.5,"totalMw":31.5,"hydroMw":0,"pumpedMw":0,"solarMw":0,"windMw":31.5,"geoMw":0,"bioMw":0,"tidalMw":0,"owner":"","operator":"Sprott Power Corp","agency":"CanWEA","period":"201612","sourceUrl":"https://open.canada.ca/data/en/dataset/490db619-ab58-4a2a-a245-2376ce1840de","sourceTitle":"Renewable Energy Power Plants, 1 MW or more","licence":"Open Government Licence - Canada","vintage":"201612"}},{"type":"Feature","geometry":{"type":"Point","coordinates":[-83.07693,42.14487]},"properties":{"id":"nacei-5347","kind":"plant","cat":"solar","name":"Amherstburg Solar","province":"Ontario","place":"","mw":10,"renewMw":10,"totalMw":10,"hydroMw":0,"pumpedMw":0,"solarMw":10,"windMw":0,"geoMw":0,"bioMw":0,"tidalMw":0,"owner":"Ge Energy Financial (90%) / Fiera Axium Infrastructure (10%)","operator":"Ge Energy Financial (90%) / Fiera Axium Infrastructure (10%)","agency":"Solar Industry Mag","period":"201312","sourceUrl":"https://open.canada.ca/data/en/dataset/490db619-ab58-4a2a-a245-2376ce1840de","sourceTitle":"Renewable Energy Power Plants, 1 MW or more","licence":"Open Government Licence - Canada","vintage":"201312"}},{"type":"Feature","geometry":{"type":"Point","coordinates":[-83.08069,42.16374]},"properties":{"id":"nacei-5348","kind":"plant","cat":"solar","name":"Amherstburg-1","province":"Ontario","place":"Amherstburg","mw":20,"renewMw":20,"totalMw":20,"hydroMw":0,"pumpedMw":0,"solarMw":20,"windMw":0,"geoMw":0,"bioMw":0,"tidalMw":0,"owner":"Capstone Infrastructure Corp","operator":"Helios Solar Star A-1 LP","agency":"HeliosEnergy","period":"201607","sourceUrl":"https://open.canada.ca/data/en/dataset/490db619-ab58-4a2a-a245-2376ce1840de","sourceTitle":"Renewable Energy Power Plants, 1 MW or more","licence":"Open Government Licence - Canada","vintage":"201607"}},{"type":"Feature","geometry":{"type":"Point","coordinates":[-83.08762,42.16896]},"properties":{"id":"nacei-5349","kind":"plant","cat":"solar","name":"Amherstburg-2","province":"Ontario","place":"Amherstburg","mw":15,"renewMw":15,"totalMw":15,"hydroMw":0,"pumpedMw":0,"solarMw":15,"windMw":0,"geoMw":0,"bioMw":0,"tidalMw":0,"owner":"Enbridge","operator":"Enbridge","agency":"HeliosEnergy","period":"201607","sourceUrl":"https://open.canada.ca/data/en/dataset/490db619-ab58-4a2a-a245-2376ce1840de","sourceTitle":"Renewable Energy Power Plants, 1 MW or more","licence":"Open Government Licence - Canada","vintage":"201607"}},{"type":"Feature","geometry":{"type":"Point","coordinates":[-84.64606,47.23863]},"properties":{"id":"nacei-5350","kind":"plant","cat":"hydro","name":"Andrews","province":"Ontario","place":"Batchawana Bay","mw":47,"renewMw":47,"totalMw":47,"hydroMw":47,"pumpedMw":0,"solarMw":0,"windMw":0,"geoMw":0,"bioMw":0,"tidalMw":0,"owner":"Brookfield Renewable Power Inc","operator":"Brookfield Renewable Energy Partners","agency":"IESO","period":"201703","sourceUrl":"https://open.canada.ca/data/en/dataset/490db619-ab58-4a2a-a245-2376ce1840de","sourceTitle":"Renewable Energy Power Plants, 1 MW or more","licence":"Open Government Licence - Canada","vintage":"201703"}},{"type":"Feature","geometry":{"type":"Point","coordinates":[-122.9497,49.16679]},"properties":{"id":"nacei-5351","kind":"plant","cat":"biomass","name":"Annacis Island Wwtp","province":"British Columbia","place":"Delta","mw":3.2,"renewMw":3.2,"totalMw":3.2,"hydroMw":0,"pumpedMw":0,"solarMw":0,"windMw":0,"geoMw":0,"bioMw":3.2,"tidalMw":0,"owner":"","operator":"British Columbia","agency":"Integrated Resource Recovery I","period":"201304","sourceUrl":"https://open.canada.ca/data/en/dataset/490db619-ab58-4a2a-a245-2376ce1840de","sourceTitle":"Renewable Energy Power Plants, 1 MW or more","licence":"Open Government Licence - Canada","vintage":"201304"}},{"type":"Feature","geometry":{"type":"Point","coordinates":[-65.51195,44.75305]},"properties":{"id":"nacei-5352","kind":"plant","cat":"tidal","name":"Annapolis Tidal","province":"Nova Scotia","place":"Annapolis Royal","mw":20,"renewMw":20,"totalMw":20,"hydroMw":0,"pumpedMw":0,"solarMw":0,"windMw":0,"geoMw":0,"bioMw":0,"tidalMw":20,"owner":"Nova Scotia Power Inc","operator":"Nova Scotia Power Inc","agency":"NS Power","period":"201708","sourceUrl":"https://open.canada.ca/data/en/dataset/490db619-ab58-4a2a-a245-2376ce1840de","sourceTitle":"Renewable Energy Power Plants, 1 MW or more","licence":"Open Government Licence - Canada","vintage":"201708"}},{"type":"Feature","geometry":{"type":"Point","coordinates":[-76.12667,45.18286]},"properties":{"id":"nacei-5353","kind":"plant","cat":"hydro","name":"Appleton","province":"Ontario","place":"Almonte","mw":1.4,"renewMw":1.4,"totalMw":1.4,"hydroMw":1.4,"pumpedMw":0,"solarMw":0,"windMw":0,"geoMw":0,"bioMw":0,"tidalMw":0,"owner":"Canadian Hydro Developers, Inc","operator":"TransAlta (100%)","agency":"IESO","period":"201703","sourceUrl":"https://open.canada.ca/data/en/dataset/490db619-ab58-4a2a-a245-2376ce1840de","sourceTitle":"Renewable Energy Power Plants, 1 MW or more","licence":"Open Government Licence - Canada","vintage":"201703"}},{"type":"Feature","geometry":{"type":"Point","coordinates":[-113.43509,49.58297]},"properties":{"id":"nacei-5354","kind":"plant","cat":"wind","name":"Ardenville","province":"Alberta","place":"Fort Macleod","mw":69,"renewMw":69,"totalMw":69,"hydroMw":0,"pumpedMw":0,"solarMw":0,"windMw":69,"geoMw":0,"bioMw":0,"tidalMw":0,"owner":"TransAlta","operator":"TransAlta","agency":"CanWEA","period":"201612","sourceUrl":"https://open.canada.ca/data/en/dataset/490db619-ab58-4a2a-a245-2376ce1840de","sourceTitle":"Renewable Energy Power Plants, 1 MW or more","licence":"Open Government Licence - Canada","vintage":"201612"}},{"type":"Feature","geometry":{"type":"Point","coordinates":[-79.84929,44.62898]},"properties":{"id":"nacei-5355","kind":"plant","cat":"solar","name":"Aria","province":"Ontario","place":"Elmvale","mw":9,"renewMw":9,"totalMw":9,"hydroMw":0,"pumpedMw":0,"solarMw":9,"windMw":0,"geoMw":0,"bioMw":0,"tidalMw":0,"owner":"Concord Aria Partnership","operator":"Aria LP","agency":"IESO","period":"201703","sourceUrl":"https://open.canada.ca/data/en/dataset/490db619-ab58-4a2a-a245-2376ce1840de","sourceTitle":"Renewable Energy Power Plants, 1 MW or more","licence":"Open Government Licence - Canada","vintage":"201703"}},{"type":"Feature","geometry":{"type":"Point","coordinates":[-81.45735,44.2044]},"properties":{"id":"nacei-5356","kind":"plant","cat":"wind","name":"Armow","province":"Ontario","place":"Kincardine","mw":180,"renewMw":180,"totalMw":180,"hydroMw":0,"pumpedMw":0,"solarMw":0,"windMw":180,"geoMw":0,"bioMw":0,"tidalMw":0,"owner":"Sp Armow Wind Ontario LP","operator":"","agency":"CanWEA","period":"201612","sourceUrl":"https://open.canada.ca/data/en/dataset/490db619-ab58-4a2a-a245-2376ce1840de","sourceTitle":"Renewable Energy Power Plants, 1 MW or more","licence":"Open Government Licence - Canada","vintage":"201612"}},{"type":"Feature","geometry":{"type":"Point","coordinates":[-119.2259,50.39224]},"properties":{"id":"nacei-5357","kind":"plant","cat":"biomass","name":"Armstrong Cogeneration","province":"British Columbia","place":"Armstrong","mw":20,"renewMw":20,"totalMw":20,"hydroMw":0,"pumpedMw":0,"solarMw":0,"windMw":0,"geoMw":0,"bioMw":20,"tidalMw":0,"owner":"Tolko BC","operator":"","agency":"APEG.BC.CA","period":"201604","sourceUrl":"https://open.canada.ca/data/en/dataset/490db619-ab58-4a2a-a245-2376ce1840de","sourceTitle":"Renewable Energy Power Plants, 1 MW or more","licence":"Open Government Licence - Canada","vintage":"201604"}},{"type":"Feature","geometry":{"type":"Point","coordinates":[-76.34701,45.41866]},"properties":{"id":"nacei-5358","kind":"plant","cat":"hydro","name":"Arnprior","province":"Ontario","place":"Arnprior","mw":82,"renewMw":82,"totalMw":82,"hydroMw":82,"pumpedMw":0,"solarMw":0,"windMw":0,"geoMw":0,"bioMw":0,"tidalMw":0,"owner":"","operator":"Ontario Power Generation Inc","agency":"OPG","period":"201708","sourceUrl":"https://open.canada.ca/data/en/dataset/490db619-ab58-4a2a-a245-2376ce1840de","sourceTitle":"Renewable Energy Power Plants, 1 MW or more","licence":"Open Government Licence - Canada","vintage":"201708"}},{"type":"Feature","geometry":{"type":"Point","coordinates":[-76.275,45.40833]},"properties":{"id":"nacei-5359","kind":"plant","cat":"solar","name":"Arnprior Solar","province":"Ontario","place":"Arnprior","mw":23.4,"renewMw":23.4,"totalMw":23.4,"hydroMw":0,"pumpedMw":0,"solarMw":23.4,"windMw":0,"geoMw":0,"bioMw":0,"tidalMw":0,"owner":"EDF Energies Nouvelles","operator":"EDF Energies Nouvelles","agency":"EDF Energies Nouvelles","period":"201708","sourceUrl":"https://open.canada.ca/data/en/dataset/490db619-ab58-4a2a-a245-2376ce1840de","sourceTitle":"Renewable Energy Power Plants, 1 MW or more","licence":"Open Government Licence - Canada","vintage":"201708"}},{"type":"Feature","geometry":{"type":"Point","coordinates":[-117.76885,49.34302]},"properties":{"id":"nacei-5360","kind":"plant","cat":"hydro","name":"Arrow Lakes","province":"British Columbia","place":"Slocan","mw":185,"renewMw":185,"totalMw":185,"hydroMw":185,"pumpedMw":0,"solarMw":0,"windMw":0,"geoMw":0,"bioMw":0,"tidalMw":0,"owner":"Columbia Power (50%) / Columbia Basin Trust (50%)","operator":"Arrow Lakes Power Corp","agency":"Columbia Power","period":"201708","sourceUrl":"https://open.canada.ca/data/en/dataset/490db619-ab58-4a2a-a245-2376ce1840de","sourceTitle":"Renewable Energy Power Plants, 1 MW or more","licence":"Open Government Licence - Canada","vintage":"201708"}},{"type":"Feature","geometry":{"type":"Point","coordinates":[-80.51523,43.84777]},"properties":{"id":"nacei-5361","kind":"plant","cat":"wind","name":"Arthur","province":"Ontario","place":"Wellington North","mw":10,"renewMw":10,"totalMw":10,"hydroMw":0,"pumpedMw":0,"solarMw":0,"windMw":10,"geoMw":0,"bioMw":0,"tidalMw":0,"owner":"Arthur Wind Farm Ltd Partnership","operator":"Arthur Wind Farm Ltd Partnership","agency":"CanWEA","period":"201612","sourceUrl":"https://open.canada.ca/data/en/dataset/490db619-ab58-4a2a-a245-2376ce1840de","sourceTitle":"Renewable Energy Power Plants, 1 MW or more","licence":"Open Government Licence - Canada","vintage":"201612"}},{"type":"Feature","geometry":{"type":"Point","coordinates":[-125.15063,49.37336]},"properties":{"id":"nacei-5362","kind":"plant","cat":"hydro","name":"Ash River","province":"British Columbia","place":"Ash River","mw":28,"renewMw":28,"totalMw":28,"hydroMw":28,"pumpedMw":0,"solarMw":0,"windMw":0,"geoMw":0,"bioMw":0,"tidalMw":0,"owner":"BC Hydro","operator":"BC Hydro","agency":"BC Hydro","period":"201708","sourceUrl":"https://open.canada.ca/data/en/dataset/490db619-ab58-4a2a-a245-2376ce1840de","sourceTitle":"Renewable Energy Power Plants, 1 MW or more","licence":"Open Government Licence - Canada","vintage":"201708"}},{"type":"Feature","geometry":{"type":"Point","coordinates":[-123.32503,49.91434]},"properties":{"id":"nacei-5363","kind":"plant","cat":"hydro","name":"Ashlu Creek","province":"British Columbia","place":"Squamish","mw":49.9,"renewMw":49.9,"totalMw":49.9,"hydroMw":49.9,"pumpedMw":0,"solarMw":0,"windMw":0,"geoMw":0,"bioMw":0,"tidalMw":0,"owner":"Innergex Inc","operator":"Innergex Inc","agency":"Innergex","period":"201708","sourceUrl":"https://open.canada.ca/data/en/dataset/490db619-ab58-4a2a-a245-2376ce1840de","sourceTitle":"Renewable Energy Power Plants, 1 MW or more","licence":"Open Government Licence - Canada","vintage":"201708"}},{"type":"Feature","geometry":{"type":"Point","coordinates":[-66.72252,47.99273]},"properties":{"id":"nacei-5364","kind":"plant","cat":"biomass","name":"Atholville","province":"New Brunswick","place":"","mw":21,"renewMw":21,"totalMw":21,"hydroMw":0,"pumpedMw":0,"solarMw":0,"windMw":0,"geoMw":0,"bioMw":21,"tidalMw":0,"owner":"","operator":"A V Cell Inc","agency":"TheGaiaProject","period":"201401","sourceUrl":"https://open.canada.ca/data/en/dataset/490db619-ab58-4a2a-a245-2376ce1840de","sourceTitle":"Renewable Energy Power Plants, 1 MW or more","licence":"Open Government Licence - Canada","vintage":"201401"}},{"type":"Feature","geometry":{"type":"Point","coordinates":[-91.57083,48.83806]},"properties":{"id":"nacei-5365","kind":"plant","cat":"biomass","name":"Atikokan-G1","province":"Ontario","place":"Atikokan","mw":215,"renewMw":215,"totalMw":215,"hydroMw":0,"pumpedMw":0,"solarMw":0,"windMw":0,"geoMw":0,"bioMw":215,"tidalMw":0,"owner":"Ontario Power Generation Inc","operator":"Ontario Power Generation Inc","agency":"IESO Capability Report","period":"201708","sourceUrl":"https://open.canada.ca/data/en/dataset/490db619-ab58-4a2a-a245-2376ce1840de","sourceTitle":"Renewable Energy Power Plants, 1 MW or more","licence":"Open Government Licence - Canada","vintage":"201708"}},{"type":"Feature","geometry":{"type":"Point","coordinates":[-83.21291,46.90945]},"properties":{"id":"nacei-5366","kind":"plant","cat":"hydro","name":"Aubrey Falls","province":"Ontario","place":"Elliot Lake","mw":162,"renewMw":162,"totalMw":162,"hydroMw":162,"pumpedMw":0,"solarMw":0,"windMw":0,"geoMw":0,"bioMw":0,"tidalMw":0,"owner":"Brookfield Renewable Power Inc","operator":"Brookfield Renewable Energy Partners","agency":"IESO","period":"201703","sourceUrl":"https://open.canada.ca/data/en/dataset/490db619-ab58-4a2a-a245-2376ce1840de","sourceTitle":"Renewable Energy Power Plants, 1 MW or more","licence":"Open Government Licence - Canada","vintage":"201703"}},{"type":"Feature","geometry":{"type":"Point","coordinates":[-78.31399,44.32347]},"properties":{"id":"nacei-5367","kind":"plant","cat":"hydro","name":"Auburn","province":"Ontario","place":"Peterborough","mw":2,"renewMw":2,"totalMw":2,"hydroMw":2,"pumpedMw":0,"solarMw":0,"windMw":0,"geoMw":0,"bioMw":0,"tidalMw":0,"owner":"","operator":"Ontario Power Generation Inc","agency":"OPG","period":"201708","sourceUrl":"https://open.canada.ca/data/en/dataset/490db619-ab58-4a2a-a245-2376ce1840de","sourceTitle":"Renewable Energy Power Plants, 1 MW or more","licence":"Open Government Licence - Canada","vintage":"201708"}},{"type":"Feature","geometry":{"type":"Point","coordinates":[-62.37451,45.59491]},"properties":{"id":"nacei-5368","kind":"plant","cat":"wind","name":"Auld's Mountain","province":"Nova Scotia","place":"","mw":4.6,"renewMw":4.6,"totalMw":4.6,"hydroMw":0,"pumpedMw":0,"solarMw":0,"windMw":4.6,"geoMw":0,"bioMw":0,"tidalMw":0,"owner":"","operator":"","agency":"CanWEA","period":"201612","sourceUrl":"https://open.canada.ca/data/en/dataset/490db619-ab58-4a2a-a245-2376ce1840de","sourceTitle":"Renewable Energy Power Plants, 1 MW or more","licence":"Open Government Licence - Canada","vintage":"201612"}},{"type":"Feature","geometry":{"type":"Point","coordinates":[-64.21729,44.88148]},"properties":{"id":"nacei-5369","kind":"plant","cat":"hydro","name":"Avon 1","province":"Nova Scotia","place":"Avon River","mw":4.6,"renewMw":4.6,"totalMw":4.6,"hydroMw":4.6,"pumpedMw":0,"solarMw":0,"windMw":0,"geoMw":0,"bioMw":0,"tidalMw":0,"owner":"","operator":"Nova Scotia Power Inc","agency":"Statistics Canada","period":"2000","sourceUrl":"https://open.canada.ca/data/en/dataset/490db619-ab58-4a2a-a245-2376ce1840de","sourceTitle":"Renewable Energy Power Plants, 1 MW or more","licence":"Open Government Licence - Canada","vintage":"2000"}},{"type":"Feature","geometry":{"type":"Point","coordinates":[-64.22885,44.87319]},"properties":{"id":"nacei-5370","kind":"plant","cat":"hydro","name":"Avon 2","province":"Nova Scotia","place":"Avon River","mw":3.5,"renewMw":3.5,"totalMw":3.5,"hydroMw":3.5,"pumpedMw":0,"solarMw":0,"windMw":0,"geoMw":0,"bioMw":0,"tidalMw":0,"owner":"","operator":"","agency":"Statistics Canada","period":"2000","sourceUrl":"https://open.canada.ca/data/en/dataset/490db619-ab58-4a2a-a245-2376ce1840de","sourceTitle":"Renewable Energy Power Plants, 1 MW or more","licence":"Open Government Licence - Canada","vintage":"2000"}},{"type":"Feature","geometry":{"type":"Point","coordinates":[-74.36053,45.63666]},"properties":{"id":"nacei-5371","kind":"plant","cat":"hydro","name":"Ayers-1","province":"Québec","place":"Lachute","mw":4.8,"renewMw":4.8,"totalMw":4.8,"hydroMw":4.8,"pumpedMw":0,"solarMw":0,"windMw":0,"geoMw":0,"bioMw":0,"tidalMw":0,"owner":"Ayers Limitée","operator":"Ayers Limitée","agency":"MERN","period":"201708","sourceUrl":"https://open.canada.ca/data/en/dataset/490db619-ab58-4a2a-a245-2376ce1840de","sourceTitle":"Renewable Energy Power Plants, 1 MW or more","licence":"Open Government Licence - Canada","vintage":"201708"}},{"type":"Feature","geometry":{"type":"Point","coordinates":[-74.3539,45.64363]},"properties":{"id":"nacei-5372","kind":"plant","cat":"hydro","name":"Ayers-2","province":"Québec","place":"Lachute","mw":1,"renewMw":1,"totalMw":1,"hydroMw":1,"pumpedMw":0,"solarMw":0,"windMw":0,"geoMw":0,"bioMw":0,"tidalMw":0,"owner":"Ayers Limitée","operator":"Ayers Limitée","agency":"MERN","period":"201708","sourceUrl":"https://open.canada.ca/data/en/dataset/490db619-ab58-4a2a-a245-2376ce1840de","sourceTitle":"Renewable Energy Power Plants, 1 MW or more","licence":"Open Government Licence - Canada","vintage":"201708"}},{"type":"Feature","geometry":{"type":"Point","coordinates":[-67.88411,48.70657]},"properties":{"id":"nacei-5373","kind":"plant","cat":"wind","name":"Baie-des-Sables","province":"Québec","place":"Baie-des-Sables","mw":109.5,"renewMw":109.5,"totalMw":109.5,"hydroMw":0,"pumpedMw":0,"solarMw":0,"windMw":109.5,"geoMw":0,"bioMw":0,"tidalMw":0,"owner":"TransCanada Wind (72%) / Innergex Inc (38%)","operator":"TransCanada Wind & Innergex Inc","agency":"CanWEA","period":"201612","sourceUrl":"https://open.canada.ca/data/en/dataset/490db619-ab58-4a2a-a245-2376ce1840de","sourceTitle":"Renewable Energy Power Plants, 1 MW or more","licence":"Open Government Licence - Canada","vintage":"201612"}},{"type":"Feature","geometry":{"type":"Point","coordinates":[-78.75871,44.65098]},"properties":{"id":"nacei-5374","kind":"plant","cat":"solar","name":"Balsam Lake","province":"Ontario","place":"Coboconk","mw":3,"renewMw":3,"totalMw":3,"hydroMw":0,"pumpedMw":0,"solarMw":3,"windMw":0,"geoMw":0,"bioMw":0,"tidalMw":0,"owner":"Balsam Lake LP","operator":"Balsam Lake LP","agency":"IESO","period":"201703","sourceUrl":"https://open.canada.ca/data/en/dataset/490db619-ab58-4a2a-a245-2376ce1840de","sourceTitle":"Renewable Energy Power Plants, 1 MW or more","licence":"Open Government Licence - Canada","vintage":"201703"}},{"type":"Feature","geometry":{"type":"Point","coordinates":[-126.76024,49.92781]},"properties":{"id":"nacei-5375","kind":"plant","cat":"hydro","name":"Barr Creek","province":"British Columbia","place":"Barr Creek","mw":4.4,"renewMw":4.4,"totalMw":4.4,"hydroMw":4.4,"pumpedMw":0,"solarMw":0,"windMw":0,"geoMw":0,"bioMw":0,"tidalMw":0,"owner":"Synex (80%) / Ehattesaht Tribe (20%)","operator":"Barr Creek Hydro Ltd","agency":"Synex","period":"201708","sourceUrl":"https://open.canada.ca/data/en/dataset/490db619-ab58-4a2a-a245-2376ce1840de","sourceTitle":"Renewable Energy Power Plants, 1 MW or more","licence":"Open Government Licence - Canada","vintage":"201708"}},{"type":"Feature","geometry":{"type":"Point","coordinates":[-60.40706,46.15286]},"properties":{"id":"nacei-5376","kind":"plant","cat":"wind","name":"Barrachois","province":"Nova Scotia","place":"","mw":4,"renewMw":4,"totalMw":4,"hydroMw":0,"pumpedMw":0,"solarMw":0,"windMw":4,"geoMw":0,"bioMw":0,"tidalMw":0,"owner":"","operator":"","agency":"CanWEA","period":"201612","sourceUrl":"https://open.canada.ca/data/en/dataset/490db619-ab58-4a2a-a245-2376ce1840de","sourceTitle":"Renewable Energy Power Plants, 1 MW or more","licence":"Open Government Licence - Canada","vintage":"201612"}},{"type":"Feature","geometry":{"type":"Point","coordinates":[-71.9532,45.47912]},"properties":{"id":"nacei-5377","kind":"plant","cat":"hydro","name":"Barrage-Larocque","province":"Québec","place":"Sherbrooke","mw":10.6,"renewMw":10.6,"totalMw":10.6,"hydroMw":10.6,"pumpedMw":0,"solarMw":0,"windMw":0,"geoMw":0,"bioMw":0,"tidalMw":0,"owner":"Hydro Bromptonville Inc/Kruger","operator":"Hydro Bromptonville Inc/Kruger","agency":"MERN","period":"201708","sourceUrl":"https://open.canada.ca/data/en/dataset/490db619-ab58-4a2a-a245-2376ce1840de","sourceTitle":"Renewable Energy Power Plants, 1 MW or more","licence":"Open Government Licence - Canada","vintage":"201708"}},{"type":"Feature","geometry":{"type":"Point","coordinates":[-76.75902,45.2499]},"properties":{"id":"nacei-5378","kind":"plant","cat":"hydro","name":"Barrett Chute","province":"Ontario","place":"Calabogie","mw":176,"renewMw":176,"totalMw":176,"hydroMw":176,"pumpedMw":0,"solarMw":0,"windMw":0,"geoMw":0,"bioMw":0,"tidalMw":0,"owner":"","operator":"Ontario Power Generation Inc","agency":"OPG","period":"201708","sourceUrl":"https://open.canada.ca/data/en/dataset/490db619-ab58-4a2a-a245-2376ce1840de","sourceTitle":"Renewable Energy Power Plants, 1 MW or more","licence":"Open Government Licence - Canada","vintage":"201708"}},{"type":"Feature","geometry":{"type":"Point","coordinates":[-115.0409,51.03425]},"properties":{"id":"nacei-5379","kind":"plant","cat":"hydro","name":"Barrier","province":"Alberta","place":"Seebe","mw":13,"renewMw":13,"totalMw":13,"hydroMw":13,"pumpedMw":0,"solarMw":0,"windMw":0,"geoMw":0,"bioMw":0,"tidalMw":0,"owner":"TransAlta (100%)","operator":"TransAlta (100%)","agency":"TransAlta","period":"201708","sourceUrl":"https://open.canada.ca/data/en/dataset/490db619-ab58-4a2a-a245-2376ce1840de","sourceTitle":"Renewable Energy Power Plants, 1 MW or more","licence":"Open Government Licence - Canada","vintage":"201708"}},{"type":"Feature","geometry":{"type":"Point","coordinates":[-65.66241,43.51964]},"properties":{"id":"nacei-5380","kind":"plant","cat":"wind","name":"Barrington (Watts Wind II)","province":"Nova Scotia","place":"","mw":3.2,"renewMw":3.2,"totalMw":3.2,"hydroMw":0,"pumpedMw":0,"solarMw":0,"windMw":3.2,"geoMw":0,"bioMw":0,"tidalMw":0,"owner":"","operator":"","agency":"CanWEA","period":"201612","sourceUrl":"https://open.canada.ca/data/en/dataset/490db619-ab58-4a2a-a245-2376ce1840de","sourceTitle":"Renewable Energy Power Plants, 1 MW or more","licence":"Open Government Licence - Canada","vintage":"201612"}},{"type":"Feature","geometry":{"type":"Point","coordinates":[-112.46002,50.78067]},"properties":{"id":"nacei-5381","kind":"plant","cat":"solar","name":"Bassano","province":"Alberta","place":"Bassano","mw":2,"renewMw":2,"totalMw":2,"hydroMw":0,"pumpedMw":0,"solarMw":2,"windMw":0,"geoMw":0,"bioMw":0,"tidalMw":0,"owner":"","operator":"Skyfireenergy","agency":"SkyFire Energy","period":"2016","sourceUrl":"https://open.canada.ca/data/en/dataset/490db619-ab58-4a2a-a245-2376ce1840de","sourceTitle":"Renewable Energy Power Plants, 1 MW or more","licence":"Open Government Licence - Canada","vintage":"2016"}},{"type":"Feature","geometry":{"type":"Point","coordinates":[-77.58812,44.16848]},"properties":{"id":"nacei-5382","kind":"plant","cat":"hydro","name":"Batawa","province":"Ontario","place":"Batawa","mw":5,"renewMw":5,"totalMw":5,"hydroMw":5,"pumpedMw":0,"solarMw":0,"windMw":0,"geoMw":0,"bioMw":0,"tidalMw":0,"owner":"Innergex Inc","operator":"Innergex Inc","agency":"Innergex","period":"201708","sourceUrl":"https://open.canada.ca/data/en/dataset/490db619-ab58-4a2a-a245-2376ce1840de","sourceTitle":"Renewable Energy Power Plants, 1 MW or more","licence":"Open Government Licence - Canada","vintage":"201708"}},{"type":"Feature","geometry":{"type":"Point","coordinates":[-55.79975,47.99014]},"properties":{"id":"nacei-5383","kind":"plant","cat":"hydro","name":"Bay D'espoir","province":"Newfoundland and Labrador","place":"Victoria and White Bear River","mw":604,"renewMw":604,"totalMw":604,"hydroMw":604,"pumpedMw":0,"solarMw":0,"windMw":0,"geoMw":0,"bioMw":0,"tidalMw":0,"owner":"","operator":"Newfoundland Labrador Hydroelectric Corp (Nalcor Energy)","agency":"NL Hydro","period":"201708","sourceUrl":"https://open.canada.ca/data/en/dataset/490db619-ab58-4a2a-a245-2376ce1840de","sourceTitle":"Renewable Energy Power Plants, 1 MW or more","licence":"Open Government Licence - Canada","vintage":"201708"}},{"type":"Feature","geometry":{"type":"Point","coordinates":[-79.29301,44.25883]},"properties":{"id":"nacei-5384","kind":"plant","cat":"solar","name":"Beamlight","province":"Ontario","place":"Pefferlaw","mw":10,"renewMw":10,"totalMw":10,"hydroMw":0,"pumpedMw":0,"solarMw":10,"windMw":0,"geoMw":0,"bioMw":0,"tidalMw":0,"owner":"Beamlight LP","operator":"Beamlight LP","agency":"IESO","period":"201703","sourceUrl":"https://open.canada.ca/data/en/dataset/490db619-ab58-4a2a-a245-2376ce1840de","sourceTitle":"Renewable Energy Power Plants, 1 MW or more","licence":"Open Government Licence - Canada","vintage":"201703"}},{"type":"Feature","geometry":{"type":"Point","coordinates":[-120.42636,55.70413]},"properties":{"id":"nacei-5385","kind":"plant","cat":"wind","name":"Bear Mountain","province":"British Columbia","place":"Dawson Creek","mw":102,"renewMw":102,"totalMw":102,"hydroMw":0,"pumpedMw":0,"solarMw":0,"windMw":102,"geoMw":0,"bioMw":0,"tidalMw":0,"owner":"Bear Mountain Wind LP","operator":"AltaGas Ltd","agency":"CanWEA","period":"201612","sourceUrl":"https://open.canada.ca/data/en/dataset/490db619-ab58-4a2a-a245-2376ce1840de","sourceTitle":"Renewable Energy Power Plants, 1 MW or more","licence":"Open Government Licence - Canada","vintage":"201612"}},{"type":"Feature","geometry":{"type":"Point","coordinates":[-79.1639,43.82333]},"properties":{"id":"nacei-5386","kind":"plant","cat":"biomass","name":"Beare Road LFG","province":"Ontario","place":"Toronto","mw":5,"renewMw":5,"totalMw":5,"hydroMw":0,"pumpedMw":0,"solarMw":0,"windMw":0,"geoMw":0,"bioMw":5,"tidalMw":0,"owner":"E. S. Fox Ltd","operator":"E. S. Fox Ltd","agency":"ESFox","period":"2016","sourceUrl":"https://open.canada.ca/data/en/dataset/490db619-ab58-4a2a-a245-2376ce1840de","sourceTitle":"Renewable Energy Power Plants, 1 MW or more","licence":"Open Government Licence - Canada","vintage":"2016"}},{"type":"Feature","geometry":{"type":"Point","coordinates":[-79.3356,47.28475]},"properties":{"id":"nacei-5387","kind":"plant","cat":"biomass","name":"Béarn Sawmill","province":"Québec","place":"Béarn","mw":7,"renewMw":7,"totalMw":7,"hydroMw":0,"pumpedMw":0,"solarMw":0,"windMw":0,"geoMw":0,"bioMw":7,"tidalMw":0,"owner":"","operator":"Tembec Inc","agency":"Tembec","period":"201206","sourceUrl":"https://open.canada.ca/data/en/dataset/490db619-ab58-4a2a-a245-2376ce1840de","sourceTitle":"Renewable Energy Power Plants, 1 MW or more","licence":"Open Government Licence - Canada","vintage":"201206"}},{"type":"Feature","geometry":{"type":"Point","coordinates":[-114.28232,51.10123]},"properties":{"id":"nacei-5388","kind":"plant","cat":"hydro","name":"Bearspaw","province":"Alberta","place":"Calgary","mw":17,"renewMw":17,"totalMw":17,"hydroMw":17,"pumpedMw":0,"solarMw":0,"windMw":0,"geoMw":0,"bioMw":0,"tidalMw":0,"owner":"TransAlta (100%)","operator":"TransAlta (100%)","agency":"TransAlta","period":"201708","sourceUrl":"https://open.canada.ca/data/en/dataset/490db619-ab58-4a2a-a245-2376ce1840de","sourceTitle":"Renewable Energy Power Plants, 1 MW or more","licence":"Open Government Licence - Canada","vintage":"201708"}},{"type":"Feature","geometry":{"type":"Point","coordinates":[-73.90875,45.31407]},"properties":{"id":"nacei-5389","kind":"plant","cat":"hydro","name":"Beauharnois","province":"Québec","place":"Fleuve Saint-Laurent","mw":1877,"renewMw":1877,"totalMw":1877,"hydroMw":1877,"pumpedMw":0,"solarMw":0,"windMw":0,"geoMw":0,"bioMw":0,"tidalMw":0,"owner":"Hydro-Québec","operator":"Hydro-Québec","agency":"Hydro-Québec","period":"201708","sourceUrl":"https://open.canada.ca/data/en/dataset/490db619-ab58-4a2a-a245-2376ce1840de","sourceTitle":"Renewable Energy Power Plants, 1 MW or more","licence":"Open Government Licence - Canada","vintage":"201708"}},{"type":"Feature","geometry":{"type":"Point","coordinates":[-72.83615,47.55611]},"properties":{"id":"nacei-5390","kind":"plant","cat":"hydro","name":"Beaumont","province":"Québec","place":"Saint-Maurice","mw":270,"renewMw":270,"totalMw":270,"hydroMw":270,"pumpedMw":0,"solarMw":0,"windMw":0,"geoMw":0,"bioMw":0,"tidalMw":0,"owner":"Hydro-Québec","operator":"Hydro-Québec","agency":"Hydro-Québec","period":"201708","sourceUrl":"https://open.canada.ca/data/en/dataset/490db619-ab58-4a2a-a245-2376ce1840de","sourceTitle":"Renewable Energy Power Plants, 1 MW or more","licence":"Open Government Licence - Canada","vintage":"201708"}},{"type":"Feature","geometry":{"type":"Point","coordinates":[-84.66733,49.21054]},"properties":{"id":"nacei-5391","kind":"plant","cat":"biomass","name":"Becker Cogeneration","province":"Ontario","place":"Haig Township","mw":15,"renewMw":15,"totalMw":15,"hydroMw":0,"pumpedMw":0,"solarMw":0,"windMw":0,"geoMw":0,"bioMw":15,"tidalMw":0,"owner":"1721027 Ontario Inc O/A Becker Cogeneration Plant","operator":"1721027 Ontario Inc O/A Becker Cogeneration Plant","agency":"IESO","period":"201703","sourceUrl":"https://open.canada.ca/data/en/dataset/490db619-ab58-4a2a-a245-2376ce1840de","sourceTitle":"Renewable Energy Power Plants, 1 MW or more","licence":"Open Government Licence - Canada","vintage":"201703"}},{"type":"Feature","geometry":{"type":"Point","coordinates":[-67.66871,46.54282]},"properties":{"id":"nacei-5392","kind":"plant","cat":"hydro","name":"Beechwood","province":"New Brunswick","place":"Beechwood","mw":112,"renewMw":112,"totalMw":112,"hydroMw":112,"pumpedMw":0,"solarMw":0,"windMw":0,"geoMw":0,"bioMw":0,"tidalMw":0,"owner":"","operator":"NB Power Corp","agency":"NB Power","period":"201707","sourceUrl":"https://open.canada.ca/data/en/dataset/490db619-ab58-4a2a-a245-2376ce1840de","sourceTitle":"Renewable Energy Power Plants, 1 MW or more","licence":"Open Government Licence - Canada","vintage":"201707"}},{"type":"Feature","geometry":{"type":"Point","coordinates":[-71.80781,45.146]},"properties":{"id":"nacei-5393","kind":"plant","cat":"hydro","name":"Belding","province":"Québec","place":"Coaticook","mw":1.6,"renewMw":1.6,"totalMw":1.6,"hydroMw":1.6,"pumpedMw":0,"solarMw":0,"windMw":0,"geoMw":0,"bioMw":0,"tidalMw":0,"owner":"Ville de Coaticook","operator":"Ville de Coaticook","agency":"MERN","period":"201708","sourceUrl":"https://open.canada.ca/data/en/dataset/490db619-ab58-4a2a-a245-2376ce1840de","sourceTitle":"Renewable Energy Power Plants, 1 MW or more","licence":"Open Government Licence - Canada","vintage":"201708"}},{"type":"Feature","geometry":{"type":"Point","coordinates":[-71.73888,48.44173]},"properties":{"id":"nacei-5394","kind":"plant","cat":"hydro","name":"Belle-Rivière","province":"Québec","place":"La Belle Riviere","mw":1,"renewMw":1,"totalMw":1,"hydroMw":1,"pumpedMw":0,"solarMw":0,"windMw":0,"geoMw":0,"bioMw":0,"tidalMw":0,"owner":"La Société d'Énergie Belle-Rivière Inc","operator":"La Société d'Énergie Belle-Rivière Inc","agency":"MERN","period":"201708","sourceUrl":"https://open.canada.ca/data/en/dataset/490db619-ab58-4a2a-a245-2376ce1840de","sourceTitle":"Renewable Energy Power Plants, 1 MW or more","licence":"Open Government Licence - Canada","vintage":"201708"}},{"type":"Feature","geometry":{"type":"Point","coordinates":[-78.55764,47.57392]},"properties":{"id":"nacei-5395","kind":"plant","cat":"hydro","name":"Belleterre","province":"Québec","place":"","mw":2.2,"renewMw":2.2,"totalMw":2.2,"hydroMw":2.2,"pumpedMw":0,"solarMw":0,"windMw":0,"geoMw":0,"bioMw":0,"tidalMw":0,"owner":"Algonquin Power","operator":"Algonquin Power","agency":"Algonquin Power","period":"201708","sourceUrl":"https://open.canada.ca/data/en/dataset/490db619-ab58-4a2a-a245-2376ce1840de","sourceTitle":"Renewable Energy Power Plants, 1 MW or more","licence":"Open Government Licence - Canada","vintage":"201708"}},{"type":"Feature","geometry":{"type":"Point","coordinates":[-77.25792,44.0652]},"properties":{"id":"nacei-5396","kind":"plant","cat":"solar","name":"Belleville TS Demorestville","province":"Ontario","place":"Demorestville","mw":10,"renewMw":10,"totalMw":10,"hydroMw":0,"pumpedMw":0,"solarMw":10,"windMw":0,"geoMw":0,"bioMw":0,"tidalMw":0,"owner":"Sune Demorestville LP","operator":"Sune Demorestville LP","agency":"IESO","period":"201703","sourceUrl":"https://open.canada.ca/data/en/dataset/490db619-ab58-4a2a-a245-2376ce1840de","sourceTitle":"Renewable Energy Power Plants, 1 MW or more","licence":"Open Government Licence - Canada","vintage":"201703"}},{"type":"Feature","geometry":{"type":"Point","coordinates":[-113.57431,49.31503]},"properties":{"id":"nacei-5397","kind":"plant","cat":"hydro","name":"Belly River","province":"Alberta","place":"Glenwood","mw":3,"renewMw":3,"totalMw":3,"hydroMw":3,"pumpedMw":0,"solarMw":0,"windMw":0,"geoMw":0,"bioMw":0,"tidalMw":0,"owner":"TransAlta (100%)","operator":"TransAlta (100%)","agency":"TransAlta","period":"201708","sourceUrl":"https://open.canada.ca/data/en/dataset/490db619-ab58-4a2a-a245-2376ce1840de","sourceTitle":"Renewable Energy Power Plants, 1 MW or more","licence":"Open Government Licence - Canada","vintage":"201708"}},{"type":"Feature","geometry":{"type":"Point","coordinates":[-81.11335,42.89133]},"properties":{"id":"nacei-5398","kind":"plant","cat":"solar","name":"Belmont","province":"Ontario","place":"","mw":20,"renewMw":20,"totalMw":20,"hydroMw":0,"pumpedMw":0,"solarMw":20,"windMw":0,"geoMw":0,"bioMw":0,"tidalMw":0,"owner":"Ge Energy Financial (90%) / Fiera Axium Infrastructure (10%)","operator":"Ge Energy Financial (90%) / Fiera Axium Infrastructure (10%)","agency":"Solar Industry Mag","period":"201312","sourceUrl":"https://open.canada.ca/data/en/dataset/490db619-ab58-4a2a-a245-2376ce1840de","sourceTitle":"Renewable Energy Power Plants, 1 MW or more","licence":"Open Government Licence - Canada","vintage":"201312"}},{"type":"Feature","geometry":{"type":"Point","coordinates":[-78.2873,44.22711]},"properties":{"id":"nacei-5399","kind":"plant","cat":"biomass","name":"Bensfort Road LFG","province":"Ontario","place":"Peterborough","mw":1.6,"renewMw":1.6,"totalMw":1.6,"hydroMw":0,"pumpedMw":0,"solarMw":0,"windMw":0,"geoMw":0,"bioMw":1.6,"tidalMw":0,"owner":"Lfg Power Corp","operator":"Lfg Power Corp","agency":"IESO","period":"201703","sourceUrl":"https://open.canada.ca/data/en/dataset/490db619-ab58-4a2a-a245-2376ce1840de","sourceTitle":"Renewable Energy Power Plants, 1 MW or more","licence":"Open Government Licence - Canada","vintage":"201703"}},{"type":"Feature","geometry":{"type":"Point","coordinates":[-69.55139,49.29469]},"properties":{"id":"nacei-5400","kind":"plant","cat":"hydro","name":"Bersimis-1","province":"Québec","place":"Betsiamites","mw":1178,"renewMw":1178,"totalMw":1178,"hydroMw":1178,"pumpedMw":0,"solarMw":0,"windMw":0,"geoMw":0,"bioMw":0,"tidalMw":0,"owner":"Hydro-Québec","operator":"Hydro-Québec","agency":"Hydro-Québec","period":"201708","sourceUrl":"https://open.canada.ca/data/en/dataset/490db619-ab58-4a2a-a245-2376ce1840de","sourceTitle":"Renewable Energy Power Plants, 1 MW or more","licence":"Open Government Licence - Canada","vintage":"201708"}},{"type":"Feature","geometry":{"type":"Point","coordinates":[-69.22632,49.17539]},"properties":{"id":"nacei-5401","kind":"plant","cat":"hydro","name":"Bersimis-2","province":"Québec","place":"Betsiamites","mw":869,"renewMw":869,"totalMw":869,"hydroMw":869,"pumpedMw":0,"solarMw":0,"windMw":0,"geoMw":0,"bioMw":0,"tidalMw":0,"owner":"Hydro-Québec","operator":"Hydro-Québec","agency":"Hydro-Québec","period":"201708","sourceUrl":"https://open.canada.ca/data/en/dataset/490db619-ab58-4a2a-a245-2376ce1840de","sourceTitle":"Renewable Energy Power Plants, 1 MW or more","licence":"Open Government Licence - Canada","vintage":"201708"}},{"type":"Feature","geometry":{"type":"Point","coordinates":[-71.2467,48.44029]},"properties":{"id":"nacei-5402","kind":"plant","cat":"hydro","name":"Bésy","province":"Québec","place":"Saguenay","mw":18.4,"renewMw":18.4,"totalMw":18.4,"hydroMw":18.4,"pumpedMw":0,"solarMw":0,"windMw":0,"geoMw":0,"bioMw":0,"tidalMw":0,"owner":"Hydro Saguenay","operator":"Hydro Saguenay","agency":"MERN","period":"201708","sourceUrl":"https://open.canada.ca/data/en/dataset/490db619-ab58-4a2a-a245-2376ce1840de","sourceTitle":"Renewable Energy Power Plants, 1 MW or more","licence":"Open Government Licence - Canada","vintage":"201708"}},{"type":"Feature","geometry":{"type":"Point","coordinates":[-82.52726,49.29978]},"properties":{"id":"nacei-5403","kind":"plant","cat":"hydro","name":"Big Beaver Falls","province":"Ontario","place":"Kapuskasing","mw":5.5,"renewMw":5.5,"totalMw":5.5,"hydroMw":5.5,"pumpedMw":0,"solarMw":0,"windMw":0,"geoMw":0,"bioMw":0,"tidalMw":0,"owner":"Amik-Bbf Hydrokap LP","operator":"Amik-Bbf Hydrokap LP","agency":"IESO","period":"201703","sourceUrl":"https://open.canada.ca/data/en/dataset/490db619-ab58-4a2a-a245-2376ce1840de","sourceTitle":"Renewable Energy Power Plants, 1 MW or more","licence":"Open Government Licence - Canada","vintage":"201703"}},{"type":"Feature","geometry":{"type":"Point","coordinates":[-79.67606,44.88435]},"properties":{"id":"nacei-5404","kind":"plant","cat":"hydro","name":"Big Chute","province":"Ontario","place":"Severn Bridge","mw":10,"renewMw":10,"totalMw":10,"hydroMw":10,"pumpedMw":0,"solarMw":0,"windMw":0,"geoMw":0,"bioMw":0,"tidalMw":0,"owner":"","operator":"Ontario Power Generation Inc","agency":"OPG","period":"201708","sourceUrl":"https://open.canada.ca/data/en/dataset/490db619-ab58-4a2a-a245-2376ce1840de","sourceTitle":"Renewable Energy Power Plants, 1 MW or more","licence":"Open Government Licence - Canada","vintage":"201708"}},{"type":"Feature","geometry":{"type":"Point","coordinates":[-79.75295,45.02055]},"properties":{"id":"nacei-5405","kind":"plant","cat":"hydro","name":"Big Eddy","province":"Ontario","place":"Bala","mw":8,"renewMw":8,"totalMw":8,"hydroMw":8,"pumpedMw":0,"solarMw":0,"windMw":0,"geoMw":0,"bioMw":0,"tidalMw":0,"owner":"","operator":"Ontario Power Generation Inc","agency":"OPG","period":"201708","sourceUrl":"https://open.canada.ca/data/en/dataset/490db619-ab58-4a2a-a245-2376ce1840de","sourceTitle":"Renewable Energy Power Plants, 1 MW or more","licence":"Open Government Licence - Canada","vintage":"201708"}},{"type":"Feature","geometry":{"type":"Point","coordinates":[-81.57807,46.38391]},"properties":{"id":"nacei-5406","kind":"plant","cat":"hydro","name":"Big Eddy Inco","province":"Ontario","place":"Worthington","mw":27.6,"renewMw":27.6,"totalMw":27.6,"hydroMw":27.6,"pumpedMw":0,"solarMw":0,"windMw":0,"geoMw":0,"bioMw":0,"tidalMw":0,"owner":"Vale Canada Limited/Vale Canada Limi","operator":"Vale Canada Limited / Vale Canada Limi","agency":"Statistics Canada","period":"2000","sourceUrl":"https://open.canada.ca/data/en/dataset/490db619-ab58-4a2a-a245-2376ce1840de","sourceTitle":"Renewable Energy Power Plants, 1 MW or more","licence":"Open Government Licence - Canada","vintage":"2000"}},{"type":"Feature","geometry":{"type":"Point","coordinates":[-64.93534,44.13797]},"properties":{"id":"nacei-5407","kind":"plant","cat":"hydro","name":"Big Falls","province":"Nova Scotia","place":"Mersey River","mw":10.6,"renewMw":10.6,"totalMw":10.6,"hydroMw":10.6,"pumpedMw":0,"solarMw":0,"windMw":0,"geoMw":0,"bioMw":0,"tidalMw":0,"owner":"","operator":"Nova Scotia Power Inc","agency":"Statistics Canada","period":"2000","sourceUrl":"https://open.canada.ca/data/en/dataset/490db619-ab58-4a2a-a245-2376ce1840de","sourceTitle":"Renewable Energy Power Plants, 1 MW or more","licence":"Open Government Licence - Canada","vintage":"2000"}},{"type":"Feature","geometry":{"type":"Point","coordinates":[-121.85911,49.69305]},"properties":{"id":"nacei-5408","kind":"plant","cat":"hydro","name":"Big Silver Creek","province":"British Columbia","place":"Fraser Valley","mw":40.6,"renewMw":40.6,"totalMw":40.6,"hydroMw":40.6,"pumpedMw":0,"solarMw":0,"windMw":0,"geoMw":0,"bioMw":0,"tidalMw":0,"owner":"Innergex Inc","operator":"Innergex Inc","agency":"Innergex","period":"201708","sourceUrl":"https://open.canada.ca/data/en/dataset/490db619-ab58-4a2a-a245-2376ce1840de","sourceTitle":"Renewable Energy Power Plants, 1 MW or more","licence":"Open Government Licence - Canada","vintage":"201708"}},{"type":"Feature","geometry":{"type":"Point","coordinates":[-116.32445,52.30811]},"properties":{"id":"nacei-5409","kind":"plant","cat":"hydro","name":"Bighorn","province":"Alberta","place":"Nordegg","mw":120,"renewMw":120,"totalMw":120,"hydroMw":120,"pumpedMw":0,"solarMw":0,"windMw":0,"geoMw":0,"bioMw":0,"tidalMw":0,"owner":"TransAlta (100%)","operator":"TransAlta (100%)","agency":"TransAlta","period":"201708","sourceUrl":"https://open.canada.ca/data/en/dataset/490db619-ab58-4a2a-a245-2376ce1840de","sourceTitle":"Renewable Energy Power Plants, 1 MW or more","licence":"Open Government Licence - Canada","vintage":"201708"}},{"type":"Feature","geometry":{"type":"Point","coordinates":[-79.39676,46.07606]},"properties":{"id":"nacei-5410","kind":"plant","cat":"hydro","name":"Bingham Chute","province":"Ontario","place":"South River","mw":1,"renewMw":1,"totalMw":1,"hydroMw":1,"pumpedMw":0,"solarMw":0,"windMw":0,"geoMw":0,"bioMw":0,"tidalMw":0,"owner":"","operator":"Ontario Power Generation Inc","agency":"OPG","period":"201708","sourceUrl":"https://open.canada.ca/data/en/dataset/490db619-ab58-4a2a-a245-2376ce1840de","sourceTitle":"Renewable Energy Power Plants, 1 MW or more","licence":"Open Government Licence - Canada","vintage":"201708"}},{"type":"Feature","geometry":{"type":"Point","coordinates":[-71.71041,46.74888]},"properties":{"id":"nacei-5411","kind":"plant","cat":"hydro","name":"Bird-1-2","province":"Québec","place":"Pont Rouge","mw":4.8,"renewMw":4.8,"totalMw":4.8,"hydroMw":4.8,"pumpedMw":0,"solarMw":0,"windMw":0,"geoMw":0,"bioMw":0,"tidalMw":0,"owner":"Fiducie R.S.P. Hydro Inc/ Boralex Inc","operator":"Fiducie R.S.P. Hydro Inc/ Boralex Inc","agency":"MERN","period":"201708","sourceUrl":"https://open.canada.ca/data/en/dataset/490db619-ab58-4a2a-a245-2376ce1840de","sourceTitle":"Renewable Energy Power Plants, 1 MW or more","licence":"Open Government Licence - Canada","vintage":"201708"}},{"type":"Feature","geometry":{"type":"Point","coordinates":[-55.47217,49.01536]},"properties":{"id":"nacei-5412","kind":"plant","cat":"hydro","name":"Bishops Falls","province":"Newfoundland and Labrador","place":"Exploits River","mw":14.4,"renewMw":14.4,"totalMw":14.4,"hydroMw":14.4,"pumpedMw":0,"solarMw":0,"windMw":0,"geoMw":0,"bioMw":0,"tidalMw":0,"owner":"","operator":"Newfoundland Labrador Hydroelectric Corp (Nalcor Energy)","agency":"Statistics Canada","period":"2000","sourceUrl":"https://open.canada.ca/data/en/dataset/490db619-ab58-4a2a-a245-2376ce1840de","sourceTitle":"Renewable Energy Power Plants, 1 MW or more","licence":"Open Government Licence - Canada","vintage":"2000"}},{"type":"Feature","geometry":{"type":"Point","coordinates":[-81.99175,42.27873]},"properties":{"id":"nacei-5413","kind":"plant","cat":"wind","name":"Bisnett Line","province":"Ontario","place":"","mw":9,"renewMw":9,"totalMw":9,"hydroMw":0,"pumpedMw":0,"solarMw":0,"windMw":9,"geoMw":0,"bioMw":0,"tidalMw":0,"owner":"Gengrowth","operator":"","agency":"NRCan","period":"201601","sourceUrl":"https://open.canada.ca/data/en/dataset/490db619-ab58-4a2a-a245-2376ce1840de","sourceTitle":"Renewable Energy Power Plants, 1 MW or more","licence":"Open Government Licence - Canada","vintage":"201601"}},{"type":"Feature","geometry":{"type":"Point","coordinates":[-88.31407,48.9428]},"properties":{"id":"nacei-5414","kind":"plant","cat":"solar","name":"Black Bay 2","province":"Ontario","place":"Red Rock","mw":1,"renewMw":1,"totalMw":1,"hydroMw":0,"pumpedMw":0,"solarMw":1,"windMw":0,"geoMw":0,"bioMw":0,"tidalMw":0,"owner":"2397995 Ontario Inc","operator":"2397995 Ontario Inc","agency":"IESO","period":"201703","sourceUrl":"https://open.canada.ca/data/en/dataset/490db619-ab58-4a2a-a245-2376ce1840de","sourceTitle":"Renewable Energy Power Plants, 1 MW or more","licence":"Open Government Licence - Canada","vintage":"201703"}},{"type":"Feature","geometry":{"type":"Point","coordinates":[-66.02035,43.75163]},"properties":{"id":"nacei-5415","kind":"plant","cat":"wind","name":"Black Pond","province":"Nova Scotia","place":"","mw":2,"renewMw":2,"totalMw":2,"hydroMw":0,"pumpedMw":0,"solarMw":0,"windMw":2,"geoMw":0,"bioMw":0,"tidalMw":0,"owner":"","operator":"","agency":"CanWEA","period":"201612","sourceUrl":"https://open.canada.ca/data/en/dataset/490db619-ab58-4a2a-a245-2376ce1840de","sourceTitle":"Renewable Energy Power Plants, 1 MW or more","licence":"Open Government Licence - Canada","vintage":"201612"}},{"type":"Feature","geometry":{"type":"Point","coordinates":[-112.82264,50.15249]},"properties":{"id":"nacei-5416","kind":"plant","cat":"wind","name":"Blackspring Ridge","province":"Alberta","place":"Carmangay","mw":298.8,"renewMw":298.8,"totalMw":298.8,"hydroMw":0,"pumpedMw":0,"solarMw":0,"windMw":298.8,"geoMw":0,"bioMw":0,"tidalMw":0,"owner":"EDF/Enbridge","operator":"EDF/Enbridge","agency":"CanWEA","period":"201612","sourceUrl":"https://open.canada.ca/data/en/dataset/490db619-ab58-4a2a-a245-2376ce1840de","sourceTitle":"Renewable Energy Power Plants, 1 MW or more","licence":"Open Government Licence - Canada","vintage":"201612"}},{"type":"Feature","geometry":{"type":"Point","coordinates":[-113.45216,49.66867]},"properties":{"id":"nacei-5417","kind":"plant","cat":"wind","name":"Blue Trail","province":"Alberta","place":"Fort Macleod","mw":66,"renewMw":66,"totalMw":66,"hydroMw":0,"pumpedMw":0,"solarMw":0,"windMw":66,"geoMw":0,"bioMw":0,"tidalMw":0,"owner":"TransAlta","operator":"TransAlta","agency":"CanWEA","period":"201612","sourceUrl":"https://open.canada.ca/data/en/dataset/490db619-ab58-4a2a-a245-2376ce1840de","sourceTitle":"Renewable Energy Power Plants, 1 MW or more","licence":"Open Government Licence - Canada","vintage":"201612"}},{"type":"Feature","geometry":{"type":"Point","coordinates":[-76.92509,44.20442]},"properties":{"id":"nacei-5418","kind":"plant","cat":"solar","name":"Bluearth Little Creek","province":"Ontario","place":"","mw":8.5,"renewMw":8.5,"totalMw":8.5,"hydroMw":0,"pumpedMw":0,"solarMw":8.5,"windMw":0,"geoMw":0,"bioMw":0,"tidalMw":0,"owner":"Bluearth Renewables Inc","operator":"","agency":"BluEarth Renewables Inc","period":"201601","sourceUrl":"https://open.canada.ca/data/en/dataset/490db619-ab58-4a2a-a245-2376ce1840de","sourceTitle":"Renewable Energy Power Plants, 1 MW or more","licence":"Open Government Licence - Canada","vintage":"201601"}},{"type":"Feature","geometry":{"type":"Point","coordinates":[-114.26153,62.67177]},"properties":{"id":"nacei-5419","kind":"plant","cat":"hydro","name":"Bluefish","province":"Northwest Territories","place":"Yellowknife River","mw":7.5,"renewMw":7.5,"totalMw":7.5,"hydroMw":7.5,"pumpedMw":0,"solarMw":0,"windMw":0,"geoMw":0,"bioMw":0,"tidalMw":0,"owner":"","operator":"Northwest Territories Power Corp","agency":"NTPC","period":"2016","sourceUrl":"https://open.canada.ca/data/en/dataset/490db619-ab58-4a2a-a245-2376ce1840de","sourceTitle":"Renewable Energy Power Plants, 1 MW or more","licence":"Open Government Licence - Canada","vintage":"2016"}},{"type":"Feature","geometry":{"type":"Point","coordinates":[-81.62816,43.48464]},"properties":{"id":"nacei-5420","kind":"plant","cat":"wind","name":"Bluewater","province":"Ontario","place":"Zurich","mw":59.2,"renewMw":59.2,"totalMw":59.2,"hydroMw":0,"pumpedMw":0,"solarMw":0,"windMw":59.2,"geoMw":0,"bioMw":0,"tidalMw":0,"owner":"Varna Wind, LP","operator":"Varna Wind, LP","agency":"CanWEA","period":"201612","sourceUrl":"https://open.canada.ca/data/en/dataset/490db619-ab58-4a2a-a245-2376ce1840de","sourceTitle":"Renewable Energy Power Plants, 1 MW or more","licence":"Open Government Licence - Canada","vintage":"201612"}},{"type":"Feature","geometry":{"type":"Point","coordinates":[-119.18083,52.25533]},"properties":{"id":"nacei-5421","kind":"plant","cat":"hydro","name":"Bone Creek","province":"British Columbia","place":"Valemount","mw":19,"renewMw":19,"totalMw":19,"hydroMw":19,"pumpedMw":0,"solarMw":0,"windMw":0,"geoMw":0,"bioMw":0,"tidalMw":0,"owner":"TransAlta (100%)","operator":"TransAlta","agency":"TransAlta","period":"201708","sourceUrl":"https://open.canada.ca/data/en/dataset/490db619-ab58-4a2a-a245-2376ce1840de","sourceTitle":"Renewable Energy Power Plants, 1 MW or more","licence":"Open Government Licence - Canada","vintage":"201708"}},{"type":"Feature","geometry":{"type":"Point","coordinates":[-117.48541,49.4582]},"properties":{"id":"nacei-5422","kind":"plant","cat":"hydro","name":"Bonnington Falls","province":"British Columbia","place":"Kootenay River","mw":16.2,"renewMw":16.2,"totalMw":16.2,"hydroMw":16.2,"pumpedMw":0,"solarMw":0,"windMw":0,"geoMw":0,"bioMw":0,"tidalMw":0,"owner":"Nelson Hydro","operator":"Corporation of the City of Nelson","agency":"Nelson","period":"2012","sourceUrl":"https://open.canada.ca/data/en/dataset/490db619-ab58-4a2a-a245-2376ce1840de","sourceTitle":"Renewable Energy Power Plants, 1 MW or more","licence":"Open Government Licence - Canada","vintage":"2012"}},{"type":"Feature","geometry":{"type":"Point","coordinates":[-81.7024,43.11279]},"properties":{"id":"nacei-5423","kind":"plant","cat":"wind","name":"Bornish","province":"Ontario","place":"Kerwood","mw":72.9,"renewMw":72.9,"totalMw":72.9,"hydroMw":0,"pumpedMw":0,"solarMw":0,"windMw":72.9,"geoMw":0,"bioMw":0,"tidalMw":0,"owner":"Bornish Wind, LP","operator":"Bornish Wind, LP","agency":"CanWEA","period":"201612","sourceUrl":"https://open.canada.ca/data/en/dataset/490db619-ab58-4a2a-a245-2376ce1840de","sourceTitle":"Renewable Energy Power Plants, 1 MW or more","licence":"Open Government Licence - Canada","vintage":"201612"}},{"type":"Feature","geometry":{"type":"Point","coordinates":[-121.45848,49.81134]},"properties":{"id":"nacei-5424","kind":"plant","cat":"hydro","name":"Boston Bar","province":"British Columbia","place":"Scuzzy Creek","mw":9,"renewMw":9,"totalMw":9,"hydroMw":9,"pumpedMw":0,"solarMw":0,"windMw":0,"geoMw":0,"bioMw":0,"tidalMw":0,"owner":"Boston Bar LP","operator":"Boston Bar LP","agency":"BC Hydro IPP supply","period":"201704","sourceUrl":"https://open.canada.ca/data/en/dataset/490db619-ab58-4a2a-a245-2376ce1840de","sourceTitle":"Renewable Energy Power Plants, 1 MW or more","licence":"Open Government Licence - Canada","vintage":"201704"}},{"type":"Feature","geometry":{"type":"Point","coordinates":[-84.52347,47.22141]},"properties":{"id":"nacei-5425","kind":"plant","cat":"wind","name":"Bow Lake","province":"Ontario","place":"Montreal River Harbour","mw":58.3,"renewMw":58.3,"totalMw":58.3,"hydroMw":0,"pumpedMw":0,"solarMw":0,"windMw":58.3,"geoMw":0,"bioMw":0,"tidalMw":0,"owner":"Nodin Kitagan LP","operator":"Nodin Kitagan LP","agency":"CanWEA","period":"201612","sourceUrl":"https://open.canada.ca/data/en/dataset/490db619-ab58-4a2a-a245-2376ce1840de","sourceTitle":"Renewable Energy Power Plants, 1 MW or more","licence":"Open Government Licence - Canada","vintage":"201612"}},{"type":"Feature","geometry":{"type":"Point","coordinates":[-110.72757,50.10043]},"properties":{"id":"nacei-5426","kind":"plant","cat":"wind","name":"Box Springs","province":"Alberta","place":"Medicine Hat","mw":6,"renewMw":6,"totalMw":6,"hydroMw":0,"pumpedMw":0,"solarMw":0,"windMw":6,"geoMw":0,"bioMw":0,"tidalMw":0,"owner":"","operator":"","agency":"CanWEA","period":"201612","sourceUrl":"https://open.canada.ca/data/en/dataset/490db619-ab58-4a2a-a245-2376ce1840de","sourceTitle":"Renewable Energy Power Plants, 1 MW or more","licence":"Open Government Licence - Canada","vintage":"201612"}},{"type":"Feature","geometry":{"type":"Point","coordinates":[-79.3086,45.03877]},"properties":{"id":"nacei-5427","kind":"plant","cat":"hydro","name":"Bracebridge Falls","province":"Ontario","place":"Bracebridge","mw":1.9,"renewMw":1.9,"totalMw":1.9,"hydroMw":1.9,"pumpedMw":0,"solarMw":0,"windMw":0,"geoMw":0,"bioMw":0,"tidalMw":0,"owner":"Bracebridge Generation Limited","operator":"Bracebridge Generation Ltd","agency":"IESO","period":"201703","sourceUrl":"https://open.canada.ca/data/en/dataset/490db619-ab58-4a2a-a245-2376ce1840de","sourceTitle":"Renewable Energy Power Plants, 1 MW or more","licence":"Open Government Licence - Canada","vintage":"201703"}},{"type":"Feature","geometry":{"type":"Point","coordinates":[-79.68247,43.69696]},"properties":{"id":"nacei-5428","kind":"plant","cat":"biomass","name":"Brampton Biomass","province":"Ontario","place":"Brampton","mw":15.1,"renewMw":15.1,"totalMw":15.1,"hydroMw":0,"pumpedMw":0,"solarMw":0,"windMw":0,"geoMw":0,"bioMw":15.1,"tidalMw":0,"owner":"","operator":"Algonquin Power Corp","agency":"Wikipedia","period":"201512","sourceUrl":"https://open.canada.ca/data/en/dataset/490db619-ab58-4a2a-a245-2376ce1840de","sourceTitle":"Renewable Energy Power Plants, 1 MW or more","licence":"Open Government Licence - Canada","vintage":"201512"}},{"type":"Feature","geometry":{"type":"Point","coordinates":[-123.1312,50.05795]},"properties":{"id":"nacei-5429","kind":"plant","cat":"hydro","name":"Brandywine Creek","province":"British Columbia","place":"","mw":8,"renewMw":8,"totalMw":8,"hydroMw":8,"pumpedMw":0,"solarMw":0,"windMw":0,"geoMw":0,"bioMw":0,"tidalMw":0,"owner":"Run of River Power","operator":"","agency":"BC Hydro IPP supply","period":"201704","sourceUrl":"https://open.canada.ca/data/en/dataset/490db619-ab58-4a2a-a245-2376ce1840de","sourceTitle":"Renewable Energy Power Plants, 1 MW or more","licence":"Open Government Licence - Canada","vintage":"201704"}},{"type":"Feature","geometry":{"type":"Point","coordinates":[-115.37539,52.91013]},"properties":{"id":"nacei-5430","kind":"plant","cat":"hydro","name":"Brazeau","province":"Alberta","place":"Drayton Valley","mw":355,"renewMw":355,"totalMw":355,"hydroMw":355,"pumpedMw":0,"solarMw":0,"windMw":0,"geoMw":0,"bioMw":0,"tidalMw":0,"owner":"TransAlta (100%)","operator":"TransAlta (100%)","agency":"TransAlta","period":"201708","sourceUrl":"https://open.canada.ca/data/en/dataset/490db619-ab58-4a2a-a245-2376ce1840de","sourceTitle":"Renewable Energy Power Plants, 1 MW or more","licence":"Open Government Licence - Canada","vintage":"201708"}},{"type":"Feature","geometry":{"type":"Point","coordinates":[-80.96044,42.98539]},"properties":{"id":"nacei-5431","kind":"plant","cat":"solar","name":"Breen 2","province":"Ontario","place":"Putnam","mw":10,"renewMw":10,"totalMw":10,"hydroMw":0,"pumpedMw":0,"solarMw":10,"windMw":0,"geoMw":0,"bioMw":0,"tidalMw":0,"owner":"Met Fiera Solar Breen 2 LP","operator":"Met Fiera Solar Breen 2 LP","agency":"IESO","period":"201703","sourceUrl":"https://open.canada.ca/data/en/dataset/490db619-ab58-4a2a-a245-2376ce1840de","sourceTitle":"Renewable Energy Power Plants, 1 MW or more","licence":"Open Government Licence - Canada","vintage":"201703"}},{"type":"Feature","geometry":{"type":"Point","coordinates":[-122.24004,50.72985]},"properties":{"id":"nacei-5432","kind":"plant","cat":"hydro","name":"Bridge River 1","province":"British Columbia","place":"Bridge River","mw":180,"renewMw":180,"totalMw":180,"hydroMw":180,"pumpedMw":0,"solarMw":0,"windMw":0,"geoMw":0,"bioMw":0,"tidalMw":0,"owner":"BC Hydro","operator":"BC Hydro","agency":"BC Hydro","period":"201708","sourceUrl":"https://open.canada.ca/data/en/dataset/490db619-ab58-4a2a-a245-2376ce1840de","sourceTitle":"Renewable Energy Power Plants, 1 MW or more","licence":"Open Government Licence - Canada","vintage":"201708"}},{"type":"Feature","geometry":{"type":"Point","coordinates":[-122.2434,50.72313]},"properties":{"id":"nacei-5433","kind":"plant","cat":"hydro","name":"Bridge River 2","province":"British Columbia","place":"Bridge River","mw":298,"renewMw":298,"totalMw":298,"hydroMw":298,"pumpedMw":0,"solarMw":0,"windMw":0,"geoMw":0,"bioMw":0,"tidalMw":0,"owner":"","operator":"","agency":"BC Hydro","period":"201708","sourceUrl":"https://open.canada.ca/data/en/dataset/490db619-ab58-4a2a-a245-2376ce1840de","sourceTitle":"Renewable Energy Power Plants, 1 MW or more","licence":"Open Government Licence - Canada","vintage":"201708"}},{"type":"Feature","geometry":{"type":"Point","coordinates":[-117.62065,49.32488]},"properties":{"id":"nacei-5434","kind":"plant","cat":"hydro","name":"Brilliant","province":"British Columbia","place":"Kootenay River","mw":140,"renewMw":140,"totalMw":140,"hydroMw":140,"pumpedMw":0,"solarMw":0,"windMw":0,"geoMw":0,"bioMw":0,"tidalMw":0,"owner":"Columbia Power (50%) / Columbia Basin Trust (50%)","operator":"FortisBC","agency":"Columbia Power","period":"201708","sourceUrl":"https://open.canada.ca/data/en/dataset/490db619-ab58-4a2a-a245-2376ce1840de","sourceTitle":"Renewable Energy Power Plants, 1 MW or more","licence":"Open Government Licence - Canada","vintage":"201708"}},{"type":"Feature","geometry":{"type":"Point","coordinates":[-117.61979,49.32312]},"properties":{"id":"nacei-5435","kind":"plant","cat":"hydro","name":"Brilliant Expansion 1","province":"British Columbia","place":"Castlegar","mw":120,"renewMw":120,"totalMw":120,"hydroMw":120,"pumpedMw":0,"solarMw":0,"windMw":0,"geoMw":0,"bioMw":0,"tidalMw":0,"owner":"Columbia Power (50%) / Columbia Basin Trust (50%)","operator":"FortisBC","agency":"Columbia Power","period":"201708","sourceUrl":"https://open.canada.ca/data/en/dataset/490db619-ab58-4a2a-a245-2376ce1840de","sourceTitle":"Renewable Energy Power Plants, 1 MW or more","licence":"Open Government Licence - Canada","vintage":"201708"}},{"type":"Feature","geometry":{"type":"Point","coordinates":[-70.51213,54.44907]},"properties":{"id":"nacei-5436","kind":"plant","cat":"hydro","name":"Brisay","province":"Québec","place":"La Grande","mw":469,"renewMw":469,"totalMw":469,"hydroMw":469,"pumpedMw":0,"solarMw":0,"windMw":0,"geoMw":0,"bioMw":0,"tidalMw":0,"owner":"Hydro-Québec","operator":"Hydro-Québec","agency":"Hydro-Québec","period":"201708","sourceUrl":"https://open.canada.ca/data/en/dataset/490db619-ab58-4a2a-a245-2376ce1840de","sourceTitle":"Renewable Energy Power Plants, 1 MW or more","licence":"Open Government Licence - Canada","vintage":"201708"}},{"type":"Feature","geometry":{"type":"Point","coordinates":[-79.69717,43.60673]},"properties":{"id":"nacei-5437","kind":"plant","cat":"biomass","name":"Britannia LFG","province":"Ontario","place":"Mississauga","mw":5.5,"renewMw":5.5,"totalMw":5.5,"hydroMw":0,"pumpedMw":0,"solarMw":0,"windMw":0,"geoMw":0,"bioMw":5.5,"tidalMw":0,"owner":"Region of Peel","operator":"","agency":"Integrated Resource Recovery I","period":"201304","sourceUrl":"https://open.canada.ca/data/en/dataset/490db619-ab58-4a2a-a245-2376ce1840de","sourceTitle":"Renewable Energy Power Plants, 1 MW or more","licence":"Open Government Licence - Canada","vintage":"201304"}},{"type":"Feature","geometry":{"type":"Point","coordinates":[-75.69819,44.63289]},"properties":{"id":"nacei-5438","kind":"plant","cat":"solar","name":"Brockville 1","province":"Ontario","place":"Brockville","mw":10,"renewMw":10,"totalMw":10,"hydroMw":0,"pumpedMw":0,"solarMw":10,"windMw":0,"geoMw":0,"bioMw":0,"tidalMw":0,"owner":"TransCanada Energy Ltd","operator":"TransCanada Energy Ltd","agency":"IESO","period":"201703","sourceUrl":"https://open.canada.ca/data/en/dataset/490db619-ab58-4a2a-a245-2376ce1840de","sourceTitle":"Renewable Energy Power Plants, 1 MW or more","licence":"Open Government Licence - Canada","vintage":"201703"}},{"type":"Feature","geometry":{"type":"Point","coordinates":[-75.80332,44.63014]},"properties":{"id":"nacei-5439","kind":"plant","cat":"solar","name":"Brockville 2","province":"Ontario","place":"Brockville","mw":9,"renewMw":9,"totalMw":9,"hydroMw":0,"pumpedMw":0,"solarMw":9,"windMw":0,"geoMw":0,"bioMw":0,"tidalMw":0,"owner":"TransCanada Energy Ltd","operator":"TransCanada Energy Ltd","agency":"IESO","period":"201703","sourceUrl":"https://open.canada.ca/data/en/dataset/490db619-ab58-4a2a-a245-2376ce1840de","sourceTitle":"Renewable Energy Power Plants, 1 MW or more","licence":"Open Government Licence - Canada","vintage":"201703"}},{"type":"Feature","geometry":{"type":"Point","coordinates":[-75.73537,44.59392]},"properties":{"id":"nacei-5440","kind":"plant","cat":"solar","name":"Brockville Solar","province":"Ontario","place":"Lyn","mw":10,"renewMw":10,"totalMw":10,"hydroMw":0,"pumpedMw":0,"solarMw":10,"windMw":0,"geoMw":0,"bioMw":0,"tidalMw":0,"owner":"Brockville Solar Inc","operator":"Brockville Solar Inc","agency":"IESO","period":"201703","sourceUrl":"https://open.canada.ca/data/en/dataset/490db619-ab58-4a2a-a245-2376ce1840de","sourceTitle":"Renewable Energy Power Plants, 1 MW or more","licence":"Open Government Licence - Canada","vintage":"201703"}},{"type":"Feature","geometry":{"type":"Point","coordinates":[-71.95242,45.48074]},"properties":{"id":"nacei-5441","kind":"plant","cat":"biomass","name":"Brompton Biomass Cogeneration","province":"Québec","place":"Bromptonville","mw":26,"renewMw":26,"totalMw":26,"hydroMw":0,"pumpedMw":0,"solarMw":0,"windMw":0,"geoMw":0,"bioMw":26,"tidalMw":0,"owner":"Kruger Energy","operator":"Kruger Energy","agency":"Hydro-Québec","period":"201708","sourceUrl":"https://open.canada.ca/data/en/dataset/490db619-ab58-4a2a-a245-2376ce1840de","sourceTitle":"Renewable Energy Power Plants, 1 MW or more","licence":"Open Government Licence - Canada","vintage":"201708"}},{"type":"Feature","geometry":{"type":"Point","coordinates":[-64.69561,44.05155]},"properties":{"id":"nacei-5442","kind":"plant","cat":"biomass","name":"Brooklyn Energy Centre","province":"Nova Scotia","place":"Brooklyn","mw":30,"renewMw":30,"totalMw":30,"hydroMw":0,"pumpedMw":0,"solarMw":0,"windMw":0,"geoMw":0,"bioMw":30,"tidalMw":0,"owner":"","operator":"Emera Energy","agency":"Emera","period":"201708","sourceUrl":"https://open.canada.ca/data/en/dataset/490db619-ab58-4a2a-a245-2376ce1840de","sourceTitle":"Renewable Energy Power Plants, 1 MW or more","licence":"Open Government Licence - Canada","vintage":"201708"}},{"type":"Feature","geometry":{"type":"Point","coordinates":[-129.84367,54.02725]},"properties":{"id":"nacei-5443","kind":"plant","cat":"hydro","name":"Brown Lake","province":"British Columbia","place":"Prince Rupert","mw":7.2,"renewMw":7.2,"totalMw":7.2,"hydroMw":7.2,"pumpedMw":0,"solarMw":0,"windMw":0,"geoMw":0,"bioMw":0,"tidalMw":0,"owner":"Innergex Inc","operator":"Innergex Inc","agency":"Innergex","period":"201708","sourceUrl":"https://open.canada.ca/data/en/dataset/490db619-ab58-4a2a-a245-2376ce1840de","sourceTitle":"Renewable Energy Power Plants, 1 MW or more","licence":"Open Government Licence - Canada","vintage":"201708"}},{"type":"Feature","geometry":{"type":"Point","coordinates":[-76.63182,45.66114]},"properties":{"id":"nacei-5444","kind":"plant","cat":"hydro","name":"Bryson","province":"Québec","place":"Outaouais","mw":56,"renewMw":56,"totalMw":56,"hydroMw":56,"pumpedMw":0,"solarMw":0,"windMw":0,"geoMw":0,"bioMw":0,"tidalMw":0,"owner":"Hydro-Québec","operator":"Hydro-Québec","agency":"Hydro-Québec","period":"201708","sourceUrl":"https://open.canada.ca/data/en/dataset/490db619-ab58-4a2a-a245-2376ce1840de","sourceTitle":"Renewable Energy Power Plants, 1 MW or more","licence":"Open Government Licence - Canada","vintage":"201708"}},{"type":"Feature","geometry":{"type":"Point","coordinates":[-56.83141,48.82201]},"properties":{"id":"nacei-5445","kind":"plant","cat":"hydro","name":"Buchans","province":"Newfoundland and Labrador","place":"Buchans Lake","mw":1.8,"renewMw":1.8,"totalMw":1.8,"hydroMw":1.8,"pumpedMw":0,"solarMw":0,"windMw":0,"geoMw":0,"bioMw":0,"tidalMw":0,"owner":"","operator":"","agency":"Statistics Canada","period":"2000","sourceUrl":"https://open.canada.ca/data/en/dataset/490db619-ab58-4a2a-a245-2376ce1840de","sourceTitle":"Renewable Energy Power Plants, 1 MW or more","licence":"Open Government Licence - Canada","vintage":"2000"}},{"type":"Feature","geometry":{"type":"Point","coordinates":[-75.42228,45.58949]},"properties":{"id":"nacei-5446","kind":"plant","cat":"hydro","name":"Buckingham","province":"Québec","place":"Buckingham","mw":11.2,"renewMw":11.2,"totalMw":11.2,"hydroMw":11.2,"pumpedMw":0,"solarMw":0,"windMw":0,"geoMw":0,"bioMw":0,"tidalMw":0,"owner":"Fiducie Boralex Énergie/Boralex Inc","operator":"Fiducie Boralex Énergie/Boralex Inc","agency":"MERN","period":"201708","sourceUrl":"https://open.canada.ca/data/en/dataset/490db619-ab58-4a2a-a245-2376ce1840de","sourceTitle":"Renewable Energy Power Plants, 1 MW or more","licence":"Open Government Licence - Canada","vintage":"201708"}},{"type":"Feature","geometry":{"type":"Point","coordinates":[-110.0831,52.50907]},"properties":{"id":"nacei-5447","kind":"plant","cat":"wind","name":"Bull Creek","province":"Alberta","place":"","mw":29.2,"renewMw":29.2,"totalMw":29.2,"hydroMw":0,"pumpedMw":0,"solarMw":0,"windMw":29.2,"geoMw":0,"bioMw":0,"tidalMw":0,"owner":"Bluearth Renewables","operator":"Bluearth Renewables","agency":"CanWEA","period":"201612","sourceUrl":"https://open.canada.ca/data/en/dataset/490db619-ab58-4a2a-a245-2376ce1840de","sourceTitle":"Renewable Energy Power Plants, 1 MW or more","licence":"Open Government Licence - Canada","vintage":"201612"}},{"type":"Feature","geometry":{"type":"Point","coordinates":[-79.41175,45.6198]},"properties":{"id":"nacei-5448","kind":"plant","cat":"hydro","name":"Burk's Falls","province":"Ontario","place":"Burks Falls","mw":1.1,"renewMw":1.1,"totalMw":1.1,"hydroMw":1.1,"pumpedMw":0,"solarMw":0,"windMw":0,"geoMw":0,"bioMw":0,"tidalMw":0,"owner":"Bracebridge Generation Limited","operator":"Bracebridge Generation Ltd","agency":"IESO","period":"201703","sourceUrl":"https://open.canada.ca/data/en/dataset/490db619-ab58-4a2a-a245-2376ce1840de","sourceTitle":"Renewable Energy Power Plants, 1 MW or more","licence":"Open Government Licence - Canada","vintage":"201703"}},{"type":"Feature","geometry":{"type":"Point","coordinates":[-123.01592,49.09774]},"properties":{"id":"nacei-5449","kind":"plant","cat":"biomass","name":"Burns Bog LFG","province":"British Columbia","place":"Delta","mw":8,"renewMw":8,"totalMw":8,"hydroMw":0,"pumpedMw":0,"solarMw":0,"windMw":0,"geoMw":0,"bioMw":8,"tidalMw":0,"owner":"VF Clean Energy","operator":"VF Clean Energy","agency":"BC Hydro IPP supply","period":"201704","sourceUrl":"https://open.canada.ca/data/en/dataset/490db619-ab58-4a2a-a245-2376ce1840de","sourceTitle":"Renewable Energy Power Plants, 1 MW or more","licence":"Open Government Licence - Canada","vintage":"201704"}},{"type":"Feature","geometry":{"type":"Point","coordinates":[-75.81977,44.97778]},"properties":{"id":"nacei-5450","kind":"plant","cat":"solar","name":"Burritts Rapids","province":"Ontario","place":"Merrickville","mw":7,"renewMw":7,"totalMw":7,"hydroMw":0,"pumpedMw":0,"solarMw":7,"windMw":0,"geoMw":0,"bioMw":0,"tidalMw":0,"owner":"TransCanada Energy Ltd","operator":"TransCanada Energy Ltd","agency":"IESO","period":"201703","sourceUrl":"https://open.canada.ca/data/en/dataset/490db619-ab58-4a2a-a245-2376ce1840de","sourceTitle":"Renewable Energy Power Plants, 1 MW or more","licence":"Open Government Licence - Canada","vintage":"201703"}},{"type":"Feature","geometry":{"type":"Point","coordinates":[-76.70872,45.30467]},"properties":{"id":"nacei-5451","kind":"plant","cat":"hydro","name":"Calabogie","province":"Ontario","place":"Calabogie","mw":5,"renewMw":5,"totalMw":5,"hydroMw":5,"pumpedMw":0,"solarMw":0,"windMw":0,"geoMw":0,"bioMw":0,"tidalMw":0,"owner":"","operator":"Ontario Power Generation Inc","agency":"OPG","period":"201708","sourceUrl":"https://open.canada.ca/data/en/dataset/490db619-ab58-4a2a-a245-2376ce1840de","sourceTitle":"Renewable Energy Power Plants, 1 MW or more","licence":"Open Government Licence - Canada","vintage":"201708"}},{"type":"Feature","geometry":{"type":"Point","coordinates":[-92.15401,48.79375]},"properties":{"id":"nacei-5452","kind":"plant","cat":"hydro","name":"Calm Lake","province":"Ontario","place":"Atikokan","mw":8.8,"renewMw":8.8,"totalMw":8.8,"hydroMw":8.8,"pumpedMw":0,"solarMw":0,"windMw":0,"geoMw":0,"bioMw":0,"tidalMw":0,"owner":"H2O Power LP","operator":"H2O Power LP","agency":"IESO","period":"201703","sourceUrl":"https://open.canada.ca/data/en/dataset/490db619-ab58-4a2a-a245-2376ce1840de","sourceTitle":"Renewable Energy Power Plants, 1 MW or more","licence":"Open Government Licence - Canada","vintage":"201703"}},{"type":"Feature","geometry":{"type":"Point","coordinates":[-84.07361,49.7456]},"properties":{"id":"nacei-5453","kind":"plant","cat":"biomass","name":"Calstock","province":"Ontario","place":"Hearst","mw":38,"renewMw":38,"totalMw":38,"hydroMw":0,"pumpedMw":0,"solarMw":0,"windMw":0,"geoMw":0,"bioMw":38,"tidalMw":0,"owner":"Atlantic Power Corp","operator":"","agency":"IESO Capability Report","period":"201708","sourceUrl":"https://open.canada.ca/data/en/dataset/490db619-ab58-4a2a-a245-2376ce1840de","sourceTitle":"Renewable Energy Power Plants, 1 MW or more","licence":"Open Government Licence - Canada","vintage":"201708"}},{"type":"Feature","geometry":{"type":"Point","coordinates":[-82.14928,46.28218]},"properties":{"id":"nacei-5454","kind":"plant","cat":"hydro","name":"Cameron Falls - BRP","province":"Ontario","place":"Webbwood","mw":4.2,"renewMw":4.2,"totalMw":4.2,"hydroMw":4.2,"pumpedMw":0,"solarMw":0,"windMw":0,"geoMw":0,"bioMw":0,"tidalMw":0,"owner":"","operator":"Brookfield Renewable Energy Partners","agency":"Brookfield Renewable","period":"201708","sourceUrl":"https://open.canada.ca/data/en/dataset/490db619-ab58-4a2a-a245-2376ce1840de","sourceTitle":"Renewable Energy Power Plants, 1 MW or more","licence":"Open Government Licence - Canada","vintage":"201708"}},{"type":"Feature","geometry":{"type":"Point","coordinates":[-88.34573,49.15357]},"properties":{"id":"nacei-5455","kind":"plant","cat":"hydro","name":"Cameron Falls - OPG","province":"Ontario","place":"Thunder Bay","mw":92,"renewMw":92,"totalMw":92,"hydroMw":92,"pumpedMw":0,"solarMw":0,"windMw":0,"geoMw":0,"bioMw":0,"tidalMw":0,"owner":"","operator":"Ontario Power Generation Inc","agency":"OPG","period":"201708","sourceUrl":"https://open.canada.ca/data/en/dataset/490db619-ab58-4a2a-a245-2376ce1840de","sourceTitle":"Renewable Energy Power Plants, 1 MW or more","licence":"Open Government Licence - Canada","vintage":"201708"}},{"type":"Feature","geometry":{"type":"Point","coordinates":[-82.53729,49.2964]},"properties":{"id":"nacei-5456","kind":"plant","cat":"hydro","name":"Camp Three Rapids","province":"Ontario","place":"Kapuskasing","mw":5.5,"renewMw":5.5,"totalMw":5.5,"hydroMw":5.5,"pumpedMw":0,"solarMw":0,"windMw":0,"geoMw":0,"bioMw":0,"tidalMw":0,"owner":"Amik-Ctr Hydrokap LP","operator":"Amik-Ctr Hydrokap LP","agency":"IESO","period":"201703","sourceUrl":"https://open.canada.ca/data/en/dataset/490db619-ab58-4a2a-a245-2376ce1840de","sourceTitle":"Renewable Energy Power Plants, 1 MW or more","licence":"Open Government Licence - Canada","vintage":"201703"}},{"type":"Feature","geometry":{"type":"Point","coordinates":[-77.77249,44.33514]},"properties":{"id":"nacei-5457","kind":"plant","cat":"hydro","name":"Campbellford","province":"Ontario","place":"Campbellford","mw":2,"renewMw":2,"totalMw":2,"hydroMw":2,"pumpedMw":0,"solarMw":0,"windMw":0,"geoMw":0,"bioMw":0,"tidalMw":0,"owner":"Campbellford-Seymour Electric Generation Inc","operator":"Algonquin Power","agency":"IESO","period":"201703","sourceUrl":"https://open.canada.ca/data/en/dataset/490db619-ab58-4a2a-a245-2376ce1840de","sourceTitle":"Renewable Energy Power Plants, 1 MW or more","licence":"Open Government Licence - Canada","vintage":"201703"}},{"type":"Feature","geometry":{"type":"Point","coordinates":[-52.93718,47.09586]},"properties":{"id":"nacei-5458","kind":"plant","cat":"hydro","name":"Cape Broyle","province":"Newfoundland and Labrador","place":"Horse Chops River","mw":6.3,"renewMw":6.3,"totalMw":6.3,"hydroMw":6.3,"pumpedMw":0,"solarMw":0,"windMw":0,"geoMw":0,"bioMw":0,"tidalMw":0,"owner":"","operator":"Newfoundland Light & Power Co Ltd","agency":"Government of Newfoundland and Labrador","period":"201409","sourceUrl":"https://open.canada.ca/data/en/dataset/490db619-ab58-4a2a-a245-2376ce1840de","sourceTitle":"Renewable Energy Power Plants, 1 MW or more","licence":"Open Government Licence - Canada","vintage":"201409"}},{"type":"Feature","geometry":{"type":"Point","coordinates":[-128.00329,50.78902]},"properties":{"id":"nacei-5459","kind":"plant","cat":"wind","name":"Cape Scott","province":"British Columbia","place":"Port Hardy","mw":99,"renewMw":99,"totalMw":99,"hydroMw":0,"pumpedMw":0,"solarMw":0,"windMw":99,"geoMw":0,"bioMw":0,"tidalMw":0,"owner":"Gdf Suez Canada (40%) / Mitsui (30%) / Fiera Axium (30%)","operator":"Gdf Suez Canada (40%) / Mitsui (30%) / Fiera Axium (30%)","agency":"CanWEA","period":"201612","sourceUrl":"https://open.canada.ca/data/en/dataset/490db619-ab58-4a2a-a245-2376ce1840de","sourceTitle":"Renewable Energy Power Plants, 1 MW or more","licence":"Open Government Licence - Canada","vintage":"201612"}},{"type":"Feature","geometry":{"type":"Point","coordinates":[-122.48527,52.99704]},"properties":{"id":"nacei-5460","kind":"plant","cat":"biomass","name":"Cariboo Pulp & Paper  Company","province":"British Columbia","place":"Quesnel","mw":61,"renewMw":61,"totalMw":61,"hydroMw":0,"pumpedMw":0,"solarMw":0,"windMw":0,"geoMw":0,"bioMw":61,"tidalMw":0,"owner":"Daishowa-Marubeni International Ltd (Dmi) & West Fraser Mills Ltd (50/50)","operator":"Caribou Pulp and Paper Company","agency":"BC Hydro IPP supply","period":"201704","sourceUrl":"https://open.canada.ca/data/en/dataset/490db619-ab58-4a2a-a245-2376ce1840de","sourceTitle":"Renewable Energy Power Plants, 1 MW or more","licence":"Open Government Licence - Canada","vintage":"201704"}},{"type":"Feature","geometry":{"type":"Point","coordinates":[-66.41351,47.50714]},"properties":{"id":"nacei-5461","kind":"plant","cat":"wind","name":"Caribou","province":"New Brunswick","place":"Restigouche","mw":99,"renewMw":99,"totalMw":99,"hydroMw":0,"pumpedMw":0,"solarMw":0,"windMw":99,"geoMw":0,"bioMw":0,"tidalMw":0,"owner":"","operator":"Gdf Suez","agency":"CanWEA","period":"201612","sourceUrl":"https://open.canada.ca/data/en/dataset/490db619-ab58-4a2a-a245-2376ce1840de","sourceTitle":"Renewable Energy Power Plants, 1 MW or more","licence":"Open Government Licence - Canada","vintage":"201612"}},{"type":"Feature","geometry":{"type":"Point","coordinates":[-94.97438,50.26247]},"properties":{"id":"nacei-5462","kind":"plant","cat":"hydro","name":"Caribou Falls","province":"Ontario","place":"Caribou Falls","mw":91,"renewMw":91,"totalMw":91,"hydroMw":91,"pumpedMw":0,"solarMw":0,"windMw":0,"geoMw":0,"bioMw":0,"tidalMw":0,"owner":"","operator":"Ontario Power Generation Inc","agency":"OPG","period":"201708","sourceUrl":"https://open.canada.ca/data/en/dataset/490db619-ab58-4a2a-a245-2376ce1840de","sourceTitle":"Renewable Energy Power Plants, 1 MW or more","licence":"Open Government Licence - Canada","vintage":"201708"}},{"type":"Feature","geometry":{"type":"Point","coordinates":[-74.38301,45.56865]},"properties":{"id":"nacei-5463","kind":"plant","cat":"hydro","name":"Carillon","province":"Québec","place":"Outaouais","mw":753,"renewMw":753,"totalMw":753,"hydroMw":753,"pumpedMw":0,"solarMw":0,"windMw":0,"geoMw":0,"bioMw":0,"tidalMw":0,"owner":"Hydro-Québec","operator":"Hydro-Québec","agency":"Hydro-Québec","period":"201708","sourceUrl":"https://open.canada.ca/data/en/dataset/490db619-ab58-4a2a-a245-2376ce1840de","sourceTitle":"Renewable Energy Power Plants, 1 MW or more","licence":"Open Government Licence - Canada","vintage":"201708"}},{"type":"Feature","geometry":{"type":"Point","coordinates":[-66.13897,48.20652]},"properties":{"id":"nacei-5464","kind":"plant","cat":"wind","name":"Carleton","province":"Québec","place":"Carleton-sur-Mer","mw":109.5,"renewMw":109.5,"totalMw":109.5,"hydroMw":0,"pumpedMw":0,"solarMw":0,"windMw":109.5,"geoMw":0,"bioMw":0,"tidalMw":0,"owner":"Innergex Inc (38%)","operator":"","agency":"CanWEA","period":"201612","sourceUrl":"https://open.canada.ca/data/en/dataset/490db619-ab58-4a2a-a245-2376ce1840de","sourceTitle":"Renewable Energy Power Plants, 1 MW or more","licence":"Open Government Licence - Canada","vintage":"201612"}},{"type":"Feature","geometry":{"type":"Point","coordinates":[-82.03083,49.14584]},"properties":{"id":"nacei-5465","kind":"plant","cat":"hydro","name":"Carmichael","province":"Ontario","place":"Fauquier-Strickland","mw":20,"renewMw":20,"totalMw":20,"hydroMw":20,"pumpedMw":0,"solarMw":0,"windMw":0,"geoMw":0,"bioMw":0,"tidalMw":0,"owner":"","operator":"Brookfield Renewable Energy Partners","agency":"IESO Capability Report","period":"201708","sourceUrl":"https://open.canada.ca/data/en/dataset/490db619-ab58-4a2a-a245-2376ce1840de","sourceTitle":"Renewable Energy Power Plants, 1 MW or more","licence":"Open Government Licence - Canada","vintage":"201708"}},{"type":"Feature","geometry":{"type":"Point","coordinates":[-115.50209,51.20019]},"properties":{"id":"nacei-5466","kind":"plant","cat":"hydro","name":"Cascade","province":"Alberta","place":"Banff","mw":36,"renewMw":36,"totalMw":36,"hydroMw":36,"pumpedMw":0,"solarMw":0,"windMw":0,"geoMw":0,"bioMw":0,"tidalMw":0,"owner":"TransAlta (100%)","operator":"TransAlta (100%)","agency":"TransAlta","period":"201708","sourceUrl":"https://open.canada.ca/data/en/dataset/490db619-ab58-4a2a-a245-2376ce1840de","sourceTitle":"Renewable Energy Power Plants, 1 MW or more","licence":"Open Government Licence - Canada","vintage":"201708"}},{"type":"Feature","geometry":{"type":"Point","coordinates":[-80.02673,45.35043]},"properties":{"id":"nacei-5467","kind":"plant","cat":"hydro","name":"Cascade Street","province":"Ontario","place":"Parry Sound","mw":1.2,"renewMw":1.2,"totalMw":1.2,"hydroMw":1.2,"pumpedMw":0,"solarMw":0,"windMw":0,"geoMw":0,"bioMw":0,"tidalMw":0,"owner":"Bracebridge Generation Limited","operator":"Parry Sound Powergen Corp","agency":"IESO","period":"201703","sourceUrl":"https://open.canada.ca/data/en/dataset/490db619-ab58-4a2a-a245-2376ce1840de","sourceTitle":"Renewable Energy Power Plants, 1 MW or more","licence":"Open Government Licence - Canada","vintage":"201703"}},{"type":"Feature","geometry":{"type":"Point","coordinates":[-114.02756,49.516]},"properties":{"id":"nacei-5468","kind":"plant","cat":"wind","name":"Castle River","province":"Alberta","place":"Pincher Creek","mw":39.5,"renewMw":39.5,"totalMw":39.5,"hydroMw":0,"pumpedMw":0,"solarMw":0,"windMw":39.5,"geoMw":0,"bioMw":0,"tidalMw":0,"owner":"Vision Quest (TransAlta)","operator":"Vision Quest (TransAlta)","agency":"CanWEA","period":"201612","sourceUrl":"https://open.canada.ca/data/en/dataset/490db619-ab58-4a2a-a245-2376ce1840de","sourceTitle":"Renewable Energy Power Plants, 1 MW or more","licence":"Open Government Licence - Canada","vintage":"201612"}},{"type":"Feature","geometry":{"type":"Point","coordinates":[-113.96295,49.55611]},"properties":{"id":"nacei-5469","kind":"plant","cat":"wind","name":"Castle Rock Ridge","province":"Alberta","place":"Pincher Creek","mw":75.9,"renewMw":75.9,"totalMw":75.9,"hydroMw":0,"pumpedMw":0,"solarMw":0,"windMw":75.9,"geoMw":0,"bioMw":0,"tidalMw":0,"owner":"Enel","operator":"Enel","agency":"CanWEA","period":"201612","sourceUrl":"https://open.canada.ca/data/en/dataset/490db619-ab58-4a2a-a245-2376ce1840de","sourceTitle":"Renewable Energy Power Plants, 1 MW or more","licence":"Open Government Licence - Canada","vintage":"201612"}},{"type":"Feature","geometry":{"type":"Point","coordinates":[-56.76496,50.02583]},"properties":{"id":"nacei-5470","kind":"plant","cat":"hydro","name":"Cat Arm","province":"Newfoundland and Labrador","place":"Cat Arm River","mw":127,"renewMw":127,"totalMw":127,"hydroMw":127,"pumpedMw":0,"solarMw":0,"windMw":0,"geoMw":0,"bioMw":0,"tidalMw":0,"owner":"","operator":"Newfoundland Labrador Hydroelectric Corp (Nalcor Energy)","agency":"NL Hydro","period":"201708","sourceUrl":"https://open.canada.ca/data/en/dataset/490db619-ab58-4a2a-a245-2376ce1840de","sourceTitle":"Renewable Energy Power Plants, 1 MW or more","licence":"Open Government Licence - Canada","vintage":"201708"}},{"type":"Feature","geometry":{"type":"Point","coordinates":[-123.65003,48.87571]},"properties":{"id":"nacei-5471","kind":"plant","cat":"biomass","name":"Catalyst Paper Crofton","province":"British Columbia","place":"Crofton","mw":38,"renewMw":38,"totalMw":38,"hydroMw":0,"pumpedMw":0,"solarMw":0,"windMw":0,"geoMw":0,"bioMw":38,"tidalMw":0,"owner":"","operator":"Catalyst Paper","agency":"BCH/ STC","period":"201512","sourceUrl":"https://open.canada.ca/data/en/dataset/490db619-ab58-4a2a-a245-2376ce1840de","sourceTitle":"Renewable Energy Power Plants, 1 MW or more","licence":"Open Government Licence - Canada","vintage":"201512"}},{"type":"Feature","geometry":{"type":"Point","coordinates":[-124.81119,49.24737]},"properties":{"id":"nacei-5472","kind":"plant","cat":"biomass","name":"Catalyst Paper Port Alberni","province":"British Columbia","place":"Port Alberni","mw":17,"renewMw":17,"totalMw":17,"hydroMw":0,"pumpedMw":0,"solarMw":0,"windMw":0,"geoMw":0,"bioMw":17,"tidalMw":0,"owner":"","operator":"Catalyst Paper","agency":"Statistics Canada","period":"2000","sourceUrl":"https://open.canada.ca/data/en/dataset/490db619-ab58-4a2a-a245-2376ce1840de","sourceTitle":"Renewable Energy Power Plants, 1 MW or more","licence":"Open Government Licence - Canada","vintage":"2000"}},{"type":"Feature","geometry":{"type":"Point","coordinates":[-82.05275,43.08279]},"properties":{"id":"nacei-5473","kind":"plant","cat":"wind","name":"Cedar Point","province":"Ontario","place":"Forest","mw":100,"renewMw":100,"totalMw":100,"hydroMw":0,"pumpedMw":0,"solarMw":0,"windMw":100,"geoMw":0,"bioMw":0,"tidalMw":0,"owner":"Cedar Point II LP","operator":"Cedar Point II LP","agency":"CanWEA","period":"201612","sourceUrl":"https://open.canada.ca/data/en/dataset/490db619-ab58-4a2a-a245-2376ce1840de","sourceTitle":"Renewable Energy Power Plants, 1 MW or more","licence":"Open Government Licence - Canada","vintage":"201612"}},{"type":"Feature","geometry":{"type":"Point","coordinates":[-123.89642,49.11839]},"properties":{"id":"nacei-5474","kind":"plant","cat":"biomass","name":"Cedar Road LFG","province":"British Columbia","place":"Nanaimo","mw":1.4,"renewMw":1.4,"totalMw":1.4,"hydroMw":0,"pumpedMw":0,"solarMw":0,"windMw":0,"geoMw":0,"bioMw":1.4,"tidalMw":0,"owner":"Cedar Road LFG Inc","operator":"Regional District of Nanaimo (Rdn)/ Cedar Road LFG Inc","agency":"BC Hydro IPP supply","period":"201704","sourceUrl":"https://open.canada.ca/data/en/dataset/490db619-ab58-4a2a-a245-2376ce1840de","sourceTitle":"Renewable Energy Power Plants, 1 MW or more","licence":"Open Government Licence - Canada","vintage":"201704"}},{"type":"Feature","geometry":{"type":"Point","coordinates":[-107.45787,50.16206]},"properties":{"id":"nacei-5475","kind":"plant","cat":"wind","name":"Centennial","province":"Saskatchewan","place":"Swift Current","mw":149.4,"renewMw":149.4,"totalMw":149.4,"hydroMw":0,"pumpedMw":0,"solarMw":0,"windMw":149.4,"geoMw":0,"bioMw":0,"tidalMw":0,"owner":"Saskatchewan Power Corp","operator":"Saskatchewan Power Corp","agency":"CanWEA","period":"201612","sourceUrl":"https://open.canada.ca/data/en/dataset/490db619-ab58-4a2a-a245-2376ce1840de","sourceTitle":"Renewable Energy Power Plants, 1 MW or more","licence":"Open Government Licence - Canada","vintage":"201612"}},{"type":"Feature","geometry":{"type":"Point","coordinates":[-74.85682,49.77092]},"properties":{"id":"nacei-5476","kind":"plant","cat":"biomass","name":"Chapais","province":"Québec","place":"Chapais","mw":28,"renewMw":28,"totalMw":28,"hydroMw":0,"pumpedMw":0,"solarMw":0,"windMw":0,"geoMw":0,"bioMw":28,"tidalMw":0,"owner":"","operator":"Chapais Energie Societe en Commandites","agency":"Northland Power","period":"201708","sourceUrl":"https://open.canada.ca/data/en/dataset/490db619-ab58-4a2a-a245-2376ce1840de","sourceTitle":"Renewable Energy Power Plants, 1 MW or more","licence":"Open Government Licence - Canada","vintage":"201708"}},{"type":"Feature","geometry":{"type":"Point","coordinates":[-83.42795,47.84305]},"properties":{"id":"nacei-5477","kind":"plant","cat":"biomass","name":"Chapleau Cogeneration","province":"Ontario","place":"Chapleau","mw":7.2,"renewMw":7.2,"totalMw":7.2,"hydroMw":0,"pumpedMw":0,"solarMw":0,"windMw":0,"geoMw":0,"bioMw":7.2,"tidalMw":0,"owner":"Tembec Inc","operator":"Tembec Inc","agency":"Biomass Magazine","period":"201512","sourceUrl":"https://open.canada.ca/data/en/dataset/490db619-ab58-4a2a-a245-2376ce1840de","sourceTitle":"Renewable Energy Power Plants, 1 MW or more","licence":"Open Government Licence - Canada","vintage":"201512"}},{"type":"Feature","geometry":{"type":"Point","coordinates":[-109.11294,59.61232]},"properties":{"id":"nacei-5478","kind":"plant","cat":"hydro","name":"Charlot River","province":"Saskatchewan","place":"Charlot River","mw":10,"renewMw":10,"totalMw":10,"hydroMw":10,"pumpedMw":0,"solarMw":0,"windMw":0,"geoMw":0,"bioMw":0,"tidalMw":0,"owner":"Saskatchewan Power Corp","operator":"Saskatchewan Power Corp","agency":"SaskPower","period":"201612","sourceUrl":"https://open.canada.ca/data/en/dataset/490db619-ab58-4a2a-a245-2376ce1840de","sourceTitle":"Renewable Energy Power Plants, 1 MW or more","licence":"Open Government Licence - Canada","vintage":"201612"}},{"type":"Feature","geometry":{"type":"Point","coordinates":[-82.32258,42.20648]},"properties":{"id":"nacei-5479","kind":"plant","cat":"wind","name":"Chatham","province":"Ontario","place":"Port Alma","mw":101.2,"renewMw":101.2,"totalMw":101.2,"hydroMw":0,"pumpedMw":0,"solarMw":0,"windMw":101.2,"geoMw":0,"bioMw":0,"tidalMw":0,"owner":"Kruger Energy Chatham LP","operator":"Kruger Energy Chatham LP","agency":"CanWEA","period":"201612","sourceUrl":"https://open.canada.ca/data/en/dataset/490db619-ab58-4a2a-a245-2376ce1840de","sourceTitle":"Renewable Energy Power Plants, 1 MW or more","licence":"Open Government Licence - Canada","vintage":"201612"}},{"type":"Feature","geometry":{"type":"Point","coordinates":[-75.71386,45.41913]},"properties":{"id":"nacei-5480","kind":"plant","cat":"hydro","name":"Chaudiere 2","province":"Ontario","place":"Ottawa","mw":8.4,"renewMw":8.4,"totalMw":8.4,"hydroMw":8.4,"pumpedMw":0,"solarMw":0,"windMw":0,"geoMw":0,"bioMw":0,"tidalMw":0,"owner":"Energy Ottawa Inc","operator":"Hydro Ottawa","agency":"IESO","period":"201703","sourceUrl":"https://open.canada.ca/data/en/dataset/490db619-ab58-4a2a-a245-2376ce1840de","sourceTitle":"Renewable Energy Power Plants, 1 MW or more","licence":"Open Government Licence - Canada","vintage":"201703"}},{"type":"Feature","geometry":{"type":"Point","coordinates":[-75.71485,45.42043]},"properties":{"id":"nacei-5481","kind":"plant","cat":"hydro","name":"Chaudiere 4","province":"Ontario","place":"Ottawa","mw":9.3,"renewMw":9.3,"totalMw":9.3,"hydroMw":9.3,"pumpedMw":0,"solarMw":0,"windMw":0,"geoMw":0,"bioMw":0,"tidalMw":0,"owner":"Energy Ottawa Inc","operator":"Hydro Ottawa","agency":"IESO","period":"201703","sourceUrl":"https://open.canada.ca/data/en/dataset/490db619-ab58-4a2a-a245-2376ce1840de","sourceTitle":"Renewable Energy Power Plants, 1 MW or more","licence":"Open Government Licence - Canada","vintage":"201703"}},{"type":"Feature","geometry":{"type":"Point","coordinates":[-123.29098,49.9337]},"properties":{"id":"nacei-5482","kind":"plant","cat":"hydro","name":"Cheakamus","province":"British Columbia","place":"Cheakamus River","mw":158,"renewMw":158,"totalMw":158,"hydroMw":158,"pumpedMw":0,"solarMw":0,"windMw":0,"geoMw":0,"bioMw":0,"tidalMw":0,"owner":"BC Hydro","operator":"BC Hydro","agency":"BC Hydro","period":"201708","sourceUrl":"https://open.canada.ca/data/en/dataset/490db619-ab58-4a2a-a245-2376ce1840de","sourceTitle":"Renewable Energy Power Plants, 1 MW or more","licence":"Open Government Licence - Canada","vintage":"201708"}},{"type":"Feature","geometry":{"type":"Point","coordinates":[-63.83789,44.77071]},"properties":{"id":"nacei-5483","kind":"plant","cat":"wind","name":"Chebucto Pockwock","province":"Nova Scotia","place":"","mw":10,"renewMw":10,"totalMw":10,"hydroMw":0,"pumpedMw":0,"solarMw":0,"windMw":10,"geoMw":0,"bioMw":0,"tidalMw":0,"owner":"","operator":"","agency":"CanWEA","period":"201612","sourceUrl":"https://open.canada.ca/data/en/dataset/490db619-ab58-4a2a-a245-2376ce1840de","sourceTitle":"Renewable Energy Power Plants, 1 MW or more","licence":"Open Government Licence - Canada","vintage":"201612"}},{"type":"Feature","geometry":{"type":"Point","coordinates":[-75.77748,45.51253]},"properties":{"id":"nacei-5484","kind":"plant","cat":"hydro","name":"Chelsea","province":"Québec","place":"Outaouais","mw":152,"renewMw":152,"totalMw":152,"hydroMw":152,"pumpedMw":0,"solarMw":0,"windMw":0,"geoMw":0,"bioMw":0,"tidalMw":0,"owner":"Hydro-Québec","operator":"Hydro-Québec","agency":"Hydro-Québec","period":"201708","sourceUrl":"https://open.canada.ca/data/en/dataset/490db619-ab58-4a2a-a245-2376ce1840de","sourceTitle":"Renewable Energy Power Plants, 1 MW or more","licence":"Open Government Licence - Canada","vintage":"201708"}},{"type":"Feature","geometry":{"type":"Point","coordinates":[-76.67381,45.58383]},"properties":{"id":"nacei-5485","kind":"plant","cat":"hydro","name":"Chenaux","province":"Ontario","place":"Horton","mw":144,"renewMw":144,"totalMw":144,"hydroMw":144,"pumpedMw":0,"solarMw":0,"windMw":0,"geoMw":0,"bioMw":0,"tidalMw":0,"owner":"Ontario Power Generation (OPG)","operator":"Ontario Power Generation (OPG)","agency":"OPG","period":"201708","sourceUrl":"https://open.canada.ca/data/en/dataset/490db619-ab58-4a2a-a245-2376ce1840de","sourceTitle":"Renewable Energy Power Plants, 1 MW or more","licence":"Open Government Licence - Canada","vintage":"201708"}},{"type":"Feature","geometry":{"type":"Point","coordinates":[-83.06551,46.31257]},"properties":{"id":"nacei-5486","kind":"plant","cat":"hydro","name":"Chiblow Lake","province":"Ontario","place":"Blind River","mw":1.7,"renewMw":1.7,"totalMw":1.7,"hydroMw":1.7,"pumpedMw":0,"solarMw":0,"windMw":0,"geoMw":0,"bioMw":0,"tidalMw":0,"owner":"1149377 Ontario Limited","operator":"Acres Productive Technologies Inv","agency":"IESO","period":"201703","sourceUrl":"https://open.canada.ca/data/en/dataset/490db619-ab58-4a2a-a245-2376ce1840de","sourceTitle":"Renewable Energy Power Plants, 1 MW or more","licence":"Open Government Licence - Canada","vintage":"201703"}},{"type":"Feature","geometry":{"type":"Point","coordinates":[-71.07634,48.42617]},"properties":{"id":"nacei-5487","kind":"plant","cat":"hydro","name":"Chicoutimi","province":"Québec","place":"Chicoutimi","mw":8.2,"renewMw":8.2,"totalMw":8.2,"hydroMw":8.2,"pumpedMw":0,"solarMw":0,"windMw":0,"geoMw":0,"bioMw":0,"tidalMw":0,"owner":"Hydro Saguenay","operator":"Hydro Saguenay","agency":"MERN","period":"201708","sourceUrl":"https://open.canada.ca/data/en/dataset/490db619-ab58-4a2a-a245-2376ce1840de","sourceTitle":"Renewable Energy Power Plants, 1 MW or more","licence":"Open Government Licence - Canada","vintage":"201708"}},{"type":"Feature","geometry":{"type":"Point","coordinates":[-112.3292,49.69329]},"properties":{"id":"nacei-5488","kind":"plant","cat":"wind","name":"Chin Chute","province":"Alberta","place":"Taber","mw":30,"renewMw":30,"totalMw":30,"hydroMw":0,"pumpedMw":0,"solarMw":0,"windMw":30,"geoMw":0,"bioMw":0,"tidalMw":0,"owner":"Suncor / EHN/ Enbridge","operator":"Suncor / EHN/ Enbridge","agency":"CanWEA","period":"201612","sourceUrl":"https://open.canada.ca/data/en/dataset/490db619-ab58-4a2a-a245-2376ce1840de","sourceTitle":"Renewable Energy Power Plants, 1 MW or more","licence":"Open Government Licence - Canada","vintage":"201612"}},{"type":"Feature","geometry":{"type":"Point","coordinates":[-112.34457,49.67557]},"properties":{"id":"nacei-5489","kind":"plant","cat":"hydro","name":"Chin Hydro Plant","province":"Alberta","place":"Lethbridge County","mw":11,"renewMw":11,"totalMw":11,"hydroMw":11,"pumpedMw":0,"solarMw":0,"windMw":0,"geoMw":0,"bioMw":0,"tidalMw":0,"owner":"","operator":"Irrican Power","agency":"Irrican Power","period":"2012","sourceUrl":"https://open.canada.ca/data/en/dataset/490db619-ab58-4a2a-a245-2376ce1840de","sourceTitle":"Renewable Energy Power Plants, 1 MW or more","licence":"Open Government Licence - Canada","vintage":"2012"}},{"type":"Feature","geometry":{"type":"Point","coordinates":[-124.73947,49.18561]},"properties":{"id":"nacei-5490","kind":"plant","cat":"hydro","name":"China Creek","province":"British Columbia","place":"Port Alberni","mw":6.5,"renewMw":6.5,"totalMw":6.5,"hydroMw":6.5,"pumpedMw":0,"solarMw":0,"windMw":0,"geoMw":0,"bioMw":0,"tidalMw":0,"owner":"Synex (12.5%) / Hupacasath & Ucluelet  First Nations & the City of Port Alberni (87.5%)","operator":"Upnit Power LP","agency":"Synex","period":"201708","sourceUrl":"https://open.canada.ca/data/en/dataset/490db619-ab58-4a2a-a245-2376ce1840de","sourceTitle":"Renewable Energy Power Plants, 1 MW or more","licence":"Open Government Licence - Canada","vintage":"201708"}},{"type":"Feature","geometry":{"type":"Point","coordinates":[-63.96509,53.52941]},"properties":{"id":"nacei-5491","kind":"plant","cat":"hydro","name":"Churchill Falls","province":"Newfoundland and Labrador","place":"Churchill Falls","mw":5428,"renewMw":5428,"totalMw":5428,"hydroMw":5428,"pumpedMw":0,"solarMw":0,"windMw":0,"geoMw":0,"bioMw":0,"tidalMw":0,"owner":"","operator":"Churchill Falls (Labrador) Corp Ltd (Subsidiary of Newfoundland Labrador Hydro)","agency":"Hydro-Québec","period":"201708","sourceUrl":"https://open.canada.ca/data/en/dataset/490db619-ab58-4a2a-a245-2376ce1840de","sourceTitle":"Renewable Energy Power Plants, 1 MW or more","licence":"Open Government Licence - Canada","vintage":"201708"}},{"type":"Feature","geometry":{"type":"Point","coordinates":[-71.12888,48.38638]},"properties":{"id":"nacei-5492","kind":"plant","cat":"hydro","name":"Chute Garneau","province":"Québec","place":"Rivière Chicoutimi","mw":5.3,"renewMw":5.3,"totalMw":5.3,"hydroMw":5.3,"pumpedMw":0,"solarMw":0,"windMw":0,"geoMw":0,"bioMw":0,"tidalMw":0,"owner":"Ville de Saguenay /Hydro-Jonquière","operator":"Ville de Saguenay /Hydro-Jonquière","agency":"MERN","period":"201708","sourceUrl":"https://open.canada.ca/data/en/dataset/490db619-ab58-4a2a-a245-2376ce1840de","sourceTitle":"Renewable Energy Power Plants, 1 MW or more","licence":"Open Government Licence - Canada","vintage":"201708"}},{"type":"Feature","geometry":{"type":"Point","coordinates":[-71.25361,48.45063]},"properties":{"id":"nacei-5493","kind":"plant","cat":"hydro","name":"Chute-à-Caron","province":"Québec","place":"Jonquiere","mw":224,"renewMw":224,"totalMw":224,"hydroMw":224,"pumpedMw":0,"solarMw":0,"windMw":0,"geoMw":0,"bioMw":0,"tidalMw":0,"owner":"Rio Tinto (Rt)","operator":"Rio Tinto (Rt)","agency":"MERN","period":"201708","sourceUrl":"https://open.canada.ca/data/en/dataset/490db619-ab58-4a2a-a245-2376ce1840de","sourceTitle":"Renewable Energy Power Plants, 1 MW or more","licence":"Open Government Licence - Canada","vintage":"201708"}},{"type":"Feature","geometry":{"type":"Point","coordinates":[-71.83952,48.75359]},"properties":{"id":"nacei-5494","kind":"plant","cat":"hydro","name":"Chute-à-la-Savane","province":"Québec","place":"Sainte Monique","mw":258,"renewMw":258,"totalMw":258,"hydroMw":258,"pumpedMw":0,"solarMw":0,"windMw":0,"geoMw":0,"bioMw":0,"tidalMw":0,"owner":"Rio Tinto Alcan","operator":"Rio Tinto Alcan","agency":"MERN","period":"201708","sourceUrl":"https://open.canada.ca/data/en/dataset/490db619-ab58-4a2a-a245-2376ce1840de","sourceTitle":"Renewable Energy Power Plants, 1 MW or more","licence":"Open Government Licence - Canada","vintage":"201708"}},{"type":"Feature","geometry":{"type":"Point","coordinates":[-73.71829,47.89294]},"properties":{"id":"nacei-5495","kind":"plant","cat":"hydro","name":"Chute-Allard","province":"Québec","place":"Saint-Maurice","mw":62,"renewMw":62,"totalMw":62,"hydroMw":62,"pumpedMw":0,"solarMw":0,"windMw":0,"geoMw":0,"bioMw":0,"tidalMw":0,"owner":"Hydro-Québec","operator":"Hydro-Québec","agency":"Hydro-Québec","period":"201708","sourceUrl":"https://open.canada.ca/data/en/dataset/490db619-ab58-4a2a-a245-2376ce1840de","sourceTitle":"Renewable Energy Power Plants, 1 MW or more","licence":"Open Government Licence - Canada","vintage":"201708"}},{"type":"Feature","geometry":{"type":"Point","coordinates":[-71.20335,48.65113]},"properties":{"id":"nacei-5496","kind":"plant","cat":"hydro","name":"Chute-aux-Galets","province":"Québec","place":"Saint David de Falardeau","mw":13.6,"renewMw":13.6,"totalMw":13.6,"hydroMw":13.6,"pumpedMw":0,"solarMw":0,"windMw":0,"geoMw":0,"bioMw":0,"tidalMw":0,"owner":"Hydro Saguenay","operator":"Hydro Saguenay","agency":"MERN","period":"201708","sourceUrl":"https://open.canada.ca/data/en/dataset/490db619-ab58-4a2a-a245-2376ce1840de","sourceTitle":"Renewable Energy Power Plants, 1 MW or more","licence":"Open Government Licence - Canada","vintage":"201708"}},{"type":"Feature","geometry":{"type":"Point","coordinates":[-74.68437,45.77403]},"properties":{"id":"nacei-5497","kind":"plant","cat":"hydro","name":"Chute-Bell","province":"Québec","place":"Outaouais","mw":10,"renewMw":10,"totalMw":10,"hydroMw":10,"pumpedMw":0,"solarMw":0,"windMw":0,"geoMw":0,"bioMw":0,"tidalMw":0,"owner":"Hydro-Québec","operator":"Hydro-Québec","agency":"Hydro-Québec","period":"201708","sourceUrl":"https://open.canada.ca/data/en/dataset/490db619-ab58-4a2a-a245-2376ce1840de","sourceTitle":"Renewable Energy Power Plants, 1 MW or more","licence":"Open Government Licence - Canada","vintage":"201708"}},{"type":"Feature","geometry":{"type":"Point","coordinates":[-72.06614,48.84247]},"properties":{"id":"nacei-5498","kind":"plant","cat":"hydro","name":"Chute-Blanche","province":"Québec","place":"Sainte Jeanne d'Arc","mw":1.4,"renewMw":1.4,"totalMw":1.4,"hydroMw":1.4,"pumpedMw":0,"solarMw":0,"windMw":0,"geoMw":0,"bioMw":0,"tidalMw":0,"owner":"Hydro-Morin (Société en Nom Collectif)","operator":"Hydro-Morin (Société en Nom Collectif)","agency":"MERN","period":"201708","sourceUrl":"https://open.canada.ca/data/en/dataset/490db619-ab58-4a2a-a245-2376ce1840de","sourceTitle":"Renewable Energy Power Plants, 1 MW or more","licence":"Open Government Licence - Canada","vintage":"201708"}},{"type":"Feature","geometry":{"type":"Point","coordinates":[-72.01862,45.14627]},"properties":{"id":"nacei-5499","kind":"plant","cat":"hydro","name":"Chute-Burroughs","province":"Québec","place":"","mw":1.6,"renewMw":1.6,"totalMw":1.6,"hydroMw":1.6,"pumpedMw":0,"solarMw":0,"windMw":0,"geoMw":0,"bioMw":0,"tidalMw":0,"owner":"Hydro-Québec","operator":"","agency":"","period":"201601","sourceUrl":"https://open.canada.ca/data/en/dataset/490db619-ab58-4a2a-a245-2376ce1840de","sourceTitle":"Renewable Energy Power Plants, 1 MW or more","licence":"Open Government Licence - Canada","vintage":"201601"}},{"type":"Feature","geometry":{"type":"Point","coordinates":[-71.16649,49.83741]},"properties":{"id":"nacei-5500","kind":"plant","cat":"hydro","name":"Chute-des-Passes","province":"Québec","place":"Mont Valin","mw":854.4,"renewMw":854.4,"totalMw":854.4,"hydroMw":854.4,"pumpedMw":0,"solarMw":0,"windMw":0,"geoMw":0,"bioMw":0,"tidalMw":0,"owner":"Rio Tinto Alcan","operator":"Rio Tinto Alcan","agency":"MERN","period":"201708","sourceUrl":"https://open.canada.ca/data/en/dataset/490db619-ab58-4a2a-a245-2376ce1840de","sourceTitle":"Renewable Energy Power Plants, 1 MW or more","licence":"Open Government Licence - Canada","vintage":"201708"}},{"type":"Feature","geometry":{"type":"Point","coordinates":[-71.69741,48.78067]},"properties":{"id":"nacei-5501","kind":"plant","cat":"hydro","name":"Chute-du-Diable","province":"Québec","place":"Sainte Monique","mw":305.8,"renewMw":305.8,"totalMw":305.8,"hydroMw":305.8,"pumpedMw":0,"solarMw":0,"windMw":0,"geoMw":0,"bioMw":0,"tidalMw":0,"owner":"Rio Tinto Alcan","operator":"Rio Tinto Alcan","agency":"MERN","period":"201708","sourceUrl":"https://open.canada.ca/data/en/dataset/490db619-ab58-4a2a-a245-2376ce1840de","sourceTitle":"Renewable Energy Power Plants, 1 MW or more","licence":"Open Government Licence - Canada","vintage":"201708"}},{"type":"Feature","geometry":{"type":"Point","coordinates":[-72.45019,45.86319]},"properties":{"id":"nacei-5502","kind":"plant","cat":"hydro","name":"Chute-Hemmings","province":"Québec","place":"Saint-François","mw":29,"renewMw":29,"totalMw":29,"hydroMw":29,"pumpedMw":0,"solarMw":0,"windMw":0,"geoMw":0,"bioMw":0,"tidalMw":0,"owner":"Hydro-Québec","operator":"Hydro-Québec","agency":"Hydro-Québec","period":"201708","sourceUrl":"https://open.canada.ca/data/en/dataset/490db619-ab58-4a2a-a245-2376ce1840de","sourceTitle":"Renewable Energy Power Plants, 1 MW or more","licence":"Open Government Licence - Canada","vintage":"201708"}},{"type":"Feature","geometry":{"type":"Point","coordinates":[-67.85998,49.30833]},"properties":{"id":"nacei-5503","kind":"plant","cat":"hydro","name":"Chutes à Thompson","province":"Québec","place":"Rivière Franquelin","mw":9.9,"renewMw":9.9,"totalMw":9.9,"hydroMw":9.9,"pumpedMw":0,"solarMw":0,"windMw":0,"geoMw":0,"bioMw":0,"tidalMw":0,"owner":"Société d’énergie Rivière Franquelin Inc","operator":"Société d’énergie Rivière Franquelin Inc","agency":"Hydro-Québec","period":"201708","sourceUrl":"https://open.canada.ca/data/en/dataset/490db619-ab58-4a2a-a245-2376ce1840de","sourceTitle":"Renewable Energy Power Plants, 1 MW or more","licence":"Open Government Licence - Canada","vintage":"201708"}},{"type":"Feature","geometry":{"type":"Point","coordinates":[-72.00825,46.79038]},"properties":{"id":"nacei-5504","kind":"plant","cat":"hydro","name":"Chutes-à-Gorry","province":"Québec","place":"Sainte Christine d'Auvergne","mw":10.8,"renewMw":10.8,"totalMw":10.8,"hydroMw":10.8,"pumpedMw":0,"solarMw":0,"windMw":0,"geoMw":0,"bioMw":0,"tidalMw":0,"owner":"Société d'Énergie Columbus Inc","operator":"Société d'Énergie Columbus Inc","agency":"MERN","period":"201708","sourceUrl":"https://open.canada.ca/data/en/dataset/490db619-ab58-4a2a-a245-2376ce1840de","sourceTitle":"Renewable Energy Power Plants, 1 MW or more","licence":"Open Government Licence - Canada","vintage":"201708"}},{"type":"Feature","geometry":{"type":"Point","coordinates":[-71.28499,46.7154]},"properties":{"id":"nacei-5505","kind":"plant","cat":"hydro","name":"Chutes-de-la-Chaudière","province":"Québec","place":"Riviere Chaudiere","mw":25,"renewMw":25,"totalMw":25,"hydroMw":25,"pumpedMw":0,"solarMw":0,"windMw":0,"geoMw":0,"bioMw":0,"tidalMw":0,"owner":"Innergex Inc","operator":"Innergex Inc","agency":"MERN","period":"201708","sourceUrl":"https://open.canada.ca/data/en/dataset/490db619-ab58-4a2a-a245-2376ce1840de","sourceTitle":"Renewable Energy Power Plants, 1 MW or more","licence":"Open Government Licence - Canada","vintage":"201708"}},{"type":"Feature","geometry":{"type":"Point","coordinates":[-75.22448,45.15625]},"properties":{"id":"nacei-5506","kind":"plant","cat":"solar","name":"Citylights","province":"Ontario","place":"Chesterville","mw":10,"renewMw":10,"totalMw":10,"hydroMw":0,"pumpedMw":0,"solarMw":10,"windMw":0,"geoMw":0,"bioMw":0,"tidalMw":0,"owner":"Axium City Light LP","operator":"Citylights LP","agency":"IESO","period":"201703","sourceUrl":"https://open.canada.ca/data/en/dataset/490db619-ab58-4a2a-a245-2376ce1840de","sourceTitle":"Renewable Energy Power Plants, 1 MW or more","licence":"Open Government Licence - Canada","vintage":"201703"}},{"type":"Feature","geometry":{"type":"Point","coordinates":[-126.81391,52.37009]},"properties":{"id":"nacei-5507","kind":"plant","cat":"hydro","name":"Clayton Falls","province":"British Columbia","place":"Bella Coola","mw":2,"renewMw":2,"totalMw":2,"hydroMw":2,"pumpedMw":0,"solarMw":0,"windMw":0,"geoMw":0,"bioMw":0,"tidalMw":0,"owner":"BC Hydro","operator":"BC Hydro","agency":"BC Hydro Quick Facts","period":"201506","sourceUrl":"https://open.canada.ca/data/en/dataset/490db619-ab58-4a2a-a245-2376ce1840de","sourceTitle":"Renewable Energy Power Plants, 1 MW or more","licence":"Open Government Licence - Canada","vintage":"201506"}},{"type":"Feature","geometry":{"type":"Point","coordinates":[-80.57217,42.58792]},"properties":{"id":"nacei-5508","kind":"plant","cat":"wind","name":"Clear Creek","province":"Ontario","place":"Clear Creek Wind Farm","mw":9.9,"renewMw":9.9,"totalMw":9.9,"hydroMw":0,"pumpedMw":0,"solarMw":0,"windMw":9.9,"geoMw":0,"bioMw":0,"tidalMw":0,"owner":"","operator":"Aim Powergen Corp","agency":"CanWEA","period":"201612","sourceUrl":"https://open.canada.ca/data/en/dataset/490db619-ab58-4a2a-a245-2376ce1840de","sourceTitle":"Renewable Energy Power Plants, 1 MW or more","licence":"Open Government Licence - Canada","vintage":"201612"}},{"type":"Feature","geometry":{"type":"Point","coordinates":[-84.34719,46.51477]},"properties":{"id":"nacei-5509","kind":"plant","cat":"hydro","name":"Clergue","province":"Ontario","place":"Sault Ste. Marie","mw":52,"renewMw":52,"totalMw":52,"hydroMw":52,"pumpedMw":0,"solarMw":0,"windMw":0,"geoMw":0,"bioMw":0,"tidalMw":0,"owner":"Brookfield Renewable Power Inc","operator":"Brookfield Renewable Energy Partners","agency":"IESO","period":"201703","sourceUrl":"https://open.canada.ca/data/en/dataset/490db619-ab58-4a2a-a245-2376ce1840de","sourceTitle":"Renewable Energy Power Plants, 1 MW or more","licence":"Open Government Licence - Canada","vintage":"201703"}},{"type":"Feature","geometry":{"type":"Point","coordinates":[-113.33218,53.59562]},"properties":{"id":"nacei-5510","kind":"plant","cat":"biomass","name":"Clover Bar LFG","province":"Alberta","place":"Edmonton","mw":4.8,"renewMw":4.8,"totalMw":4.8,"hydroMw":0,"pumpedMw":0,"solarMw":0,"windMw":0,"geoMw":0,"bioMw":4.8,"tidalMw":0,"owner":"Capital Power","operator":"Capital Power","agency":"Alberta Energy","period":"201708","sourceUrl":"https://open.canada.ca/data/en/dataset/490db619-ab58-4a2a-a245-2376ce1840de","sourceTitle":"Renewable Energy Power Plants, 1 MW or more","licence":"Open Government Licence - Canada","vintage":"201708"}},{"type":"Feature","geometry":{"type":"Point","coordinates":[-123.53211,49.71093]},"properties":{"id":"nacei-5511","kind":"plant","cat":"hydro","name":"Clowhom","province":"British Columbia","place":"Clowhom River","mw":33,"renewMw":33,"totalMw":33,"hydroMw":33,"pumpedMw":0,"solarMw":0,"windMw":0,"geoMw":0,"bioMw":0,"tidalMw":0,"owner":"BC Hydro","operator":"BC Hydro","agency":"BC Hydro Quick Facts","period":"201506","sourceUrl":"https://open.canada.ca/data/en/dataset/490db619-ab58-4a2a-a245-2376ce1840de","sourceTitle":"Renewable Energy Power Plants, 1 MW or more","licence":"Open Government Licence - Canada","vintage":"201506"}},{"type":"Feature","geometry":{"type":"Point","coordinates":[-82.56144,42.21951]},"properties":{"id":"nacei-5512","kind":"plant","cat":"wind","name":"Comber East / West","province":"Ontario","place":"Comber","mw":165.6,"renewMw":165.6,"totalMw":165.6,"hydroMw":0,"pumpedMw":0,"solarMw":0,"windMw":165.6,"geoMw":0,"bioMw":0,"tidalMw":0,"owner":"2016 Comber Wind LP","operator":"Comber Wind LP","agency":"CanWEA","period":"201612","sourceUrl":"https://open.canada.ca/data/en/dataset/490db619-ab58-4a2a-a245-2376ce1840de","sourceTitle":"Renewable Energy Power Plants, 1 MW or more","licence":"Open Government Licence - Canada","vintage":"201612"}},{"type":"Feature","geometry":{"type":"Point","coordinates":[-80.58884,43.79434]},"properties":{"id":"nacei-5513","kind":"plant","cat":"wind","name":"Conestogo","province":"Ontario","place":"Alma","mw":22.9,"renewMw":22.9,"totalMw":22.9,"hydroMw":0,"pumpedMw":0,"solarMw":0,"windMw":22.9,"geoMw":0,"bioMw":0,"tidalMw":0,"owner":"Conestogo Wind, LP","operator":"Conestogo Wind, LP","agency":"CanWEA","period":"201612","sourceUrl":"https://open.canada.ca/data/en/dataset/490db619-ab58-4a2a-a245-2376ce1840de","sourceTitle":"Renewable Energy Power Plants, 1 MW or more","licence":"Open Government Licence - Canada","vintage":"201612"}},{"type":"Feature","geometry":{"type":"Point","coordinates":[-80.81834,46.47464]},"properties":{"id":"nacei-5514","kind":"plant","cat":"hydro","name":"Coniston","province":"Ontario","place":"Sudbury","mw":4,"renewMw":4,"totalMw":4,"hydroMw":4,"pumpedMw":0,"solarMw":0,"windMw":0,"geoMw":0,"bioMw":0,"tidalMw":0,"owner":"","operator":"Ontario Power Generation Inc","agency":"OPG","period":"201708","sourceUrl":"https://open.canada.ca/data/en/dataset/490db619-ab58-4a2a-a245-2376ce1840de","sourceTitle":"Renewable Energy Power Plants, 1 MW or more","licence":"Open Government Licence - Canada","vintage":"201708"}},{"type":"Feature","geometry":{"type":"Point","coordinates":[-57.94957,48.95614]},"properties":{"id":"nacei-5515","kind":"plant","cat":"biomass","name":"Corner Brook Cogeneration","province":"Newfoundland and Labrador","place":"Corner Brook","mw":15.3,"renewMw":15.3,"totalMw":15.3,"hydroMw":0,"pumpedMw":0,"solarMw":0,"windMw":0,"geoMw":0,"bioMw":15.3,"tidalMw":0,"owner":"Kruger","operator":"Kruger Energy","agency":"Kruger Energy","period":"201708","sourceUrl":"https://open.canada.ca/data/en/dataset/490db619-ab58-4a2a-a245-2376ce1840de","sourceTitle":"Renewable Energy Power Plants, 1 MW or more","licence":"Open Government Licence - Canada","vintage":"201708"}},{"type":"Feature","geometry":{"type":"Point","coordinates":[-74.68991,45.10242]},"properties":{"id":"nacei-5516","kind":"plant","cat":"solar","name":"Cornwall","province":"Ontario","place":"Cornwall","mw":10,"renewMw":10,"totalMw":10,"hydroMw":0,"pumpedMw":0,"solarMw":10,"windMw":0,"geoMw":0,"bioMw":0,"tidalMw":0,"owner":"Cornwall Solar Inc","operator":"Algonquin Power","agency":"IESO","period":"201703","sourceUrl":"https://open.canada.ca/data/en/dataset/490db619-ab58-4a2a-a245-2376ce1840de","sourceTitle":"Renewable Energy Power Plants, 1 MW or more","licence":"Open Government Licence - Canada","vintage":"201703"}},{"type":"Feature","geometry":{"type":"Point","coordinates":[-117.46863,49.46888]},"properties":{"id":"nacei-5517","kind":"plant","cat":"hydro","name":"Corra Linn","province":"British Columbia","place":"Kootenay River","mw":51,"renewMw":51,"totalMw":51,"hydroMw":51,"pumpedMw":0,"solarMw":0,"windMw":0,"geoMw":0,"bioMw":0,"tidalMw":0,"owner":"","operator":"FortisBC","agency":"FortisBC","period":"201512","sourceUrl":"https://open.canada.ca/data/en/dataset/490db619-ab58-4a2a-a245-2376ce1840de","sourceTitle":"Renewable Energy Power Plants, 1 MW or more","licence":"Open Government Licence - Canada","vintage":"201512"}},{"type":"Feature","geometry":{"type":"Point","coordinates":[-106.87365,51.27477]},"properties":{"id":"nacei-5518","kind":"plant","cat":"hydro","name":"Coteau Creek","province":"Saskatchewan","place":"Nipawin","mw":186,"renewMw":186,"totalMw":186,"hydroMw":186,"pumpedMw":0,"solarMw":0,"windMw":0,"geoMw":0,"bioMw":0,"tidalMw":0,"owner":"Saskatchewan Power Corp","operator":"Saskatchewan Power Corp","agency":"SaskPower","period":"201612","sourceUrl":"https://open.canada.ca/data/en/dataset/490db619-ab58-4a2a-a245-2376ce1840de","sourceTitle":"Renewable Energy Power Plants, 1 MW or more","licence":"Open Government Licence - Canada","vintage":"201612"}},{"type":"Feature","geometry":{"type":"Point","coordinates":[-73.56907,45.40663]},"properties":{"id":"nacei-5519","kind":"plant","cat":"hydro","name":"Côte-Sainte-Catherine-1-2-3","province":"Québec","place":"Sainte Catherine","mw":11.1,"renewMw":11.1,"totalMw":11.1,"hydroMw":11.1,"pumpedMw":0,"solarMw":0,"windMw":0,"geoMw":0,"bioMw":0,"tidalMw":0,"owner":"Algonquin Power","operator":"Algonquin Power","agency":"Algonquin Power","period":"201708","sourceUrl":"https://open.canada.ca/data/en/dataset/490db619-ab58-4a2a-a245-2376ce1840de","sourceTitle":"Renewable Energy Power Plants, 1 MW or more","licence":"Open Government Licence - Canada","vintage":"201708"}},{"type":"Feature","geometry":{"type":"Point","coordinates":[-64.77072,44.07436]},"properties":{"id":"nacei-5520","kind":"plant","cat":"hydro","name":"Cowie Falls","province":"Nova Scotia","place":"Mersey River","mw":7.4,"renewMw":7.4,"totalMw":7.4,"hydroMw":7.4,"pumpedMw":0,"solarMw":0,"windMw":0,"geoMw":0,"bioMw":0,"tidalMw":0,"owner":"","operator":"Nova Scotia Power Inc","agency":"Statistics Canada","period":"2000","sourceUrl":"https://open.canada.ca/data/en/dataset/490db619-ab58-4a2a-a245-2376ce1840de","sourceTitle":"Renewable Energy Power Plants, 1 MW or more","licence":"Open Government Licence - Canada","vintage":"2000"}},{"type":"Feature","geometry":{"type":"Point","coordinates":[-114.1075,49.56186]},"properties":{"id":"nacei-5521","kind":"plant","cat":"wind","name":"Cowley North","province":"Alberta","place":"Pincher Creek","mw":19.5,"renewMw":19.5,"totalMw":19.5,"hydroMw":0,"pumpedMw":0,"solarMw":0,"windMw":19.5,"geoMw":0,"bioMw":0,"tidalMw":0,"owner":"Canadian Hydro Developers","operator":"Canadian Hydro Developers","agency":"CanWEA","period":"201612","sourceUrl":"https://open.canada.ca/data/en/dataset/490db619-ab58-4a2a-a245-2376ce1840de","sourceTitle":"Renewable Energy Power Plants, 1 MW or more","licence":"Open Government Licence - Canada","vintage":"201612"}},{"type":"Feature","geometry":{"type":"Point","coordinates":[-61.41672,45.72621]},"properties":{"id":"nacei-5522","kind":"plant","cat":"wind","name":"Creignishrear","province":"Nova Scotia","place":"","mw":2,"renewMw":2,"totalMw":2,"hydroMw":0,"pumpedMw":0,"solarMw":0,"windMw":2,"geoMw":0,"bioMw":0,"tidalMw":0,"owner":"","operator":"Black River Wind Ltd","agency":"CanWEA","period":"201612","sourceUrl":"https://open.canada.ca/data/en/dataset/490db619-ab58-4a2a-a245-2376ce1840de","sourceTitle":"Renewable Energy Power Plants, 1 MW or more","licence":"Open Government Licence - Canada","vintage":"201612"}},{"type":"Feature","geometry":{"type":"Point","coordinates":[-77.77228,44.33531]},"properties":{"id":"nacei-5523","kind":"plant","cat":"hydro","name":"Crowe Bay","province":"Ontario","place":"Campbellford","mw":2,"renewMw":2,"totalMw":2,"hydroMw":2,"pumpedMw":0,"solarMw":0,"windMw":0,"geoMw":0,"bioMw":0,"tidalMw":0,"owner":"","operator":"Town of Campbellford","agency":"Statistics Canada","period":"2000","sourceUrl":"https://open.canada.ca/data/en/dataset/490db619-ab58-4a2a-a245-2376ce1840de","sourceTitle":"Renewable Energy Power Plants, 1 MW or more","licence":"Open Government Licence - Canada","vintage":"2000"}},{"type":"Feature","geometry":{"type":"Point","coordinates":[-81.57141,44.24775]},"properties":{"id":"nacei-5524","kind":"plant","cat":"wind","name":"Cruickshank","province":"Ontario","place":"Ripley","mw":8.3,"renewMw":8.3,"totalMw":8.3,"hydroMw":0,"pumpedMw":0,"solarMw":0,"windMw":8.3,"geoMw":0,"bioMw":0,"tidalMw":0,"owner":"","operator":"Enbridge Income Fund","agency":"CanWEA","period":"201612","sourceUrl":"https://open.canada.ca/data/en/dataset/490db619-ab58-4a2a-a245-2376ce1840de","sourceTitle":"Renewable Energy Power Plants, 1 MW or more","licence":"Open Government Licence - Canada","vintage":"201612"}},{"type":"Feature","geometry":{"type":"Point","coordinates":[-79.86286,46.45007]},"properties":{"id":"nacei-5525","kind":"plant","cat":"hydro","name":"Crystal Falls","province":"Ontario","place":"Crystal Falls","mw":8,"renewMw":8,"totalMw":8,"hydroMw":8,"pumpedMw":0,"solarMw":0,"windMw":0,"geoMw":0,"bioMw":0,"tidalMw":0,"owner":"","operator":"Ontario Power Generation Inc","agency":"OPG","period":"201708","sourceUrl":"https://open.canada.ca/data/en/dataset/490db619-ab58-4a2a-a245-2376ce1840de","sourceTitle":"Renewable Energy Power Plants, 1 MW or more","licence":"Open Government Licence - Canada","vintage":"201708"}},{"type":"Feature","geometry":{"type":"Point","coordinates":[-80.60484,42.60087]},"properties":{"id":"nacei-5526","kind":"plant","cat":"wind","name":"Cultus","province":"Ontario","place":"St Williams","mw":9.9,"renewMw":9.9,"totalMw":9.9,"hydroMw":0,"pumpedMw":0,"solarMw":0,"windMw":9.9,"geoMw":0,"bioMw":0,"tidalMw":0,"owner":"","operator":"Aim Powergen Corp","agency":"CanWEA","period":"201612","sourceUrl":"https://open.canada.ca/data/en/dataset/490db619-ab58-4a2a-a245-2376ce1840de","sourceTitle":"Renewable Energy Power Plants, 1 MW or more","licence":"Open Government Licence - Canada","vintage":"201612"}},{"type":"Feature","geometry":{"type":"Point","coordinates":[-108.49364,50.01952]},"properties":{"id":"nacei-5527","kind":"plant","cat":"wind","name":"Cypress","province":"Saskatchewan","place":"Gull Lake","mw":10.5,"renewMw":10.5,"totalMw":10.5,"hydroMw":0,"pumpedMw":0,"solarMw":0,"windMw":10.5,"geoMw":0,"bioMw":0,"tidalMw":0,"owner":"Saskatchewan Power Corp","operator":"Saskatchewan Power Corp","agency":"CanWEA","period":"201612","sourceUrl":"https://open.canada.ca/data/en/dataset/490db619-ab58-4a2a-a245-2376ce1840de","sourceTitle":"Renewable Energy Power Plants, 1 MW or more","licence":"Open Government Licence - Canada","vintage":"201612"}},{"type":"Feature","geometry":{"type":"Point","coordinates":[-126.12766,49.84275]},"properties":{"id":"nacei-5528","kind":"plant","cat":"hydro","name":"Cypress Creek","province":"British Columbia","place":"","mw":2.8,"renewMw":2.8,"totalMw":2.8,"hydroMw":2.8,"pumpedMw":0,"solarMw":0,"windMw":0,"geoMw":0,"bioMw":0,"tidalMw":0,"owner":"Synex","operator":"","agency":"Synex","period":"201708","sourceUrl":"https://open.canada.ca/data/en/dataset/490db619-ab58-4a2a-a245-2376ce1840de","sourceTitle":"Renewable Energy Power Plants, 1 MW or more","licence":"Open Government Licence - Canada","vintage":"201708"}},{"type":"Feature","geometry":{"type":"Point","coordinates":[-62.97552,45.57572]},"properties":{"id":"nacei-5529","kind":"plant","cat":"wind","name":"Dalhousie Mountain","province":"Nova Scotia","place":"","mw":51,"renewMw":51,"totalMw":51,"hydroMw":0,"pumpedMw":0,"solarMw":0,"windMw":51,"geoMw":0,"bioMw":0,"tidalMw":0,"owner":"","operator":"","agency":"CanWEA","period":"201612","sourceUrl":"https://open.canada.ca/data/en/dataset/490db619-ab58-4a2a-a245-2376ce1840de","sourceTitle":"Renewable Energy Power Plants, 1 MW or more","licence":"Open Government Licence - Canada","vintage":"201612"}},{"type":"Feature","geometry":{"type":"Point","coordinates":[-75.49992,46.5547]},"properties":{"id":"nacei-5530","kind":"plant","cat":"hydro","name":"Daniel-Larocque (Mont-Laurier)","province":"Québec","place":"Mont Laurier","mw":2.7,"renewMw":2.7,"totalMw":2.7,"hydroMw":2.7,"pumpedMw":0,"solarMw":0,"windMw":0,"geoMw":0,"bioMw":0,"tidalMw":0,"owner":"Algonquin Power","operator":"Algonquin Power","agency":"Algonquin Power","period":"201708","sourceUrl":"https://open.canada.ca/data/en/dataset/490db619-ab58-4a2a-a245-2376ce1840de","sourceTitle":"Renewable Energy Power Plants, 1 MW or more","licence":"Open Government Licence - Canada","vintage":"201708"}},{"type":"Feature","geometry":{"type":"Point","coordinates":[-94.25184,48.71516]},"properties":{"id":"nacei-5531","kind":"plant","cat":"solar","name":"Dave Rampel Solar Park","province":"Ontario","place":"Rainy River","mw":10,"renewMw":10,"totalMw":10,"hydroMw":0,"pumpedMw":0,"solarMw":10,"windMw":0,"geoMw":0,"bioMw":0,"tidalMw":0,"owner":"Rainy River First Nations Solar 3 LP","operator":"Rainy River First Nations Solar 3 LP","agency":"IESO","period":"201703","sourceUrl":"https://open.canada.ca/data/en/dataset/490db619-ab58-4a2a-a245-2376ce1840de","sourceTitle":"Renewable Energy Power Plants, 1 MW or more","licence":"Open Government Licence - Canada","vintage":"201703"}},{"type":"Feature","geometry":{"type":"Point","coordinates":[-74.9996,45.00846]},"properties":{"id":"nacei-5532","kind":"plant","cat":"solar","name":"David Brown Solar Park","province":"Ontario","place":"Ingleside","mw":10,"renewMw":10,"totalMw":10,"hydroMw":0,"pumpedMw":0,"solarMw":10,"windMw":0,"geoMw":0,"bioMw":0,"tidalMw":0,"owner":"Saturn Solar 2 LP","operator":"Saturn Solar 2 LP","agency":"IESO","period":"201703","sourceUrl":"https://open.canada.ca/data/en/dataset/490db619-ab58-4a2a-a245-2376ce1840de","sourceTitle":"Renewable Energy Power Plants, 1 MW or more","licence":"Open Government Licence - Canada","vintage":"201703"}},{"type":"Feature","geometry":{"type":"Point","coordinates":[-71.68388,46.10593]},"properties":{"id":"nacei-5533","kind":"plant","cat":"wind","name":"De l'Érable","province":"Québec","place":"Saint-Ferdinand","mw":100,"renewMw":100,"totalMw":100,"hydroMw":0,"pumpedMw":0,"solarMw":0,"windMw":100,"geoMw":0,"bioMw":0,"tidalMw":0,"owner":"Elecnor","operator":"Elecnor","agency":"CanWEA","period":"201612","sourceUrl":"https://open.canada.ca/data/en/dataset/490db619-ab58-4a2a-a245-2376ce1840de","sourceTitle":"Renewable Energy Power Plants, 1 MW or more","licence":"Open Government Licence - Canada","vintage":"201612"}},{"type":"Feature","geometry":{"type":"Point","coordinates":[-79.26428,43.11834]},"properties":{"id":"nacei-5534","kind":"plant","cat":"hydro","name":"Decew Falls 1","province":"Ontario","place":"St Catharines","mw":23,"renewMw":23,"totalMw":23,"hydroMw":23,"pumpedMw":0,"solarMw":0,"windMw":0,"geoMw":0,"bioMw":0,"tidalMw":0,"owner":"","operator":"Ontario Power Generation Inc","agency":"OPG","period":"201708","sourceUrl":"https://open.canada.ca/data/en/dataset/490db619-ab58-4a2a-a245-2376ce1840de","sourceTitle":"Renewable Energy Power Plants, 1 MW or more","licence":"Open Government Licence - Canada","vintage":"201708"}},{"type":"Feature","geometry":{"type":"Point","coordinates":[-79.2612,43.11895]},"properties":{"id":"nacei-5535","kind":"plant","cat":"hydro","name":"Decew Falls 2","province":"Ontario","place":"St Catharines","mw":144,"renewMw":144,"totalMw":144,"hydroMw":144,"pumpedMw":0,"solarMw":0,"windMw":0,"geoMw":0,"bioMw":0,"tidalMw":0,"owner":"","operator":"Ontario Power Generation Inc","agency":"OPG","period":"201708","sourceUrl":"https://open.canada.ca/data/en/dataset/490db619-ab58-4a2a-a245-2376ce1840de","sourceTitle":"Renewable Energy Power Plants, 1 MW or more","licence":"Open Government Licence - Canada","vintage":"201708"}},{"type":"Feature","geometry":{"type":"Point","coordinates":[-64.79087,44.08049]},"properties":{"id":"nacei-5536","kind":"plant","cat":"hydro","name":"Deep Brook","province":"Nova Scotia","place":"Mersey River","mw":9.1,"renewMw":9.1,"totalMw":9.1,"hydroMw":9.1,"pumpedMw":0,"solarMw":0,"windMw":0,"geoMw":0,"bioMw":0,"tidalMw":0,"owner":"","operator":"Nova Scotia Power Inc","agency":"Statistics Canada","period":"2000","sourceUrl":"https://open.canada.ca/data/en/dataset/490db619-ab58-4a2a-a245-2376ce1840de","sourceTitle":"Renewable Energy Power Plants, 1 MW or more","licence":"Open Government Licence - Canada","vintage":"2000"}},{"type":"Feature","geometry":{"type":"Point","coordinates":[-57.43625,49.16992]},"properties":{"id":"nacei-5537","kind":"plant","cat":"hydro","name":"Deer Lake","province":"Newfoundland and Labrador","place":"Deer Lake","mw":129,"renewMw":129,"totalMw":129,"hydroMw":129,"pumpedMw":0,"solarMw":0,"windMw":0,"geoMw":0,"bioMw":0,"tidalMw":0,"owner":"","operator":"Deer Lake Power - A Division of Kruger Energy","agency":"Kruger Energy","period":"201708","sourceUrl":"https://open.canada.ca/data/en/dataset/490db619-ab58-4a2a-a245-2376ce1840de","sourceTitle":"Renewable Energy Power Plants, 1 MW or more","licence":"Open Government Licence - Canada","vintage":"201708"}},{"type":"Feature","geometry":{"type":"Point","coordinates":[-71.35465,46.16371]},"properties":{"id":"nacei-5538","kind":"plant","cat":"wind","name":"Des Moulins I","province":"Québec","place":"St-Jean-de-Brebeuf / Kinnear's Mills / Thetford Mines","mw":135.7,"renewMw":135.7,"totalMw":135.7,"hydroMw":0,"pumpedMw":0,"solarMw":0,"windMw":135.7,"geoMw":0,"bioMw":0,"tidalMw":0,"owner":"Invenergy Wind Canada","operator":"Invenergy Wind Canada","agency":"CanWEA","period":"201612","sourceUrl":"https://open.canada.ca/data/en/dataset/490db619-ab58-4a2a-a245-2376ce1840de","sourceTitle":"Renewable Energy Power Plants, 1 MW or more","licence":"Open Government Licence - Canada","vintage":"201612"}},{"type":"Feature","geometry":{"type":"Point","coordinates":[-67.52677,48.04333]},"properties":{"id":"nacei-5539","kind":"plant","cat":"wind","name":"Des Moulins II","province":"Québec","place":"Ruisseau-Ferguson (TNO)","mw":21.2,"renewMw":21.2,"totalMw":21.2,"hydroMw":0,"pumpedMw":0,"solarMw":0,"windMw":21.2,"geoMw":0,"bioMw":0,"tidalMw":0,"owner":"Invenergy Wind Canada","operator":"Invenergy Wind Canada","agency":"CanWEA","period":"201612","sourceUrl":"https://open.canada.ca/data/en/dataset/490db619-ab58-4a2a-a245-2376ce1840de","sourceTitle":"Renewable Energy Power Plants, 1 MW or more","licence":"Open Government Licence - Canada","vintage":"201612"}},{"type":"Feature","geometry":{"type":"Point","coordinates":[-77.69701,46.18272]},"properties":{"id":"nacei-5540","kind":"plant","cat":"hydro","name":"Des-Joachims","province":"Ontario","place":"Laurentian Hills","mw":429,"renewMw":429,"totalMw":429,"hydroMw":429,"pumpedMw":0,"solarMw":0,"windMw":0,"geoMw":0,"bioMw":0,"tidalMw":0,"owner":"Ontario Power Generation (OPG)","operator":"Ontario Power Generation (OPG)","agency":"OPG","period":"201708","sourceUrl":"https://open.canada.ca/data/en/dataset/490db619-ab58-4a2a-a245-2376ce1840de","sourceTitle":"Renewable Energy Power Plants, 1 MW or more","licence":"Open Government Licence - Canada","vintage":"201708"}},{"type":"Feature","geometry":{"type":"Point","coordinates":[-110.34232,64.49118]},"properties":{"id":"nacei-5541","kind":"plant","cat":"wind","name":"Diavik Mine","province":"Northwest Territories","place":"Diavik Mine","mw":9.2,"renewMw":9.2,"totalMw":9.2,"hydroMw":0,"pumpedMw":0,"solarMw":0,"windMw":9.2,"geoMw":0,"bioMw":0,"tidalMw":0,"owner":"Diavik Diamond Mines Inc","operator":"Diavik Diamond Mines Inc","agency":"CanWEA","period":"201612","sourceUrl":"https://open.canada.ca/data/en/dataset/490db619-ab58-4a2a-a245-2376ce1840de","sourceTitle":"Renewable Energy Power Plants, 1 MW or more","licence":"Open Government Licence - Canada","vintage":"201612"}},{"type":"Feature","geometry":{"type":"Point","coordinates":[-61.50324,45.34918]},"properties":{"id":"nacei-5542","kind":"plant","cat":"hydro","name":"Dickie Brook","province":"Nova Scotia","place":"Dickie Brook","mw":2.6,"renewMw":2.6,"totalMw":2.6,"hydroMw":2.6,"pumpedMw":0,"solarMw":0,"windMw":0,"geoMw":0,"bioMw":0,"tidalMw":0,"owner":"","operator":"Nova Scotia Power Inc","agency":"Statistics Canada","period":"2000","sourceUrl":"https://open.canada.ca/data/en/dataset/490db619-ab58-4a2a-a245-2376ce1840de","sourceTitle":"Renewable Energy Power Plants, 1 MW or more","licence":"Open Government Licence - Canada","vintage":"2000"}},{"type":"Feature","geometry":{"type":"Point","coordinates":[-114.22291,52.05273]},"properties":{"id":"nacei-5543","kind":"plant","cat":"hydro","name":"Dickson Dam","province":"Alberta","place":"Red Deer River","mw":15,"renewMw":15,"totalMw":15,"hydroMw":15,"pumpedMw":0,"solarMw":0,"windMw":0,"geoMw":0,"bioMw":0,"tidalMw":0,"owner":"Algonquin Power","operator":"Algonquin Power","agency":"Algonquin Power","period":"201708","sourceUrl":"https://open.canada.ca/data/en/dataset/490db619-ab58-4a2a-a245-2376ce1840de","sourceTitle":"Renewable Energy Power Plants, 1 MW or more","licence":"Open Government Licence - Canada","vintage":"201708"}},{"type":"Feature","geometry":{"type":"Point","coordinates":[-65.94445,44.59139]},"properties":{"id":"nacei-5544","kind":"plant","cat":"wind","name":"Digby","province":"Nova Scotia","place":"","mw":30.8,"renewMw":30.8,"totalMw":30.8,"hydroMw":0,"pumpedMw":0,"solarMw":0,"windMw":30.8,"geoMw":0,"bioMw":0,"tidalMw":0,"owner":"","operator":"Nova Scotia Power Inc","agency":"CanWEA","period":"201612","sourceUrl":"https://open.canada.ca/data/en/dataset/490db619-ab58-4a2a-a245-2376ce1840de","sourceTitle":"Renewable Energy Power Plants, 1 MW or more","licence":"Open Government Licence - Canada","vintage":"201612"}},{"type":"Feature","geometry":{"type":"Point","coordinates":[-79.06807,44.43839]},"properties":{"id":"nacei-5545","kind":"plant","cat":"solar","name":"Discoverylight","province":"Ontario","place":"Beaverton","mw":10,"renewMw":10,"totalMw":10,"hydroMw":0,"pumpedMw":0,"solarMw":10,"windMw":0,"geoMw":0,"bioMw":0,"tidalMw":0,"owner":"Axium Discovery Light LP","operator":"Discoverylight LP","agency":"IESO","period":"201703","sourceUrl":"https://open.canada.ca/data/en/dataset/490db619-ab58-4a2a-a245-2376ce1840de","sourceTitle":"Renewable Energy Power Plants, 1 MW or more","licence":"Open Government Licence - Canada","vintage":"201703"}},{"type":"Feature","geometry":{"type":"Point","coordinates":[-63.10786,46.25157]},"properties":{"id":"nacei-5546","kind":"plant","cat":"biomass","name":"District Heating","province":"Prince Edward Island","place":"Charlottetown","mw":1.2,"renewMw":1.2,"totalMw":1.2,"hydroMw":0,"pumpedMw":0,"solarMw":0,"windMw":0,"geoMw":0,"bioMw":1.2,"tidalMw":0,"owner":"Fort Chicago Energy Partners of Calgary","operator":"PEI Energy Systems","agency":"Biomass Energy Resource Center","period":"2009","sourceUrl":"https://open.canada.ca/data/en/dataset/490db619-ab58-4a2a-a245-2376ce1840de","sourceTitle":"Renewable Energy Power Plants, 1 MW or more","licence":"Open Government Licence - Canada","vintage":"2009"}},{"type":"Feature","geometry":{"type":"Point","coordinates":[-122.24735,55.81177]},"properties":{"id":"nacei-5547","kind":"plant","cat":"wind","name":"Dokie","province":"British Columbia","place":"Chetwynd","mw":144,"renewMw":144,"totalMw":144,"hydroMw":0,"pumpedMw":0,"solarMw":0,"windMw":144,"geoMw":0,"bioMw":0,"tidalMw":0,"owner":"Alterra Power Corp (51%) / GE Energy Financial Services (","operator":"Dokie General Partnership","agency":"CanWEA","period":"201612","sourceUrl":"https://open.canada.ca/data/en/dataset/490db619-ab58-4a2a-a245-2376ce1840de","sourceTitle":"Renewable Energy Power Plants, 1 MW or more","licence":"Open Government Licence - Canada","vintage":"201612"}},{"type":"Feature","geometry":{"type":"Point","coordinates":[-72.21742,48.87943]},"properties":{"id":"nacei-5548","kind":"plant","cat":"biomass","name":"Dolbeau","province":"Québec","place":"Dolbeau Mistassini","mw":26.5,"renewMw":26.5,"totalMw":26.5,"hydroMw":0,"pumpedMw":0,"solarMw":0,"windMw":0,"geoMw":0,"bioMw":26.5,"tidalMw":0,"owner":"","operator":"Boralex Inc","agency":"Hydro-Québec","period":"201708","sourceUrl":"https://open.canada.ca/data/en/dataset/490db619-ab58-4a2a-a245-2376ce1840de","sourceTitle":"Renewable Energy Power Plants, 1 MW or more","licence":"Open Government Licence - Canada","vintage":"201708"}},{"type":"Feature","geometry":{"type":"Point","coordinates":[-71.981,45.56577]},"properties":{"id":"nacei-5549","kind":"plant","cat":"biomass","name":"Domtar - Windsor","province":"Québec","place":"Windsor","mw":30,"renewMw":30,"totalMw":30,"hydroMw":0,"pumpedMw":0,"solarMw":0,"windMw":0,"geoMw":0,"bioMw":30,"tidalMw":0,"owner":"Domtar Inc","operator":"Domtar Inc","agency":"Hydro-Québec","period":"201708","sourceUrl":"https://open.canada.ca/data/en/dataset/490db619-ab58-4a2a-a245-2376ce1840de","sourceTitle":"Renewable Energy Power Plants, 1 MW or more","licence":"Open Government Licence - Canada","vintage":"201708"}},{"type":"Feature","geometry":{"type":"Point","coordinates":[-81.77056,46.26972]},"properties":{"id":"nacei-5550","kind":"plant","cat":"hydro","name":"Domtar Espanola Mill","province":"Ontario","place":"Espanola","mw":18,"renewMw":18,"totalMw":18,"hydroMw":18,"pumpedMw":0,"solarMw":0,"windMw":0,"geoMw":0,"bioMw":0,"tidalMw":0,"owner":"Domtar Inc","operator":"Domtar Inc","agency":"IESO","period":"201703","sourceUrl":"https://open.canada.ca/data/en/dataset/490db619-ab58-4a2a-a245-2376ce1840de","sourceTitle":"Renewable Energy Power Plants, 1 MW or more","licence":"Open Government Licence - Canada","vintage":"201703"}},{"type":"Feature","geometry":{"type":"Point","coordinates":[-120.40534,50.68937]},"properties":{"id":"nacei-5551","kind":"plant","cat":"biomass","name":"Domtar Pulp Mill (Kamloops)","province":"British Columbia","place":"Kamloops","mw":76,"renewMw":76,"totalMw":76,"hydroMw":0,"pumpedMw":0,"solarMw":0,"windMw":0,"geoMw":0,"bioMw":76,"tidalMw":0,"owner":"Domtar Inc","operator":"Domtar Inc","agency":"BC Hydro IPP supply","period":"201704","sourceUrl":"https://open.canada.ca/data/en/dataset/490db619-ab58-4a2a-a245-2376ce1840de","sourceTitle":"Renewable Energy Power Plants, 1 MW or more","licence":"Open Government Licence - Canada","vintage":"201704"}},{"type":"Feature","geometry":{"type":"Point","coordinates":[-71.74576,46.67851]},"properties":{"id":"nacei-5552","kind":"plant","cat":"hydro","name":"Donnacona","province":"Québec","place":"Donnacona","mw":4.8,"renewMw":4.8,"totalMw":4.8,"hydroMw":4.8,"pumpedMw":0,"solarMw":0,"windMw":0,"geoMw":0,"bioMw":0,"tidalMw":0,"owner":"Algonquin Power","operator":"Algonquin Power","agency":"Algonquin Power","period":"201708","sourceUrl":"https://open.canada.ca/data/en/dataset/490db619-ab58-4a2a-a245-2376ce1840de","sourceTitle":"Renewable Energy Power Plants, 1 MW or more","licence":"Open Government Licence - Canada","vintage":"201708"}},{"type":"Feature","geometry":{"type":"Point","coordinates":[-122.15095,49.76756]},"properties":{"id":"nacei-5553","kind":"plant","cat":"hydro","name":"Douglas Creek","province":"British Columbia","place":"Mission","mw":27,"renewMw":27,"totalMw":27,"hydroMw":27,"pumpedMw":0,"solarMw":0,"windMw":0,"geoMw":0,"bioMw":0,"tidalMw":0,"owner":"Innergex Inc (50%) / Harrison Hydro Project (50%)","operator":"Innergex Inc","agency":"Innergex","period":"201708","sourceUrl":"https://open.canada.ca/data/en/dataset/490db619-ab58-4a2a-a245-2376ce1840de","sourceTitle":"Renewable Energy Power Plants, 1 MW or more","licence":"Open Government Licence - Canada","vintage":"201708"}},{"type":"Feature","geometry":{"type":"Point","coordinates":[-72.4841,45.88691]},"properties":{"id":"nacei-5554","kind":"plant","cat":"hydro","name":"Drummondville","province":"Québec","place":"Saint-François","mw":16,"renewMw":16,"totalMw":16,"hydroMw":16,"pumpedMw":0,"solarMw":0,"windMw":0,"geoMw":0,"bioMw":0,"tidalMw":0,"owner":"Hydro-Québec","operator":"Hydro-Québec","agency":"Hydro-Québec","period":"201708","sourceUrl":"https://open.canada.ca/data/en/dataset/490db619-ab58-4a2a-a245-2376ce1840de","sourceTitle":"Renewable Energy Power Plants, 1 MW or more","licence":"Open Government Licence - Canada","vintage":"201708"}},{"type":"Feature","geometry":{"type":"Point","coordinates":[-80.26726,44.21339]},"properties":{"id":"nacei-5555","kind":"plant","cat":"wind","name":"Dufferin","province":"Ontario","place":"Shelburne","mw":91.4,"renewMw":91.4,"totalMw":91.4,"hydroMw":0,"pumpedMw":0,"solarMw":0,"windMw":91.4,"geoMw":0,"bioMw":0,"tidalMw":0,"owner":"Dufferin Wind Power Inc","operator":"Dufferin Wind Power Inc","agency":"CanWEA","period":"201612","sourceUrl":"https://open.canada.ca/data/en/dataset/490db619-ab58-4a2a-a245-2376ce1840de","sourceTitle":"Renewable Energy Power Plants, 1 MW or more","licence":"Open Government Licence - Canada","vintage":"201612"}},{"type":"Feature","geometry":{"type":"Point","coordinates":[-75.41783,45.5844]},"properties":{"id":"nacei-5556","kind":"plant","cat":"hydro","name":"Dufferin","province":"Québec","place":"Gatineau","mw":40.6,"renewMw":40.6,"totalMw":40.6,"hydroMw":40.6,"pumpedMw":0,"solarMw":0,"windMw":0,"geoMw":0,"bioMw":0,"tidalMw":0,"owner":"Énergie La Lièvre, Sec/Énergie Brookfield Inc","operator":"Énergie La Lièvre, Sec/Énergie Brookfield Inc","agency":"MERN","period":"201708","sourceUrl":"https://open.canada.ca/data/en/dataset/490db619-ab58-4a2a-a245-2376ce1840de","sourceTitle":"Renewable Energy Power Plants, 1 MW or more","licence":"Open Government Licence - Canada","vintage":"201708"}},{"type":"Feature","geometry":{"type":"Point","coordinates":[-84.71555,47.90691]},"properties":{"id":"nacei-5557","kind":"plant","cat":"hydro","name":"Dunford","province":"Ontario","place":"Wawa","mw":45,"renewMw":45,"totalMw":45,"hydroMw":45,"pumpedMw":0,"solarMw":0,"windMw":0,"geoMw":0,"bioMw":0,"tidalMw":0,"owner":"Brookfield Renewable Power Inc","operator":"Brookfield Renewable Energy Partners","agency":"IESO","period":"201703","sourceUrl":"https://open.canada.ca/data/en/dataset/490db619-ab58-4a2a-a245-2376ce1840de","sourceTitle":"Renewable Energy Power Plants, 1 MW or more","licence":"Open Government Licence - Canada","vintage":"201703"}},{"type":"Feature","geometry":{"type":"Point","coordinates":[-103.34752,53.68898]},"properties":{"id":"nacei-5558","kind":"plant","cat":"hydro","name":"E B Campbell","province":"Saskatchewan","place":"Saskatchewan River","mw":289,"renewMw":289,"totalMw":289,"hydroMw":289,"pumpedMw":0,"solarMw":0,"windMw":0,"geoMw":0,"bioMw":0,"tidalMw":0,"owner":"Saskatchewan Power Corp","operator":"Saskatchewan Power Corp","agency":"SaskPower","period":"201612","sourceUrl":"https://open.canada.ca/data/en/dataset/490db619-ab58-4a2a-a245-2376ce1840de","sourceTitle":"Renewable Energy Power Plants, 1 MW or more","licence":"Open Government Licence - Canada","vintage":"201612"}},{"type":"Feature","geometry":{"type":"Point","coordinates":[-93.19685,49.79105]},"properties":{"id":"nacei-5559","kind":"plant","cat":"hydro","name":"Eagle River","province":"Ontario","place":"Machin","mw":1.8,"renewMw":1.8,"totalMw":1.8,"hydroMw":1.8,"pumpedMw":0,"solarMw":0,"windMw":0,"geoMw":0,"bioMw":0,"tidalMw":0,"owner":"","operator":"Regional Power Inc","agency":"Statistics Canada","period":"2000","sourceUrl":"https://open.canada.ca/data/en/dataset/490db619-ab58-4a2a-a245-2376ce1840de","sourceTitle":"Renewable Energy Power Plants, 1 MW or more","licence":"Open Government Licence - Canada","vintage":"2000"}},{"type":"Feature","geometry":{"type":"Point","coordinates":[-79.28344,44.28753]},"properties":{"id":"nacei-5560","kind":"plant","cat":"solar","name":"Earthlight","province":"Ontario","place":"Pefferlaw","mw":10,"renewMw":10,"totalMw":10,"hydroMw":0,"pumpedMw":0,"solarMw":10,"windMw":0,"geoMw":0,"bioMw":0,"tidalMw":0,"owner":"Concord Earthlight Partnership","operator":"Earthlight LP","agency":"IESO","period":"201703","sourceUrl":"https://open.canada.ca/data/en/dataset/490db619-ab58-4a2a-a245-2376ce1840de","sourceTitle":"Renewable Energy Power Plants, 1 MW or more","licence":"Open Government Licence - Canada","vintage":"201703"}},{"type":"Feature","geometry":{"type":"Point","coordinates":[-71.6623,45.48269]},"properties":{"id":"nacei-5561","kind":"plant","cat":"hydro","name":"East Angus","province":"Québec","place":"Westbury","mw":2.3,"renewMw":2.3,"totalMw":2.3,"hydroMw":2.3,"pumpedMw":0,"solarMw":0,"windMw":0,"geoMw":0,"bioMw":0,"tidalMw":0,"owner":"Forces Motrices Saint-François Inc/Boralex Inc","operator":"Forces Motrices Saint-François Inc/Boralex Inc","agency":"MERN","period":"201708","sourceUrl":"https://open.canada.ca/data/en/dataset/490db619-ab58-4a2a-a245-2376ce1840de","sourceTitle":"Renewable Energy Power Plants, 1 MW or more","licence":"Open Government Licence - Canada","vintage":"201708"}},{"type":"Feature","geometry":{"type":"Point","coordinates":[-80.70052,44.19717]},"properties":{"id":"nacei-5562","kind":"plant","cat":"wind","name":"East Durham","province":"Ontario","place":"Priceville","mw":22.4,"renewMw":22.4,"totalMw":22.4,"hydroMw":0,"pumpedMw":0,"solarMw":0,"windMw":22.4,"geoMw":0,"bioMw":0,"tidalMw":0,"owner":"East Durham Wind, LP","operator":"East Durham Wind, LP","agency":"CanWEA","period":"201612","sourceUrl":"https://open.canada.ca/data/en/dataset/490db619-ab58-4a2a-a245-2376ce1840de","sourceTitle":"Renewable Energy Power Plants, 1 MW or more","licence":"Open Government Licence - Canada","vintage":"201612"}},{"type":"Feature","geometry":{"type":"Point","coordinates":[-82.36031,42.47764]},"properties":{"id":"nacei-5563","kind":"plant","cat":"wind","name":"East Lake St. Clair","province":"Ontario","place":"Wallaceburg","mw":99,"renewMw":99,"totalMw":99,"hydroMw":0,"pumpedMw":0,"solarMw":0,"windMw":99,"geoMw":0,"bioMw":0,"tidalMw":0,"owner":"East Lake St. Clair Wind LP","operator":"East Lake St. Clair Wind LP","agency":"CanWEA","period":"201612","sourceUrl":"https://open.canada.ca/data/en/dataset/490db619-ab58-4a2a-a245-2376ce1840de","sourceTitle":"Renewable Energy Power Plants, 1 MW or more","licence":"Open Government Licence - Canada","vintage":"201612"}},{"type":"Feature","geometry":{"type":"Point","coordinates":[-79.17393,43.12156]},"properties":{"id":"nacei-5564","kind":"plant","cat":"biomass","name":"East LFG","province":"Ontario","place":"Thorold","mw":1,"renewMw":1,"totalMw":1,"hydroMw":0,"pumpedMw":0,"solarMw":0,"windMw":0,"geoMw":0,"bioMw":1,"tidalMw":0,"owner":"St. Catharines Hydro Generation Inc / Glenridge Gas Utilization Inc","operator":"","agency":"IGRS","period":"201601","sourceUrl":"https://open.canada.ca/data/en/dataset/490db619-ab58-4a2a-a245-2376ce1840de","sourceTitle":"Renewable Energy Power Plants, 1 MW or more","licence":"Open Government Licence - Canada","vintage":"201601"}},{"type":"Feature","geometry":{"type":"Point","coordinates":[-123.96028,50.67508]},"properties":{"id":"nacei-5565","kind":"plant","cat":"hydro","name":"East Toba","province":"British Columbia","place":"Powell River","mw":123,"renewMw":123,"totalMw":123,"hydroMw":123,"pumpedMw":0,"solarMw":0,"windMw":0,"geoMw":0,"bioMw":0,"tidalMw":0,"owner":"","operator":"Toba Montrose General Partnership","agency":"BC Hydro IPP supply","period":"201704","sourceUrl":"https://open.canada.ca/data/en/dataset/490db619-ab58-4a2a-a245-2376ce1840de","sourceTitle":"Renewable Energy Power Plants, 1 MW or more","licence":"Open Government Licence - Canada","vintage":"201704"}},{"type":"Feature","geometry":{"type":"Point","coordinates":[-120.38339,53.45814]},"properties":{"id":"nacei-5566","kind":"plant","cat":"hydro","name":"East Twin","province":"British Columbia","place":"","mw":2,"renewMw":2,"totalMw":2,"hydroMw":2,"pumpedMw":0,"solarMw":0,"windMw":0,"geoMw":0,"bioMw":0,"tidalMw":0,"owner":"","operator":"Brookfield Renewable Energy Partners","agency":"BC Hydro IPP supply","period":"201704","sourceUrl":"https://open.canada.ca/data/en/dataset/490db619-ab58-4a2a-a245-2376ce1840de","sourceTitle":"Renewable Energy Power Plants, 1 MW or more","licence":"Open Government Licence - Canada","vintage":"201704"}},{"type":"Feature","geometry":{"type":"Point","coordinates":[-62.06819,46.45255]},"properties":{"id":"nacei-5567","kind":"plant","cat":"wind","name":"Eastern Kings","province":"Prince Edward Island","place":"Elmira","mw":30,"renewMw":30,"totalMw":30,"hydroMw":0,"pumpedMw":0,"solarMw":0,"windMw":30,"geoMw":0,"bioMw":0,"tidalMw":0,"owner":"PEI Energy Corp","operator":"PEI Energy Corp","agency":"CanWEA","period":"201612","sourceUrl":"https://open.canada.ca/data/en/dataset/490db619-ab58-4a2a-a245-2376ce1840de","sourceTitle":"Renewable Energy Power Plants, 1 MW or more","licence":"Open Government Licence - Canada","vintage":"201612"}},{"type":"Feature","geometry":{"type":"Point","coordinates":[-76.05101,52.18183]},"properties":{"id":"nacei-5568","kind":"plant","cat":"hydro","name":"Eastmain-1","province":"Québec","place":"La Grande","mw":480,"renewMw":480,"totalMw":480,"hydroMw":480,"pumpedMw":0,"solarMw":0,"windMw":0,"geoMw":0,"bioMw":0,"tidalMw":0,"owner":"Hydro-Québec","operator":"Hydro-Québec","agency":"Hydro-Québec","period":"201708","sourceUrl":"https://open.canada.ca/data/en/dataset/490db619-ab58-4a2a-a245-2376ce1840de","sourceTitle":"Renewable Energy Power Plants, 1 MW or more","licence":"Open Government Licence - Canada","vintage":"201708"}},{"type":"Feature","geometry":{"type":"Point","coordinates":[-76.04183,52.17931]},"properties":{"id":"nacei-5569","kind":"plant","cat":"hydro","name":"Eastmain-1-A","province":"Québec","place":"La Grande","mw":768,"renewMw":768,"totalMw":768,"hydroMw":768,"pumpedMw":0,"solarMw":0,"windMw":0,"geoMw":0,"bioMw":0,"tidalMw":0,"owner":"Hydro-Québec","operator":"Hydro-Québec","agency":"Hydro-Québec","period":"201708","sourceUrl":"https://open.canada.ca/data/en/dataset/490db619-ab58-4a2a-a245-2376ce1840de","sourceTitle":"Renewable Energy Power Plants, 1 MW or more","licence":"Open Government Licence - Canada","vintage":"201708"}},{"type":"Feature","geometry":{"type":"Point","coordinates":[-80.2323,43.5741]},"properties":{"id":"nacei-5570","kind":"plant","cat":"biomass","name":"Eastview LFG","province":"Ontario","place":"Guelph","mw":1.7,"renewMw":1.7,"totalMw":1.7,"hydroMw":0,"pumpedMw":0,"solarMw":0,"windMw":0,"geoMw":0,"bioMw":1.7,"tidalMw":0,"owner":"Envida Community Energy Inc","operator":"Envida Community Energy Inc","agency":"IESO","period":"201703","sourceUrl":"https://open.canada.ca/data/en/dataset/490db619-ab58-4a2a-a245-2376ce1840de","sourceTitle":"Renewable Energy Power Plants, 1 MW or more","licence":"Open Government Licence - Canada","vintage":"201703"}},{"type":"Feature","geometry":{"type":"Point","coordinates":[-75.71846,45.42078]},"properties":{"id":"nacei-5571","kind":"plant","cat":"hydro","name":"Eddy Ottawa (Powerhouses 2 & 3)","province":"Ontario","place":"Ottawa","mw":9.2,"renewMw":9.2,"totalMw":9.2,"hydroMw":9.2,"pumpedMw":0,"solarMw":0,"windMw":0,"geoMw":0,"bioMw":0,"tidalMw":0,"owner":"Energy Ottawa Inc","operator":"Hydro Ottawa","agency":"Statistics Canada","period":"2000","sourceUrl":"https://open.canada.ca/data/en/dataset/490db619-ab58-4a2a-a245-2376ce1840de","sourceTitle":"Renewable Energy Power Plants, 1 MW or more","licence":"Open Government Licence - Canada","vintage":"2000"}},{"type":"Feature","geometry":{"type":"Point","coordinates":[-68.32363,47.36256]},"properties":{"id":"nacei-5572","kind":"plant","cat":"hydro","name":"Edmundston","province":"New Brunswick","place":"Madawaska River","mw":9,"renewMw":9,"totalMw":9,"hydroMw":9,"pumpedMw":0,"solarMw":0,"windMw":0,"geoMw":0,"bioMw":0,"tidalMw":0,"owner":"","operator":"Fraser Papers Inc (Canada) / Papiers Fraser Inc (Canada)","agency":"NB Power","period":"201707","sourceUrl":"https://open.canada.ca/data/en/dataset/490db619-ab58-4a2a-a245-2376ce1840de","sourceTitle":"Renewable Energy Power Plants, 1 MW or more","licence":"Open Government Licence - Canada","vintage":"201707"}},{"type":"Feature","geometry":{"type":"Point","coordinates":[-76.07952,45.05637]},"properties":{"id":"nacei-5573","kind":"plant","cat":"solar","name":"Effisolar Beckwith","province":"Ontario","place":"Smiths Falls","mw":10,"renewMw":10,"totalMw":10,"hydroMw":0,"pumpedMw":0,"solarMw":10,"windMw":0,"geoMw":0,"bioMw":0,"tidalMw":0,"owner":"Beckwith Solar Inc","operator":"Beckwith Solar Inc","agency":"IESO","period":"201703","sourceUrl":"https://open.canada.ca/data/en/dataset/490db619-ab58-4a2a-a245-2376ce1840de","sourceTitle":"Renewable Energy Power Plants, 1 MW or more","licence":"Open Government Licence - Canada","vintage":"201703"}},{"type":"Feature","geometry":{"type":"Point","coordinates":[-119.35894,50.01902]},"properties":{"id":"nacei-5574","kind":"plant","cat":"hydro","name":"Eldorado Reservoir","province":"British Columbia","place":"Kelowna","mw":1.1,"renewMw":1.1,"totalMw":1.1,"hydroMw":1.1,"pumpedMw":0,"solarMw":0,"windMw":0,"geoMw":0,"bioMw":0,"tidalMw":0,"owner":"District of Lake Country","operator":"","agency":"","period":"201708","sourceUrl":"https://open.canada.ca/data/en/dataset/490db619-ab58-4a2a-a245-2376ce1840de","sourceTitle":"Renewable Energy Power Plants, 1 MW or more","licence":"Open Government Licence - Canada","vintage":"201708"}},{"type":"Feature","geometry":{"type":"Point","coordinates":[-115.10461,49.29007]},"properties":{"id":"nacei-5575","kind":"plant","cat":"hydro","name":"Elko","province":"British Columbia","place":"Elk River","mw":12,"renewMw":12,"totalMw":12,"hydroMw":12,"pumpedMw":0,"solarMw":0,"windMw":0,"geoMw":0,"bioMw":0,"tidalMw":0,"owner":"BC Hydro","operator":"BC Hydro","agency":"BC Hydro","period":"201708","sourceUrl":"https://open.canada.ca/data/en/dataset/490db619-ab58-4a2a-a245-2376ce1840de","sourceTitle":"Renewable Energy Power Plants, 1 MW or more","licence":"Open Government Licence - Canada","vintage":"201708"}},{"type":"Feature","geometry":{"type":"Point","coordinates":[-79.38937,46.06017]},"properties":{"id":"nacei-5576","kind":"plant","cat":"hydro","name":"Elliot Chute","province":"Ontario","place":"South River","mw":2,"renewMw":2,"totalMw":2,"hydroMw":2,"pumpedMw":0,"solarMw":0,"windMw":0,"geoMw":0,"bioMw":0,"tidalMw":0,"owner":"","operator":"Ontario Power Generation Inc","agency":"OPG","period":"201708","sourceUrl":"https://open.canada.ca/data/en/dataset/490db619-ab58-4a2a-a245-2376ce1840de","sourceTitle":"Renewable Energy Power Plants, 1 MW or more","licence":"Open Government Licence - Canada","vintage":"201708"}},{"type":"Feature","geometry":{"type":"Point","coordinates":[-76.0866,44.84058]},"properties":{"id":"nacei-5577","kind":"plant","cat":"solar","name":"Elmsley East / West","province":"Ontario","place":"Elmsley","mw":24,"renewMw":24,"totalMw":24,"hydroMw":0,"pumpedMw":0,"solarMw":24,"windMw":0,"geoMw":0,"bioMw":0,"tidalMw":0,"owner":"EDF Energies Nouvelles","operator":"EDF Energies Nouvelles","agency":"EDF Energies Nouvelles","period":"201708","sourceUrl":"https://open.canada.ca/data/en/dataset/490db619-ab58-4a2a-a245-2376ce1840de","sourceTitle":"Renewable Energy Power Plants, 1 MW or more","licence":"Open Government Licence - Canada","vintage":"201708"}},{"type":"Feature","geometry":{"type":"Point","coordinates":[-82.42674,42.27411]},"properties":{"id":"nacei-5578","kind":"plant","cat":"solar","name":"Enbridge Tilbury","province":"Ontario","place":"","mw":5,"renewMw":5,"totalMw":5,"hydroMw":0,"pumpedMw":0,"solarMw":5,"windMw":0,"geoMw":0,"bioMw":0,"tidalMw":0,"owner":"Enbridge Inc","operator":"","agency":"","period":"201601","sourceUrl":"https://open.canada.ca/data/en/dataset/490db619-ab58-4a2a-a245-2376ce1840de","sourceTitle":"Renewable Energy Power Plants, 1 MW or more","licence":"Open Government Licence - Canada","vintage":"201601"}},{"type":"Feature","geometry":{"type":"Point","coordinates":[-81.85037,42.44542]},"properties":{"id":"nacei-5579","kind":"plant","cat":"solar","name":"Erie Ridge","province":"Ontario","place":"Chatham-Kent","mw":9.4,"renewMw":9.4,"totalMw":9.4,"hydroMw":0,"pumpedMw":0,"solarMw":9.4,"windMw":0,"geoMw":0,"bioMw":0,"tidalMw":0,"owner":"Sunedison / Skypower Ltd","operator":"Sunedison / Skypower Ltd","agency":"CSSKY","period":"201302","sourceUrl":"https://open.canada.ca/data/en/dataset/490db619-ab58-4a2a-a245-2376ce1840de","sourceTitle":"Renewable Energy Power Plants, 1 MW or more","licence":"Open Government Licence - Canada","vintage":"201302"}},{"type":"Feature","geometry":{"type":"Point","coordinates":[-80.76948,42.64763]},"properties":{"id":"nacei-5580","kind":"plant","cat":"wind","name":"Erie Shores","province":"Ontario","place":"Port Burwell","mw":99,"renewMw":99,"totalMw":99,"hydroMw":0,"pumpedMw":0,"solarMw":0,"windMw":99,"geoMw":0,"bioMw":0,"tidalMw":0,"owner":"Erie Shores Wind Farm LP","operator":"Erie Shores Wind Farm LP","agency":"CanWEA","period":"201612","sourceUrl":"https://open.canada.ca/data/en/dataset/490db619-ab58-4a2a-a245-2376ce1840de","sourceTitle":"Renewable Energy Power Plants, 1 MW or more","licence":"Open Government Licence - Canada","vintage":"201612"}},{"type":"Feature","geometry":{"type":"Point","coordinates":[-82.00468,42.30106]},"properties":{"id":"nacei-5581","kind":"plant","cat":"wind","name":"Erieau","province":"Ontario","place":"Blenheim","mw":99,"renewMw":99,"totalMw":99,"hydroMw":0,"pumpedMw":0,"solarMw":0,"windMw":99,"geoMw":0,"bioMw":0,"tidalMw":0,"owner":"Erieau Wind LP","operator":"Erieau Wind LP","agency":"CanWEA","period":"201612","sourceUrl":"https://open.canada.ca/data/en/dataset/490db619-ab58-4a2a-a245-2376ce1840de","sourceTitle":"Renewable Energy Power Plants, 1 MW or more","licence":"Open Government Licence - Canada","vintage":"201612"}},{"type":"Feature","geometry":{"type":"Point","coordinates":[-76.71951,44.228]},"properties":{"id":"nacei-5582","kind":"plant","cat":"wind","name":"Ernestown","province":"Ontario","place":"Bath","mw":10,"renewMw":10,"totalMw":10,"hydroMw":0,"pumpedMw":0,"solarMw":0,"windMw":10,"geoMw":0,"bioMw":0,"tidalMw":0,"owner":"Ernestown Windpark LP","operator":"Ernestown Windpark LP","agency":"CanWEA","period":"201612","sourceUrl":"https://open.canada.ca/data/en/dataset/490db619-ab58-4a2a-a245-2376ce1840de","sourceTitle":"Renewable Energy Power Plants, 1 MW or more","licence":"Open Government Licence - Canada","vintage":"201612"}},{"type":"Feature","geometry":{"type":"Point","coordinates":[-81.76716,46.26911]},"properties":{"id":"nacei-5583","kind":"plant","cat":"biomass","name":"Espanola Mill","province":"Ontario","place":"Espanola","mw":25,"renewMw":25,"totalMw":25,"hydroMw":0,"pumpedMw":0,"solarMw":0,"windMw":0,"geoMw":0,"bioMw":25,"tidalMw":0,"owner":"","operator":"Domtar Inc","agency":"Statistics Canada","period":"2000","sourceUrl":"https://open.canada.ca/data/en/dataset/490db619-ab58-4a2a-a245-2376ce1840de","sourceTitle":"Renewable Energy Power Plants, 1 MW or more","licence":"Open Government Licence - Canada","vintage":"2000"}},{"type":"Feature","geometry":{"type":"Point","coordinates":[-80.53704,44.33981]},"properties":{"id":"nacei-5584","kind":"plant","cat":"hydro","name":"Eugenia","province":"Ontario","place":"Grey Highlands","mw":6,"renewMw":6,"totalMw":6,"hydroMw":6,"pumpedMw":0,"solarMw":0,"windMw":0,"geoMw":0,"bioMw":0,"tidalMw":0,"owner":"","operator":"Ontario Power Generation Inc","agency":"OPG","period":"201708","sourceUrl":"https://open.canada.ca/data/en/dataset/490db619-ab58-4a2a-a245-2376ce1840de","sourceTitle":"Renewable Energy Power Plants, 1 MW or more","licence":"Open Government Licence - Canada","vintage":"201708"}},{"type":"Feature","geometry":{"type":"Point","coordinates":[-61.99128,45.68243]},"properties":{"id":"nacei-5585","kind":"plant","cat":"wind","name":"Fairmont","province":"Nova Scotia","place":"","mw":4.6,"renewMw":4.6,"totalMw":4.6,"hydroMw":0,"pumpedMw":0,"solarMw":0,"windMw":4.6,"geoMw":0,"bioMw":0,"tidalMw":0,"owner":"","operator":"Wind Prospect Inc","agency":"CanWEA","period":"201612","sourceUrl":"https://open.canada.ca/data/en/dataset/490db619-ab58-4a2a-a245-2376ce1840de","sourceTitle":"Renewable Energy Power Plants, 1 MW or more","licence":"Open Government Licence - Canada","vintage":"201612"}},{"type":"Feature","geometry":{"type":"Point","coordinates":[-129.73424,53.98353]},"properties":{"id":"nacei-5586","kind":"plant","cat":"hydro","name":"Falls River","province":"British Columbia","place":"Falls River","mw":7,"renewMw":7,"totalMw":7,"hydroMw":7,"pumpedMw":0,"solarMw":0,"windMw":0,"geoMw":0,"bioMw":0,"tidalMw":0,"owner":"BC Hydro","operator":"BC Hydro","agency":"BC Hydro Quick Facts","period":"201506","sourceUrl":"https://open.canada.ca/data/en/dataset/490db619-ab58-4a2a-a245-2376ce1840de","sourceTitle":"Renewable Energy Power Plants, 1 MW or more","licence":"Open Government Licence - Canada","vintage":"201506"}},{"type":"Feature","geometry":{"type":"Point","coordinates":[-78.7373,44.53557]},"properties":{"id":"nacei-5587","kind":"plant","cat":"hydro","name":"Fenelon Falls","province":"Ontario","place":"Kawartha Lakes","mw":2.6,"renewMw":2.6,"totalMw":2.6,"hydroMw":2.6,"pumpedMw":0,"solarMw":0,"windMw":0,"geoMw":0,"bioMw":0,"tidalMw":0,"owner":"","operator":"Consolidated Hydro Ltd","agency":"Statistics Canada","period":"2000","sourceUrl":"https://open.canada.ca/data/en/dataset/490db619-ab58-4a2a-a245-2376ce1840de","sourceTitle":"Renewable Energy Power Plants, 1 MW or more","licence":"Open Government Licence - Canada","vintage":"2000"}},{"type":"Feature","geometry":{"type":"Point","coordinates":[-52.97003,46.96992]},"properties":{"id":"nacei-5588","kind":"plant","cat":"wind","name":"Fermeuse","province":"Newfoundland and Labrador","place":"","mw":27,"renewMw":27,"totalMw":27,"hydroMw":0,"pumpedMw":0,"solarMw":0,"windMw":27,"geoMw":0,"bioMw":0,"tidalMw":0,"owner":"","operator":"","agency":"CanWEA","period":"201612","sourceUrl":"https://open.canada.ca/data/en/dataset/490db619-ab58-4a2a-a245-2376ce1840de","sourceTitle":"Renewable Energy Power Plants, 1 MW or more","licence":"Open Government Licence - Canada","vintage":"201612"}},{"type":"Feature","geometry":{"type":"Point","coordinates":[-81.26323,44.94649]},"properties":{"id":"nacei-5589","kind":"plant","cat":"wind","name":"Ferndale","province":"Ontario","place":"Ferndale","mw":5.1,"renewMw":5.1,"totalMw":5.1,"hydroMw":0,"pumpedMw":0,"solarMw":0,"windMw":5.1,"geoMw":0,"bioMw":0,"tidalMw":0,"owner":"","operator":"Sky Generation Inc","agency":"CanWEA","period":"201612","sourceUrl":"https://open.canada.ca/data/en/dataset/490db619-ab58-4a2a-a245-2376ce1840de","sourceTitle":"Renewable Energy Power Plants, 1 MW or more","licence":"Open Government Licence - Canada","vintage":"201612"}},{"type":"Feature","geometry":{"type":"Point","coordinates":[-122.23466,49.78336]},"properties":{"id":"nacei-5590","kind":"plant","cat":"hydro","name":"Fire Creek","province":"British Columbia","place":"Mission","mw":23,"renewMw":23,"totalMw":23,"hydroMw":23,"pumpedMw":0,"solarMw":0,"windMw":0,"geoMw":0,"bioMw":0,"tidalMw":0,"owner":"Innergex Inc (50%) / Harrison Hydro Project (50%)","operator":"Innergex Inc","agency":"Innergex","period":"201708","sourceUrl":"https://open.canada.ca/data/en/dataset/490db619-ab58-4a2a-a245-2376ce1840de","sourceTitle":"Renewable Energy Power Plants, 1 MW or more","licence":"Open Government Licence - Canada","vintage":"201708"}},{"type":"Feature","geometry":{"type":"Point","coordinates":[-76.92565,44.29043]},"properties":{"id":"nacei-5591","kind":"plant","cat":"solar","name":"First Light I","province":"Ontario","place":"Stone Mills","mw":9.1,"renewMw":9.1,"totalMw":9.1,"hydroMw":0,"pumpedMw":0,"solarMw":9.1,"windMw":0,"geoMw":0,"bioMw":0,"tidalMw":0,"owner":"Sunedison / Skypower Ltd","operator":"Sunedison / Skypower Ltd","agency":"CSSKY","period":"201302","sourceUrl":"https://open.canada.ca/data/en/dataset/490db619-ab58-4a2a-a245-2376ce1840de","sourceTitle":"Renewable Energy Power Plants, 1 MW or more","licence":"Open Government Licence - Canada","vintage":"201302"}},{"type":"Feature","geometry":{"type":"Point","coordinates":[-76.94248,44.29835]},"properties":{"id":"nacei-5592","kind":"plant","cat":"solar","name":"First Light II","province":"Ontario","place":"Stone Mills","mw":10.4,"renewMw":10.4,"totalMw":10.4,"hydroMw":0,"pumpedMw":0,"solarMw":10.4,"windMw":0,"geoMw":0,"bioMw":0,"tidalMw":0,"owner":"Sunedison / Skypower Ltd","operator":"Sunedison / Skypower Ltd","agency":"CSSKY","period":"201302","sourceUrl":"https://open.canada.ca/data/en/dataset/490db619-ab58-4a2a-a245-2376ce1840de","sourceTitle":"Renewable Energy Power Plants, 1 MW or more","licence":"Open Government Licence - Canada","vintage":"201302"}},{"type":"Feature","geometry":{"type":"Point","coordinates":[-62.90134,45.62645]},"properties":{"id":"nacei-5593","kind":"plant","cat":"wind","name":"Fitzpatrick Mountain","province":"Nova Scotia","place":"Fitzpatrick Mountain","mw":1.6,"renewMw":1.6,"totalMw":1.6,"hydroMw":0,"pumpedMw":0,"solarMw":0,"windMw":1.6,"geoMw":0,"bioMw":0,"tidalMw":0,"owner":"","operator":"Shearwind Inc","agency":"CanWEA","period":"201612","sourceUrl":"https://open.canada.ca/data/en/dataset/490db619-ab58-4a2a-a245-2376ce1840de","sourceTitle":"Renewable Energy Power Plants, 1 MW or more","licence":"Open Government Licence - Canada","vintage":"201612"}},{"type":"Feature","geometry":{"type":"Point","coordinates":[-122.94481,50.10564]},"properties":{"id":"nacei-5594","kind":"plant","cat":"hydro","name":"Fitzsimmons Creek","province":"British Columbia","place":"Whistler","mw":7.5,"renewMw":7.5,"totalMw":7.5,"hydroMw":7.5,"pumpedMw":0,"solarMw":0,"windMw":0,"geoMw":0,"bioMw":0,"tidalMw":0,"owner":"Innergex Inc (66.7%) / Ledcor Power Group (33.3%)","operator":"","agency":"Innergex","period":"201708","sourceUrl":"https://open.canada.ca/data/en/dataset/490db619-ab58-4a2a-a245-2376ce1840de","sourceTitle":"Renewable Energy Power Plants, 1 MW or more","licence":"Open Government Licence - Canada","vintage":"201708"}},{"type":"Feature","geometry":{"type":"Point","coordinates":[-130.6866,56.71716]},"properties":{"id":"nacei-5595","kind":"plant","cat":"hydro","name":"Forrest Kerr","province":"British Columbia","place":"","mw":195,"renewMw":195,"totalMw":195,"hydroMw":195,"pumpedMw":0,"solarMw":0,"windMw":0,"geoMw":0,"bioMw":0,"tidalMw":0,"owner":"AltaGas","operator":"","agency":"AltaGas","period":"201708","sourceUrl":"https://open.canada.ca/data/en/dataset/490db619-ab58-4a2a-a245-2376ce1840de","sourceTitle":"Renewable Energy Power Plants, 1 MW or more","licence":"Open Government Licence - Canada","vintage":"201708"}},{"type":"Feature","geometry":{"type":"Point","coordinates":[-93.40233,48.60907]},"properties":{"id":"nacei-5596","kind":"plant","cat":"hydro","name":"Fort Frances","province":"Ontario","place":"Fort Frances","mw":9.4,"renewMw":9.4,"totalMw":9.4,"hydroMw":9.4,"pumpedMw":0,"solarMw":0,"windMw":0,"geoMw":0,"bioMw":0,"tidalMw":0,"owner":"H2O Power LP","operator":"H2O Power LP","agency":"IESO","period":"201703","sourceUrl":"https://open.canada.ca/data/en/dataset/490db619-ab58-4a2a-a245-2376ce1840de","sourceTitle":"Renewable Energy Power Plants, 1 MW or more","licence":"Open Government Licence - Canada","vintage":"201703"}},{"type":"Feature","geometry":{"type":"Point","coordinates":[-89.25363,48.36031]},"properties":{"id":"nacei-5597","kind":"plant","cat":"solar","name":"Fort William","province":"Ontario","place":"","mw":10.9,"renewMw":10.9,"totalMw":10.9,"hydroMw":0,"pumpedMw":0,"solarMw":10.9,"windMw":0,"geoMw":0,"bioMw":0,"tidalMw":0,"owner":"Not Reported","operator":"","agency":"CSSKY","period":"201302","sourceUrl":"https://open.canada.ca/data/en/dataset/490db619-ab58-4a2a-a245-2376ce1840de","sourceTitle":"Renewable Energy Power Plants, 1 MW or more","licence":"Open Government Licence - Canada","vintage":"201302"}},{"type":"Feature","geometry":{"type":"Point","coordinates":[-77.09397,44.01994]},"properties":{"id":"nacei-5598","kind":"plant","cat":"solar","name":"Fotolight","province":"Ontario","place":"Picton","mw":10,"renewMw":10,"totalMw":10,"hydroMw":0,"pumpedMw":0,"solarMw":10,"windMw":0,"geoMw":0,"bioMw":0,"tidalMw":0,"owner":"Axium Foto Light LP","operator":"Fotolight LP","agency":"IESO","period":"201703","sourceUrl":"https://open.canada.ca/data/en/dataset/490db619-ab58-4a2a-a245-2376ce1840de","sourceTitle":"Renewable Energy Power Plants, 1 MW or more","licence":"Open Government Licence - Canada","vintage":"201703"}},{"type":"Feature","geometry":{"type":"Point","coordinates":[-65.71927,44.36961]},"properties":{"id":"nacei-5599","kind":"plant","cat":"hydro","name":"Fourth Lake","province":"Nova Scotia","place":"Sissiboo River","mw":2.2,"renewMw":2.2,"totalMw":2.2,"hydroMw":2.2,"pumpedMw":0,"solarMw":0,"windMw":0,"geoMw":0,"bioMw":0,"tidalMw":0,"owner":"","operator":"Nova Scotia Power Inc","agency":"Statistics Canada","period":"2000","sourceUrl":"https://open.canada.ca/data/en/dataset/490db619-ab58-4a2a-a245-2376ce1840de","sourceTitle":"Renewable Energy Power Plants, 1 MW or more","licence":"Open Government Licence - Canada","vintage":"2000"}},{"type":"Feature","geometry":{"type":"Point","coordinates":[-70.73705,46.4445]},"properties":{"id":"nacei-5600","kind":"plant","cat":"wind","name":"Frampton","province":"Québec","place":"","mw":24,"renewMw":24,"totalMw":24,"hydroMw":0,"pumpedMw":0,"solarMw":0,"windMw":24,"geoMw":0,"bioMw":0,"tidalMw":0,"owner":"","operator":"","agency":"CanWEA","period":"201612","sourceUrl":"https://open.canada.ca/data/en/dataset/490db619-ab58-4a2a-a245-2376ce1840de","sourceTitle":"Renewable Energy Power Plants, 1 MW or more","licence":"Open Government Licence - Canada","vintage":"201612"}},{"type":"Feature","geometry":{"type":"Point","coordinates":[-77.59445,44.18647]},"properties":{"id":"nacei-5601","kind":"plant","cat":"hydro","name":"Frankford","province":"Ontario","place":"Quinte West","mw":3,"renewMw":3,"totalMw":3,"hydroMw":3,"pumpedMw":0,"solarMw":0,"windMw":0,"geoMw":0,"bioMw":0,"tidalMw":0,"owner":"","operator":"Ontario Power Generation Inc","agency":"OPG","period":"201708","sourceUrl":"https://open.canada.ca/data/en/dataset/490db619-ab58-4a2a-a245-2376ce1840de","sourceTitle":"Renewable Energy Power Plants, 1 MW or more","licence":"Open Government Licence - Canada","vintage":"201708"}},{"type":"Feature","geometry":{"type":"Point","coordinates":[-69.53168,47.84099]},"properties":{"id":"nacei-5602","kind":"plant","cat":"hydro","name":"Fraser","province":"Québec","place":"Riviere du loup","mw":2.9,"renewMw":2.9,"totalMw":2.9,"hydroMw":2.9,"pumpedMw":0,"solarMw":0,"windMw":0,"geoMw":0,"bioMw":0,"tidalMw":0,"owner":"Hydro-Fraser Inc","operator":"Hydro-Fraser Inc","agency":"MERN","period":"201708","sourceUrl":"https://open.canada.ca/data/en/dataset/490db619-ab58-4a2a-a245-2376ce1840de","sourceTitle":"Renewable Energy Power Plants, 1 MW or more","licence":"Open Government Licence - Canada","vintage":"201708"}},{"type":"Feature","geometry":{"type":"Point","coordinates":[-123.0378,49.15967]},"properties":{"id":"nacei-5603","kind":"plant","cat":"biomass","name":"Fraser Richmond Soil & Fiber","province":"British Columbia","place":"Richmond","mw":1,"renewMw":1,"totalMw":1,"hydroMw":0,"pumpedMw":0,"solarMw":0,"windMw":0,"geoMw":0,"bioMw":1,"tidalMw":0,"owner":"Harvest","operator":"Fraser Richmond Soil & Fibre Ltd","agency":"BC Hydro IPP supply","period":"201704","sourceUrl":"https://open.canada.ca/data/en/dataset/490db619-ab58-4a2a-a245-2376ce1840de","sourceTitle":"Renewable Energy Power Plants, 1 MW or more","licence":"Open Government Licence - Canada","vintage":"201704"}},{"type":"Feature","geometry":{"type":"Point","coordinates":[-80.65982,42.60685]},"properties":{"id":"nacei-5604","kind":"plant","cat":"wind","name":"Frogmore","province":"Ontario","place":"Frogmore","mw":9.9,"renewMw":9.9,"totalMw":9.9,"hydroMw":0,"pumpedMw":0,"solarMw":0,"windMw":9.9,"geoMw":0,"bioMw":0,"tidalMw":0,"owner":"","operator":"Aim Powergen Corp","agency":"CanWEA","period":"201612","sourceUrl":"https://open.canada.ca/data/en/dataset/490db619-ab58-4a2a-a245-2376ce1840de","sourceTitle":"Renewable Energy Power Plants, 1 MW or more","licence":"Open Government Licence - Canada","vintage":"201612"}},{"type":"Feature","geometry":{"type":"Point","coordinates":[-81.86567,42.39642]},"properties":{"id":"nacei-5605","kind":"plant","cat":"wind","name":"Front Line","province":"Ontario","place":"Morpeth","mw":9,"renewMw":9,"totalMw":9,"hydroMw":0,"pumpedMw":0,"solarMw":0,"windMw":9,"geoMw":0,"bioMw":0,"tidalMw":0,"owner":"Gengrowth","operator":"","agency":"NRCan","period":"201601","sourceUrl":"https://open.canada.ca/data/en/dataset/490db619-ab58-4a2a-a245-2376ce1840de","sourceTitle":"Renewable Energy Power Plants, 1 MW or more","licence":"Open Government Licence - Canada","vintage":"201601"}},{"type":"Feature","geometry":{"type":"Point","coordinates":[-71.89841,45.40233]},"properties":{"id":"nacei-5606","kind":"plant","cat":"hydro","name":"Frontenac","province":"Québec","place":"Sherbrooke","mw":2.2,"renewMw":2.2,"totalMw":2.2,"hydroMw":2.2,"pumpedMw":0,"solarMw":0,"windMw":0,"geoMw":0,"bioMw":0,"tidalMw":0,"owner":"Ville de Sherbrooke /Hydro Sherbrooke","operator":"Ville de Sherbrooke /Hydro Sherbrooke","agency":"MERN","period":"201708","sourceUrl":"https://open.canada.ca/data/en/dataset/490db619-ab58-4a2a-a245-2376ce1840de","sourceTitle":"Renewable Energy Power Plants, 1 MW or more","licence":"Open Government Licence - Canada","vintage":"201708"}},{"type":"Feature","geometry":{"type":"Point","coordinates":[-123.20198,49.57929]},"properties":{"id":"nacei-5607","kind":"plant","cat":"hydro","name":"Furry Creek","province":"British Columbia","place":"Lions Bay","mw":10,"renewMw":10,"totalMw":10,"hydroMw":10,"pumpedMw":0,"solarMw":0,"windMw":0,"geoMw":0,"bioMw":0,"tidalMw":0,"owner":"Furry Creek Power Ltd","operator":"Furry Creek Power Ltd","agency":"BC Hydro IPP supply","period":"201704","sourceUrl":"https://open.canada.ca/data/en/dataset/490db619-ab58-4a2a-a245-2376ce1840de","sourceTitle":"Renewable Energy Power Plants, 1 MW or more","licence":"Open Government Licence - Canada","vintage":"201704"}},{"type":"Feature","geometry":{"type":"Point","coordinates":[-122.19574,56.0148]},"properties":{"id":"nacei-5608","kind":"plant","cat":"hydro","name":"G.M. Shrum","province":"British Columbia","place":"Peace River","mw":2730,"renewMw":2730,"totalMw":2730,"hydroMw":2730,"pumpedMw":0,"solarMw":0,"windMw":0,"geoMw":0,"bioMw":0,"tidalMw":0,"owner":"BC Hydro","operator":"BC Hydro","agency":"BC Hydro","period":"201708","sourceUrl":"https://open.canada.ca/data/en/dataset/490db619-ab58-4a2a-a245-2376ce1840de","sourceTitle":"Renewable Energy Power Plants, 1 MW or more","licence":"Open Government Licence - Canada","vintage":"201708"}},{"type":"Feature","geometry":{"type":"Point","coordinates":[-63.20429,44.75881]},"properties":{"id":"nacei-5609","kind":"plant","cat":"wind","name":"Gaetz Brook","province":"Nova Scotia","place":"","mw":2.3,"renewMw":2.3,"totalMw":2.3,"hydroMw":0,"pumpedMw":0,"solarMw":0,"windMw":2.3,"geoMw":0,"bioMw":0,"tidalMw":0,"owner":"","operator":"","agency":"CanWEA","period":"201612","sourceUrl":"https://open.canada.ca/data/en/dataset/490db619-ab58-4a2a-a245-2376ce1840de","sourceTitle":"Renewable Energy Power Plants, 1 MW or more","licence":"Open Government Licence - Canada","vintage":"201612"}},{"type":"Feature","geometry":{"type":"Point","coordinates":[-76.25365,45.42617]},"properties":{"id":"nacei-5610","kind":"plant","cat":"hydro","name":"Galetta","province":"Ontario","place":"Arnprior","mw":1.6,"renewMw":1.6,"totalMw":1.6,"hydroMw":1.6,"pumpedMw":0,"solarMw":0,"windMw":0,"geoMw":0,"bioMw":0,"tidalMw":0,"owner":"Canadian Hydro Developers, Inc","operator":"TransAlta (100%)","agency":"IESO","period":"201703","sourceUrl":"https://open.canada.ca/data/en/dataset/490db619-ab58-4a2a-a245-2376ce1840de","sourceTitle":"Renewable Energy Power Plants, 1 MW or more","licence":"Open Government Licence - Canada","vintage":"201703"}},{"type":"Feature","geometry":{"type":"Point","coordinates":[-78.58097,44.01969]},"properties":{"id":"nacei-5611","kind":"plant","cat":"wind","name":"Ganaraska","province":"Ontario","place":"Orono","mw":17.6,"renewMw":17.6,"totalMw":17.6,"hydroMw":0,"pumpedMw":0,"solarMw":0,"windMw":17.6,"geoMw":0,"bioMw":0,"tidalMw":0,"owner":"Ganaraska Wind Development Joint Venture","operator":"Ganaraska Wind Development Joint Venture","agency":"CanWEA","period":"201612","sourceUrl":"https://open.canada.ca/data/en/dataset/490db619-ab58-4a2a-a245-2376ce1840de","sourceTitle":"Renewable Energy Power Plants, 1 MW or more","licence":"Open Government Licence - Canada","vintage":"201612"}},{"type":"Feature","geometry":{"type":"Point","coordinates":[-84.58354,47.24023]},"properties":{"id":"nacei-5612","kind":"plant","cat":"hydro","name":"Gartshore","province":"Ontario","place":"Wawa","mw":23,"renewMw":23,"totalMw":23,"hydroMw":23,"pumpedMw":0,"solarMw":0,"windMw":0,"geoMw":0,"bioMw":0,"tidalMw":0,"owner":"Brookfield Renewable Power Inc","operator":"Brookfield Renewable Energy Partners","agency":"IESO","period":"201703","sourceUrl":"https://open.canada.ca/data/en/dataset/490db619-ab58-4a2a-a245-2376ce1840de","sourceTitle":"Renewable Energy Power Plants, 1 MW or more","licence":"Open Government Licence - Canada","vintage":"201703"}},{"type":"Feature","geometry":{"type":"Point","coordinates":[-75.65525,45.47918]},"properties":{"id":"nacei-5613","kind":"plant","cat":"biomass","name":"Gatineau (Bowater)","province":"Québec","place":"Gatineau","mw":15,"renewMw":15,"totalMw":15,"hydroMw":0,"pumpedMw":0,"solarMw":0,"windMw":0,"geoMw":0,"bioMw":15,"tidalMw":0,"owner":"","operator":"","agency":"Hydro-Québec","period":"201708","sourceUrl":"https://open.canada.ca/data/en/dataset/490db619-ab58-4a2a-a245-2376ce1840de","sourceTitle":"Renewable Energy Power Plants, 1 MW or more","licence":"Open Government Licence - Canada","vintage":"201708"}},{"type":"Feature","geometry":{"type":"Point","coordinates":[-79.41898,45.98791]},"properties":{"id":"nacei-5614","kind":"plant","cat":"hydro","name":"Geisler Falls / Corkery Falls","province":"Ontario","place":"Trout Creek","mw":2.9,"renewMw":2.9,"totalMw":2.9,"hydroMw":2.9,"pumpedMw":0,"solarMw":0,"windMw":0,"geoMw":0,"bioMw":0,"tidalMw":0,"owner":"Carlisle LP No. 1","operator":"","agency":"IESO","period":"201703","sourceUrl":"https://open.canada.ca/data/en/dataset/490db619-ab58-4a2a-a245-2376ce1840de","sourceTitle":"Renewable Energy Power Plants, 1 MW or more","licence":"Open Government Licence - Canada","vintage":"201703"}},{"type":"Feature","geometry":{"type":"Point","coordinates":[-81.75706,42.51931]},"properties":{"id":"nacei-5615","kind":"plant","cat":"wind","name":"Gesner","province":"Ontario","place":"Duart","mw":10,"renewMw":10,"totalMw":10,"hydroMw":0,"pumpedMw":0,"solarMw":0,"windMw":10,"geoMw":0,"bioMw":0,"tidalMw":0,"owner":"","operator":"Gesner Wind Farm LP","agency":"CanWEA","period":"201612","sourceUrl":"https://open.canada.ca/data/en/dataset/490db619-ab58-4a2a-a245-2376ce1840de","sourceTitle":"Renewable Energy Power Plants, 1 MW or more","licence":"Open Government Licence - Canada","vintage":"201612"}},{"type":"Feature","geometry":{"type":"Point","coordinates":[-114.70784,51.2188]},"properties":{"id":"nacei-5616","kind":"plant","cat":"hydro","name":"Ghost","province":"Alberta","place":"Cochrane","mw":51,"renewMw":51,"totalMw":51,"hydroMw":51,"pumpedMw":0,"solarMw":0,"windMw":0,"geoMw":0,"bioMw":0,"tidalMw":0,"owner":"TransAlta (100%)","operator":"TransAlta (100%)","agency":"TransAlta","period":"201708","sourceUrl":"https://open.canada.ca/data/en/dataset/490db619-ab58-4a2a-a245-2376ce1840de","sourceTitle":"Renewable Energy Power Plants, 1 MW or more","licence":"Open Government Licence - Canada","vintage":"201708"}},{"type":"Feature","geometry":{"type":"Point","coordinates":[-113.31805,51.87235]},"properties":{"id":"nacei-5617","kind":"plant","cat":"wind","name":"Ghost Pine","province":"Alberta","place":"Three Hills","mw":81.6,"renewMw":81.6,"totalMw":81.6,"hydroMw":0,"pumpedMw":0,"solarMw":0,"windMw":81.6,"geoMw":0,"bioMw":0,"tidalMw":0,"owner":"Finavera","operator":"Finavera","agency":"CanWEA","period":"201612","sourceUrl":"https://open.canada.ca/data/en/dataset/490db619-ab58-4a2a-a245-2376ce1840de","sourceTitle":"Renewable Energy Power Plants, 1 MW or more","licence":"Open Government Licence - Canada","vintage":"201612"}},{"type":"Feature","geometry":{"type":"Point","coordinates":[-60.52519,46.56766]},"properties":{"id":"nacei-5618","kind":"plant","cat":"hydro","name":"Gisborne","province":"Nova Scotia","place":"McLeods Brook","mw":3.5,"renewMw":3.5,"totalMw":3.5,"hydroMw":3.5,"pumpedMw":0,"solarMw":0,"windMw":0,"geoMw":0,"bioMw":0,"tidalMw":0,"owner":"","operator":"Nova Scotia Power Inc","agency":"Statistics Canada","period":"2000","sourceUrl":"https://open.canada.ca/data/en/dataset/490db619-ab58-4a2a-a245-2376ce1840de","sourceTitle":"Renewable Energy Power Plants, 1 MW or more","licence":"Open Government Licence - Canada","vintage":"2000"}},{"type":"Feature","geometry":{"type":"Point","coordinates":[-85.7659,48.64388]},"properties":{"id":"nacei-5619","kind":"plant","cat":"hydro","name":"Gitchi Animki Bezhig","province":"Ontario","place":"Mobert","mw":8.9,"renewMw":8.9,"totalMw":8.9,"hydroMw":8.9,"pumpedMw":0,"solarMw":0,"windMw":0,"geoMw":0,"bioMw":0,"tidalMw":0,"owner":"Pic Mobert Hydro Inc","operator":"Pic Mobert Hydro Inc","agency":"IESO","period":"201703","sourceUrl":"https://open.canada.ca/data/en/dataset/490db619-ab58-4a2a-a245-2376ce1840de","sourceTitle":"Renewable Energy Power Plants, 1 MW or more","licence":"Open Government Licence - Canada","vintage":"201703"}},{"type":"Feature","geometry":{"type":"Point","coordinates":[-85.87787,48.59774]},"properties":{"id":"nacei-5620","kind":"plant","cat":"hydro","name":"Gitchi Animki Niizh","province":"Ontario","place":"Mobert","mw":10,"renewMw":10,"totalMw":10,"hydroMw":10,"pumpedMw":0,"solarMw":0,"windMw":0,"geoMw":0,"bioMw":0,"tidalMw":0,"owner":"Pic Mobert Hydro Inc","operator":"Pic Mobert Hydro Inc","agency":"IESO","period":"201703","sourceUrl":"https://open.canada.ca/data/en/dataset/490db619-ab58-4a2a-a245-2376ce1840de","sourceTitle":"Renewable Energy Power Plants, 1 MW or more","licence":"Open Government Licence - Canada","vintage":"201703"}},{"type":"Feature","geometry":{"type":"Point","coordinates":[-79.42467,46.00217]},"properties":{"id":"nacei-5621","kind":"plant","cat":"hydro","name":"Gitzler Falls","province":"Ontario","place":"Powassan","mw":1.2,"renewMw":1.2,"totalMw":1.2,"hydroMw":1.2,"pumpedMw":0,"solarMw":0,"windMw":0,"geoMw":0,"bioMw":0,"tidalMw":0,"owner":"Carlisle Ltd Partnership","operator":"Carlisle Ltd Partnership","agency":"","period":"201612","sourceUrl":"https://open.canada.ca/data/en/dataset/490db619-ab58-4a2a-a245-2376ce1840de","sourceTitle":"Renewable Energy Power Plants, 1 MW or more","licence":"Open Government Licence - Canada","vintage":"201612"}},{"type":"Feature","geometry":{"type":"Point","coordinates":[-59.98096,46.21803]},"properties":{"id":"nacei-5622","kind":"plant","cat":"wind","name":"Glace Bay / Donkin","province":"Nova Scotia","place":"Glace Bay","mw":1.6,"renewMw":1.6,"totalMw":1.6,"hydroMw":0,"pumpedMw":0,"solarMw":0,"windMw":1.6,"geoMw":0,"bioMw":0,"tidalMw":0,"owner":"","operator":"Confederation Power","agency":"CanWEA","period":"201612","sourceUrl":"https://open.canada.ca/data/en/dataset/490db619-ab58-4a2a-a245-2376ce1840de","sourceTitle":"Renewable Energy Power Plants, 1 MW or more","licence":"Open Government Licence - Canada","vintage":"201612"}},{"type":"Feature","geometry":{"type":"Point","coordinates":[-62.22162,45.64666]},"properties":{"id":"nacei-5623","kind":"plant","cat":"wind","name":"Glen Dhu","province":"Nova Scotia","place":"","mw":62.1,"renewMw":62.1,"totalMw":62.1,"hydroMw":0,"pumpedMw":0,"solarMw":0,"windMw":62.1,"geoMw":0,"bioMw":0,"tidalMw":0,"owner":"","operator":"Shear Wind","agency":"CanWEA","period":"201612","sourceUrl":"https://open.canada.ca/data/en/dataset/490db619-ab58-4a2a-a245-2376ce1840de","sourceTitle":"Renewable Energy Power Plants, 1 MW or more","licence":"Open Government Licence - Canada","vintage":"201612"}},{"type":"Feature","geometry":{"type":"Point","coordinates":[-77.58193,44.15254]},"properties":{"id":"nacei-5624","kind":"plant","cat":"hydro","name":"Glen Miller","province":"Ontario","place":"Trenton","mw":8,"renewMw":8,"totalMw":8,"hydroMw":8,"pumpedMw":0,"solarMw":0,"windMw":0,"geoMw":0,"bioMw":0,"tidalMw":0,"owner":"Glen Miller Power LP","operator":"Innergex Inc","agency":"IESO","period":"201703","sourceUrl":"https://open.canada.ca/data/en/dataset/490db619-ab58-4a2a-a245-2376ce1840de","sourceTitle":"Renewable Energy Power Plants, 1 MW or more","licence":"Open Government Licence - Canada","vintage":"201703"}},{"type":"Feature","geometry":{"type":"Point","coordinates":[-78.96619,44.46333]},"properties":{"id":"nacei-5625","kind":"plant","cat":"solar","name":"Glenarm","province":"Ontario","place":"Woodville","mw":10,"renewMw":10,"totalMw":10,"hydroMw":0,"pumpedMw":0,"solarMw":10,"windMw":0,"geoMw":0,"bioMw":0,"tidalMw":0,"owner":"Csi Glenarm LP","operator":"Csi Glenarm LP","agency":"IESO","period":"201703","sourceUrl":"https://open.canada.ca/data/en/dataset/490db619-ab58-4a2a-a245-2376ce1840de","sourceTitle":"Renewable Energy Power Plants, 1 MW or more","licence":"Open Government Licence - Canada","vintage":"201703"}},{"type":"Feature","geometry":{"type":"Point","coordinates":[-71.94046,46.83849]},"properties":{"id":"nacei-5626","kind":"plant","cat":"hydro","name":"Glenford","province":"Québec","place":"Ste Christine d’Auvergne","mw":5,"renewMw":5,"totalMw":5,"hydroMw":5,"pumpedMw":0,"solarMw":0,"windMw":0,"geoMw":0,"bioMw":0,"tidalMw":0,"owner":"Algonquin Power","operator":"Algonquin Power","agency":"Algonquin Power","period":"201708","sourceUrl":"https://open.canada.ca/data/en/dataset/490db619-ab58-4a2a-a245-2376ce1840de","sourceTitle":"Renewable Energy Power Plants, 1 MW or more","licence":"Open Government Licence - Canada","vintage":"201708"}},{"type":"Feature","geometry":{"type":"Point","coordinates":[-126.12526,49.68275]},"properties":{"id":"nacei-5627","kind":"plant","cat":"biomass","name":"Gold River","province":"British Columbia","place":"Gold River","mw":90,"renewMw":90,"totalMw":90,"hydroMw":0,"pumpedMw":0,"solarMw":0,"windMw":0,"geoMw":0,"bioMw":90,"tidalMw":0,"owner":"Green Island Energy","operator":"","agency":"Green Island Energy","period":"201512","sourceUrl":"https://open.canada.ca/data/en/dataset/490db619-ab58-4a2a-a245-2376ce1840de","sourceTitle":"Renewable Energy Power Plants, 1 MW or more","licence":"Open Government Licence - Canada","vintage":"201512"}},{"type":"Feature","geometry":{"type":"Point","coordinates":[-116.97607,51.30467]},"properties":{"id":"nacei-5628","kind":"plant","cat":"biomass","name":"Golden","province":"British Columbia","place":"Golden","mw":8,"renewMw":8,"totalMw":8,"hydroMw":0,"pumpedMw":0,"solarMw":0,"windMw":0,"geoMw":0,"bioMw":8,"tidalMw":0,"owner":"Louisiana-Pacific Canada Engineered Wood Products Ltd","operator":"Evans Forest Products Ltd","agency":"BC Hydro IPP supply","period":"201704","sourceUrl":"https://open.canada.ca/data/en/dataset/490db619-ab58-4a2a-a245-2376ce1840de","sourceTitle":"Renewable Energy Power Plants, 1 MW or more","licence":"Open Government Licence - Canada","vintage":"201704"}},{"type":"Feature","geometry":{"type":"Point","coordinates":[-79.29358,44.28777]},"properties":{"id":"nacei-5629","kind":"plant","cat":"solar","name":"Goldlight","province":"Ontario","place":"Pefferlaw","mw":10,"renewMw":10,"totalMw":10,"hydroMw":0,"pumpedMw":0,"solarMw":10,"windMw":0,"geoMw":0,"bioMw":0,"tidalMw":0,"owner":"Goldlight LP","operator":"Goldlight LP","agency":"IESO","period":"201703","sourceUrl":"https://open.canada.ca/data/en/dataset/490db619-ab58-4a2a-a245-2376ce1840de","sourceTitle":"Renewable Energy Power Plants, 1 MW or more","licence":"Open Government Licence - Canada","vintage":"201703"}},{"type":"Feature","geometry":{"type":"Point","coordinates":[-78.99199,44.51169]},"properties":{"id":"nacei-5630","kind":"plant","cat":"solar","name":"Goodlight","province":"Ontario","place":"Kirkfield","mw":10,"renewMw":10,"totalMw":10,"hydroMw":0,"pumpedMw":0,"solarMw":10,"windMw":0,"geoMw":0,"bioMw":0,"tidalMw":0,"owner":"Goodlight LP","operator":"Goodlight LP","agency":"IESO","period":"201703","sourceUrl":"https://open.canada.ca/data/en/dataset/490db619-ab58-4a2a-a245-2376ce1840de","sourceTitle":"Renewable Energy Power Plants, 1 MW or more","licence":"Open Government Licence - Canada","vintage":"201703"}},{"type":"Feature","geometry":{"type":"Point","coordinates":[-82.6835,42.12693]},"properties":{"id":"nacei-5631","kind":"plant","cat":"wind","name":"Gosfield","province":"Ontario","place":"Kingsville","mw":50.6,"renewMw":50.6,"totalMw":50.6,"hydroMw":0,"pumpedMw":0,"solarMw":0,"windMw":50.6,"geoMw":0,"bioMw":0,"tidalMw":0,"owner":"Gosfield Wind LP","operator":"Gosfield Wind LP","agency":"CanWEA","period":"201612","sourceUrl":"https://open.canada.ca/data/en/dataset/490db619-ab58-4a2a-a245-2376ce1840de","sourceTitle":"Renewable Energy Power Plants, 1 MW or more","licence":"Open Government Licence - Canada","vintage":"201612"}},{"type":"Feature","geometry":{"type":"Point","coordinates":[-81.61441,43.29862]},"properties":{"id":"nacei-5632","kind":"plant","cat":"wind","name":"Goshen","province":"Ontario","place":"Dashwood","mw":102.4,"renewMw":102.4,"totalMw":102.4,"hydroMw":0,"pumpedMw":0,"solarMw":0,"windMw":102.4,"geoMw":0,"bioMw":0,"tidalMw":0,"owner":"Goshen Wind, LP","operator":"Goshen Wind, LP","agency":"CanWEA","period":"201612","sourceUrl":"https://open.canada.ca/data/en/dataset/490db619-ab58-4a2a-a245-2376ce1840de","sourceTitle":"Renewable Energy Power Plants, 1 MW or more","licence":"Open Government Licence - Canada","vintage":"201612"}},{"type":"Feature","geometry":{"type":"Point","coordinates":[-84.35868,46.66153]},"properties":{"id":"nacei-5633","kind":"plant","cat":"wind","name":"Goulais","province":"Ontario","place":"Sault Ste. Marie","mw":25.3,"renewMw":25.3,"totalMw":25.3,"hydroMw":0,"pumpedMw":0,"solarMw":0,"windMw":25.3,"geoMw":0,"bioMw":0,"tidalMw":0,"owner":"Chi-Wiikwedong LP","operator":"Chi-Wiikwedong LP","agency":"CanWEA","period":"201612","sourceUrl":"https://open.canada.ca/data/en/dataset/490db619-ab58-4a2a-a245-2376ce1840de","sourceTitle":"Renewable Energy Power Plants, 1 MW or more","licence":"Open Government Licence - Canada","vintage":"201612"}},{"type":"Feature","geometry":{"type":"Point","coordinates":[-82.48821,42.27178]},"properties":{"id":"nacei-5634","kind":"plant","cat":"wind","name":"Gracey","province":"Ontario","place":"Windsor","mw":10,"renewMw":10,"totalMw":10,"hydroMw":0,"pumpedMw":0,"solarMw":0,"windMw":10,"geoMw":0,"bioMw":0,"tidalMw":0,"owner":"","operator":"Gengrowth LP1","agency":"CanWEA","period":"201612","sourceUrl":"https://open.canada.ca/data/en/dataset/490db619-ab58-4a2a-a245-2376ce1840de","sourceTitle":"Renewable Energy Power Plants, 1 MW or more","licence":"Open Government Licence - Canada","vintage":"201612"}},{"type":"Feature","geometry":{"type":"Point","coordinates":[-81.65777,43.39365]},"properties":{"id":"nacei-5635","kind":"plant","cat":"wind","name":"Grand Bend","province":"Ontario","place":"Zurich","mw":99.3,"renewMw":99.3,"totalMw":99.3,"hydroMw":0,"pumpedMw":0,"solarMw":0,"windMw":99.3,"geoMw":0,"bioMw":0,"tidalMw":0,"owner":"Grand Bend Wind LP","operator":"Grand Bend Wind LP","agency":"CanWEA","period":"201612","sourceUrl":"https://open.canada.ca/data/en/dataset/490db619-ab58-4a2a-a245-2376ce1840de","sourceTitle":"Renewable Energy Power Plants, 1 MW or more","licence":"Open Government Licence - Canada","vintage":"201612"}},{"type":"Feature","geometry":{"type":"Point","coordinates":[-55.66783,48.92542]},"properties":{"id":"nacei-5636","kind":"plant","cat":"hydro","name":"Grand Falls","province":"Newfoundland and Labrador","place":"Exploits River","mw":75,"renewMw":75,"totalMw":75,"hydroMw":75,"pumpedMw":0,"solarMw":0,"windMw":0,"geoMw":0,"bioMw":0,"tidalMw":0,"owner":"","operator":"Newfoundland Labrador Hydroelectric Corp (Nalcor Energy)","agency":"NL Hydro","period":"201708","sourceUrl":"https://open.canada.ca/data/en/dataset/490db619-ab58-4a2a-a245-2376ce1840de","sourceTitle":"Renewable Energy Power Plants, 1 MW or more","licence":"Open Government Licence - Canada","vintage":"201708"}},{"type":"Feature","geometry":{"type":"Point","coordinates":[-67.73687,47.04293]},"properties":{"id":"nacei-5637","kind":"plant","cat":"hydro","name":"Grand Falls / Grand Sault","province":"New Brunswick","place":"Grand Falls","mw":66,"renewMw":66,"totalMw":66,"hydroMw":66,"pumpedMw":0,"solarMw":0,"windMw":0,"geoMw":0,"bioMw":0,"tidalMw":0,"owner":"","operator":"NB Power Corp","agency":"NB Power","period":"201707","sourceUrl":"https://open.canada.ca/data/en/dataset/490db619-ab58-4a2a-a245-2376ce1840de","sourceTitle":"Renewable Energy Power Plants, 1 MW or more","licence":"Open Government Licence - Canada","vintage":"201707"}},{"type":"Feature","geometry":{"type":"Point","coordinates":[-99.28626,53.16004]},"properties":{"id":"nacei-5638","kind":"plant","cat":"hydro","name":"Grand Rapids","province":"Manitoba","place":"Grand Rapids","mw":479,"renewMw":479,"totalMw":479,"hydroMw":479,"pumpedMw":0,"solarMw":0,"windMw":0,"geoMw":0,"bioMw":0,"tidalMw":0,"owner":"","operator":"Manitoba Hydro","agency":"MB Hydro","period":"201708","sourceUrl":"https://open.canada.ca/data/en/dataset/490db619-ab58-4a2a-a245-2376ce1840de","sourceTitle":"Renewable Energy Power Plants, 1 MW or more","licence":"Open Government Licence - Canada","vintage":"201708"}},{"type":"Feature","geometry":{"type":"Point","coordinates":[-79.78791,42.88138]},"properties":{"id":"nacei-5639","kind":"plant","cat":"wind","name":"Grand Renewable Energy Park","province":"Ontario","place":"Cayuga","mw":149,"renewMw":149,"totalMw":149,"hydroMw":0,"pumpedMw":0,"solarMw":0,"windMw":149,"geoMw":0,"bioMw":0,"tidalMw":0,"owner":"Grand Renewable Wind LP","operator":"Samsung / Pattern Energy","agency":"CanWEA","period":"201612","sourceUrl":"https://open.canada.ca/data/en/dataset/490db619-ab58-4a2a-a245-2376ce1840de","sourceTitle":"Renewable Energy Power Plants, 1 MW or more","licence":"Open Government Licence - Canada","vintage":"201612"}},{"type":"Feature","geometry":{"type":"Point","coordinates":[-79.81897,42.88834]},"properties":{"id":"nacei-5640","kind":"plant","cat":"solar","name":"Grand Renewable Energy Park","province":"Ontario","place":"Cayuga","mw":100,"renewMw":100,"totalMw":100,"hydroMw":0,"pumpedMw":0,"solarMw":100,"windMw":0,"geoMw":0,"bioMw":0,"tidalMw":0,"owner":"Grand Renewable Solar LP","operator":"Samsung / Pattern Energy","agency":"IESO","period":"201703","sourceUrl":"https://open.canada.ca/data/en/dataset/490db619-ab58-4a2a-a245-2376ce1840de","sourceTitle":"Renewable Energy Power Plants, 1 MW or more","licence":"Open Government Licence - Canada","vintage":"201703"}},{"type":"Feature","geometry":{"type":"Point","coordinates":[-80.35561,44.00777]},"properties":{"id":"nacei-5641","kind":"plant","cat":"wind","name":"Grand Valley I / II","province":"Ontario","place":"Dundalk","mw":19.8,"renewMw":19.8,"totalMw":19.8,"hydroMw":0,"pumpedMw":0,"solarMw":0,"windMw":19.8,"geoMw":0,"bioMw":0,"tidalMw":0,"owner":"Grand Valley 1 LP","operator":"Grand Valley 1 LP","agency":"CanWEA","period":"201612","sourceUrl":"https://open.canada.ca/data/en/dataset/490db619-ab58-4a2a-a245-2376ce1840de","sourceTitle":"Renewable Energy Power Plants, 1 MW or more","licence":"Open Government Licence - Canada","vintage":"201612"}},{"type":"Feature","geometry":{"type":"Point","coordinates":[-80.34368,43.92945]},"properties":{"id":"nacei-5642","kind":"plant","cat":"wind","name":"Grand Valley III","province":"Ontario","place":"Grand Valley","mw":40.1,"renewMw":40.1,"totalMw":40.1,"hydroMw":0,"pumpedMw":0,"solarMw":0,"windMw":40.1,"geoMw":0,"bioMw":0,"tidalMw":0,"owner":"Grand Valley 2 LP","operator":"Grand Valley 2 LP","agency":"CanWEA","period":"201612","sourceUrl":"https://open.canada.ca/data/en/dataset/490db619-ab58-4a2a-a245-2376ce1840de","sourceTitle":"Renewable Energy Power Plants, 1 MW or more","licence":"Open Government Licence - Canada","vintage":"201612"}},{"type":"Feature","geometry":{"type":"Point","coordinates":[-118.8184,55.1602]},"properties":{"id":"nacei-5643","kind":"plant","cat":"biomass","name":"Grande Prairie EcoPower","province":"Alberta","place":"Grande Prairie","mw":25,"renewMw":25,"totalMw":25,"hydroMw":0,"pumpedMw":0,"solarMw":0,"windMw":0,"geoMw":0,"bioMw":25,"tidalMw":0,"owner":"Canadian Gas and Electric","operator":"Canadian Gas and Electric","agency":"Alberta Energy","period":"201708","sourceUrl":"https://open.canada.ca/data/en/dataset/490db619-ab58-4a2a-a245-2376ce1840de","sourceTitle":"Renewable Energy Power Plants, 1 MW or more","licence":"Open Government Licence - Canada","vintage":"201708"}},{"type":"Feature","geometry":{"type":"Point","coordinates":[-72.10538,45.2727]},"properties":{"id":"nacei-5644","kind":"plant","cat":"hydro","name":"Grande-Dame","province":"Québec","place":"Magog","mw":1.7,"renewMw":1.7,"totalMw":1.7,"hydroMw":1.7,"pumpedMw":0,"solarMw":0,"windMw":0,"geoMw":0,"bioMw":0,"tidalMw":0,"owner":"Ville de Magog","operator":"Ville de Magog","agency":"MERN","period":"201708","sourceUrl":"https://open.canada.ca/data/en/dataset/490db619-ab58-4a2a-a245-2376ce1840de","sourceTitle":"Renewable Energy Power Plants, 1 MW or more","licence":"Open Government Licence - Canada","vintage":"201708"}},{"type":"Feature","geometry":{"type":"Point","coordinates":[-72.67934,46.61521]},"properties":{"id":"nacei-5645","kind":"plant","cat":"hydro","name":"Grand-Mère","province":"Québec","place":"Saint-Maurice","mw":67,"renewMw":67,"totalMw":67,"hydroMw":67,"pumpedMw":0,"solarMw":0,"windMw":0,"geoMw":0,"bioMw":0,"tidalMw":0,"owner":"Hydro-Québec","operator":"Hydro-Québec","agency":"Hydro-Québec","period":"201708","sourceUrl":"https://open.canada.ca/data/en/dataset/490db619-ab58-4a2a-a245-2376ce1840de","sourceTitle":"Renewable Energy Power Plants, 1 MW or more","licence":"Open Government Licence - Canada","vintage":"201708"}},{"type":"Feature","geometry":{"type":"Point","coordinates":[-56.81525,48.19656]},"properties":{"id":"nacei-5646","kind":"plant","cat":"hydro","name":"Granite Canal","province":"Newfoundland and Labrador","place":"Granite Lake","mw":41,"renewMw":41,"totalMw":41,"hydroMw":41,"pumpedMw":0,"solarMw":0,"windMw":0,"geoMw":0,"bioMw":0,"tidalMw":0,"owner":"","operator":"Newfoundland Labrador Hydroelectric Corp (Nalcor Energy)","agency":"NL Hydro","period":"201708","sourceUrl":"https://open.canada.ca/data/en/dataset/490db619-ab58-4a2a-a245-2376ce1840de","sourceTitle":"Renewable Energy Power Plants, 1 MW or more","licence":"Open Government Licence - Canada","vintage":"201708"}},{"type":"Feature","geometry":{"type":"Point","coordinates":[-96.00947,50.46161]},"properties":{"id":"nacei-5647","kind":"plant","cat":"hydro","name":"Great Falls","province":"Manitoba","place":"Alexander","mw":129,"renewMw":129,"totalMw":129,"hydroMw":129,"pumpedMw":0,"solarMw":0,"windMw":0,"geoMw":0,"bioMw":0,"tidalMw":0,"owner":"","operator":"Manitoba Hydro","agency":"MB Hydro","period":"201708","sourceUrl":"https://open.canada.ca/data/en/dataset/490db619-ab58-4a2a-a245-2376ce1840de","sourceTitle":"Renewable Energy Power Plants, 1 MW or more","licence":"Open Government Licence - Canada","vintage":"201708"}},{"type":"Feature","geometry":{"type":"Point","coordinates":[-112.70803,50.90607]},"properties":{"id":"nacei-5648","kind":"plant","cat":"solar","name":"Green Acres","province":"Alberta","place":"Bassano","mw":2,"renewMw":2,"totalMw":2,"hydroMw":0,"pumpedMw":0,"solarMw":2,"windMw":0,"geoMw":0,"bioMw":0,"tidalMw":0,"owner":"Private","operator":"Skyfire Energy","agency":"greenenergyfutures.ca","period":"201511","sourceUrl":"https://open.canada.ca/data/en/dataset/490db619-ab58-4a2a-a245-2376ce1840de","sourceTitle":"Renewable Energy Power Plants, 1 MW or more","licence":"Open Government Licence - Canada","vintage":"201511"}},{"type":"Feature","geometry":{"type":"Point","coordinates":[-68.23535,47.46843]},"properties":{"id":"nacei-5649","kind":"plant","cat":"hydro","name":"Green River","province":"New Brunswick","place":"Saint-Joseph-de-Madawaska","mw":3,"renewMw":3,"totalMw":3,"hydroMw":3,"pumpedMw":0,"solarMw":0,"windMw":0,"geoMw":0,"bioMw":0,"tidalMw":0,"owner":"Edmunston Energy","operator":"Edmunston Energy","agency":"CSA Registries","period":"201003","sourceUrl":"https://open.canada.ca/data/en/dataset/490db619-ab58-4a2a-a245-2376ce1840de","sourceTitle":"Renewable Energy Power Plants, 1 MW or more","licence":"Open Government Licence - Canada","vintage":"201003"}},{"type":"Feature","geometry":{"type":"Point","coordinates":[-63.13902,45.3467]},"properties":{"id":"nacei-5650","kind":"plant","cat":"wind","name":"Greenfield","province":"Nova Scotia","place":"","mw":3.2,"renewMw":3.2,"totalMw":3.2,"hydroMw":0,"pumpedMw":0,"solarMw":0,"windMw":3.2,"geoMw":0,"bioMw":0,"tidalMw":0,"owner":"","operator":"","agency":"CanWEA","period":"201612","sourceUrl":"https://open.canada.ca/data/en/dataset/490db619-ab58-4a2a-a245-2376ce1840de","sourceTitle":"Renewable Energy Power Plants, 1 MW or more","licence":"Open Government Licence - Canada","vintage":"201612"}},{"type":"Feature","geometry":{"type":"Point","coordinates":[-88.76673,48.7606]},"properties":{"id":"nacei-5651","kind":"plant","cat":"wind","name":"Greenwich","province":"Ontario","place":"Dorion","mw":98.9,"renewMw":98.9,"totalMw":98.9,"hydroMw":0,"pumpedMw":0,"solarMw":0,"windMw":98.9,"geoMw":0,"bioMw":0,"tidalMw":0,"owner":"Greenwich Wind Farm, LP","operator":"Enbridge Inc","agency":"CanWEA","period":"201612","sourceUrl":"https://open.canada.ca/data/en/dataset/490db619-ab58-4a2a-a245-2376ce1840de","sourceTitle":"Renewable Energy Power Plants, 1 MW or more","licence":"Open Government Licence - Canada","vintage":"201612"}},{"type":"Feature","geometry":{"type":"Point","coordinates":[-80.31378,44.30854]},"properties":{"id":"nacei-5652","kind":"plant","cat":"wind","name":"Grey Highlands","province":"Ontario","place":"Singhampton","mw":18.5,"renewMw":18.5,"totalMw":18.5,"hydroMw":0,"pumpedMw":0,"solarMw":0,"windMw":18.5,"geoMw":0,"bioMw":0,"tidalMw":0,"owner":"Grey Highlands Clean Energy Development LP","operator":"Grey Highlands Wind Development Joint Venture","agency":"CanWEA","period":"201612","sourceUrl":"https://open.canada.ca/data/en/dataset/490db619-ab58-4a2a-a245-2376ce1840de","sourceTitle":"Renewable Energy Power Plants, 1 MW or more","licence":"Open Government Licence - Canada","vintage":"201612"}},{"type":"Feature","geometry":{"type":"Point","coordinates":[-79.53892,43.14739]},"properties":{"id":"nacei-5653","kind":"plant","cat":"biomass","name":"Grimsby Bioreactor","province":"Ontario","place":"Grimsby","mw":1,"renewMw":1,"totalMw":1,"hydroMw":0,"pumpedMw":0,"solarMw":0,"windMw":0,"geoMw":0,"bioMw":1,"tidalMw":0,"owner":"Grimsby Energy Inc","operator":"Grimsby Energy Inc","agency":"IESO","period":"201703","sourceUrl":"https://open.canada.ca/data/en/dataset/490db619-ab58-4a2a-a245-2376ce1840de","sourceTitle":"Renewable Energy Power Plants, 1 MW or more","licence":"Open Government Licence - Canada","vintage":"201703"}},{"type":"Feature","geometry":{"type":"Point","coordinates":[-65.42069,49.22017]},"properties":{"id":"nacei-5654","kind":"plant","cat":"wind","name":"Gros-Morne II","province":"Québec","place":"Sainte-Madeleine-de-la-Riviere-Madeleine","mw":111,"renewMw":111,"totalMw":111,"hydroMw":0,"pumpedMw":0,"solarMw":0,"windMw":111,"geoMw":0,"bioMw":0,"tidalMw":0,"owner":"Innergex Inc (38%) / TransCanada (42%)","operator":"","agency":"CanWEA","period":"201612","sourceUrl":"https://open.canada.ca/data/en/dataset/490db619-ab58-4a2a-a245-2376ce1840de","sourceTitle":"Renewable Energy Power Plants, 1 MW or more","licence":"Open Government Licence - Canada","vintage":"201612"}},{"type":"Feature","geometry":{"type":"Point","coordinates":[-65.63462,44.5672]},"properties":{"id":"nacei-5655","kind":"plant","cat":"hydro","name":"Gulch","province":"Nova Scotia","place":"Bear River","mw":7,"renewMw":7,"totalMw":7,"hydroMw":7,"pumpedMw":0,"solarMw":0,"windMw":0,"geoMw":0,"bioMw":0,"tidalMw":0,"owner":"Nova Scotia Power Inc","operator":"Nova Scotia Power Inc","agency":"Meco Engineers","period":"2014","sourceUrl":"https://open.canada.ca/data/en/dataset/490db619-ab58-4a2a-a245-2376ce1840de","sourceTitle":"Renewable Energy Power Plants, 1 MW or more","licence":"Open Government Licence - Canada","vintage":"2014"}},{"type":"Feature","geometry":{"type":"Point","coordinates":[-80.71418,43.0858]},"properties":{"id":"nacei-5656","kind":"plant","cat":"wind","name":"Gunn's Hill","province":"Ontario","place":"Woodstock","mw":18,"renewMw":18,"totalMw":18,"hydroMw":0,"pumpedMw":0,"solarMw":0,"windMw":18,"geoMw":0,"bioMw":0,"tidalMw":0,"owner":"Gunn's Hill LP","operator":"Gunn's Hill LP","agency":"CanWEA","period":"201612","sourceUrl":"https://open.canada.ca/data/en/dataset/490db619-ab58-4a2a-a245-2376ce1840de","sourceTitle":"Renewable Energy Power Plants, 1 MW or more","licence":"Open Government Licence - Canada","vintage":"201612"}},{"type":"Feature","geometry":{"type":"Point","coordinates":[-79.71077,43.12202]},"properties":{"id":"nacei-5657","kind":"plant","cat":"wind","name":"HAF Energy","province":"Ontario","place":"Caistor Centre","mw":9,"renewMw":9,"totalMw":9,"hydroMw":0,"pumpedMw":0,"solarMw":0,"windMw":9,"geoMw":0,"bioMw":0,"tidalMw":0,"owner":"Vineland Power Inc","operator":"Vineland Power Inc","agency":"CanWEA","period":"201612","sourceUrl":"https://open.canada.ca/data/en/dataset/490db619-ab58-4a2a-a245-2376ce1840de","sourceTitle":"Renewable Energy Power Plants, 1 MW or more","licence":"Open Government Licence - Canada","vintage":"201612"}},{"type":"Feature","geometry":{"type":"Point","coordinates":[-77.79544,44.27519]},"properties":{"id":"nacei-5658","kind":"plant","cat":"hydro","name":"Hagues Reach","province":"Ontario","place":"Harcourt","mw":4,"renewMw":4,"totalMw":4,"hydroMw":4,"pumpedMw":0,"solarMw":0,"windMw":0,"geoMw":0,"bioMw":0,"tidalMw":0,"owner":"","operator":"Ontario Power Generation Inc","agency":"OPG","period":"201708","sourceUrl":"https://open.canada.ca/data/en/dataset/490db619-ab58-4a2a-a245-2376ce1840de","sourceTitle":"Renewable Energy Power Plants, 1 MW or more","licence":"Open Government Licence - Canada","vintage":"201708"}},{"type":"Feature","geometry":{"type":"Point","coordinates":[-112.02705,52.26095]},"properties":{"id":"nacei-5659","kind":"plant","cat":"wind","name":"Halkirk","province":"Alberta","place":"Halkrik","mw":149.4,"renewMw":149.4,"totalMw":149.4,"hydroMw":0,"pumpedMw":0,"solarMw":0,"windMw":149.4,"geoMw":0,"bioMw":0,"tidalMw":0,"owner":"Capital Power","operator":"Capital Power","agency":"CanWEA","period":"201612","sourceUrl":"https://open.canada.ca/data/en/dataset/490db619-ab58-4a2a-a245-2376ce1840de","sourceTitle":"Renewable Energy Power Plants, 1 MW or more","licence":"Open Government Licence - Canada","vintage":"201612"}},{"type":"Feature","geometry":{"type":"Point","coordinates":[-79.76999,43.25344]},"properties":{"id":"nacei-5660","kind":"plant","cat":"biomass","name":"Hamilton (Digester Gas) Cogenertion","province":"Ontario","place":"Hamilton","mw":1.6,"renewMw":1.6,"totalMw":1.6,"hydroMw":0,"pumpedMw":0,"solarMw":0,"windMw":0,"geoMw":0,"bioMw":1.6,"tidalMw":0,"owner":"Hamilton Renewable Power Inc","operator":"Hamilton Renewable Power Inc","agency":"IESO","period":"201703","sourceUrl":"https://open.canada.ca/data/en/dataset/490db619-ab58-4a2a-a245-2376ce1840de","sourceTitle":"Renewable Energy Power Plants, 1 MW or more","licence":"Open Government Licence - Canada","vintage":"201703"}},{"type":"Feature","geometry":{"type":"Point","coordinates":[-79.29771,45.00083]},"properties":{"id":"nacei-5661","kind":"plant","cat":"hydro","name":"Hanna Chute","province":"Ontario","place":"Bracebridge","mw":1,"renewMw":1,"totalMw":1,"hydroMw":1,"pumpedMw":0,"solarMw":0,"windMw":0,"geoMw":0,"bioMw":0,"tidalMw":0,"owner":"","operator":"Ontario Power Generation Inc","agency":"OPG","period":"201708","sourceUrl":"https://open.canada.ca/data/en/dataset/490db619-ab58-4a2a-a245-2376ce1840de","sourceTitle":"Renewable Energy Power Plants, 1 MW or more","licence":"Open Government Licence - Canada","vintage":"201708"}},{"type":"Feature","geometry":{"type":"Point","coordinates":[-123.85707,49.13846]},"properties":{"id":"nacei-5662","kind":"plant","cat":"biomass","name":"Harmac","province":"British Columbia","place":"Nanaimo","mw":55,"renewMw":55,"totalMw":55,"hydroMw":0,"pumpedMw":0,"solarMw":0,"windMw":0,"geoMw":0,"bioMw":55,"tidalMw":0,"owner":"Nanaimo Forest Products Ltd","operator":"Nanaimo Forest Products Ltd","agency":"BC Hydro IPP supply","period":"201704","sourceUrl":"https://open.canada.ca/data/en/dataset/490db619-ab58-4a2a-a245-2376ce1840de","sourceTitle":"Renewable Energy Power Plants, 1 MW or more","licence":"Open Government Licence - Canada","vintage":"201704"}},{"type":"Feature","geometry":{"type":"Point","coordinates":[-82.2081,50.1112]},"properties":{"id":"nacei-5663","kind":"plant","cat":"hydro","name":"Harmon","province":"Ontario","place":"Harmon Township","mw":220,"renewMw":220,"totalMw":220,"hydroMw":220,"pumpedMw":0,"solarMw":0,"windMw":0,"geoMw":0,"bioMw":0,"tidalMw":0,"owner":"Ontario Power Generation","operator":"Ontario Power Generation","agency":"OPG","period":"201708","sourceUrl":"https://open.canada.ca/data/en/dataset/490db619-ab58-4a2a-a245-2376ce1840de","sourceTitle":"Renewable Energy Power Plants, 1 MW or more","licence":"Open Government Licence - Canada","vintage":"201708"}},{"type":"Feature","geometry":{"type":"Point","coordinates":[-84.83034,47.95718]},"properties":{"id":"nacei-5664","kind":"plant","cat":"hydro","name":"Harris","province":"Ontario","place":"Wawa","mw":12,"renewMw":12,"totalMw":12,"hydroMw":12,"pumpedMw":0,"solarMw":0,"windMw":0,"geoMw":0,"bioMw":0,"tidalMw":0,"owner":"Brookfield Renewable Power Inc","operator":"Brookfield Renewable Energy Partners","agency":"IESO","period":"201703","sourceUrl":"https://open.canada.ca/data/en/dataset/490db619-ab58-4a2a-a245-2376ce1840de","sourceTitle":"Renewable Energy Power Plants, 1 MW or more","licence":"Open Government Licence - Canada","vintage":"201703"}},{"type":"Feature","geometry":{"type":"Point","coordinates":[-82.96185,42.03233]},"properties":{"id":"nacei-5665","kind":"plant","cat":"wind","name":"Harrow","province":"Ontario","place":"Harrow","mw":39.6,"renewMw":39.6,"totalMw":39.6,"hydroMw":0,"pumpedMw":0,"solarMw":0,"windMw":39.6,"geoMw":0,"bioMw":0,"tidalMw":0,"owner":"","operator":"Gdf Suez Canada","agency":"CanWEA","period":"201612","sourceUrl":"https://open.canada.ca/data/en/dataset/490db619-ab58-4a2a-a245-2376ce1840de","sourceTitle":"Renewable Energy Power Plants, 1 MW or more","licence":"Open Government Licence - Canada","vintage":"201612"}},{"type":"Feature","geometry":{"type":"Point","coordinates":[-67.91187,51.78487]},"properties":{"id":"nacei-5666","kind":"plant","cat":"hydro","name":"Hart-Jaune","province":"Québec","place":"Manicouagan","mw":51,"renewMw":51,"totalMw":51,"hydroMw":51,"pumpedMw":0,"solarMw":0,"windMw":0,"geoMw":0,"bioMw":0,"tidalMw":0,"owner":"Hydro-Québec","operator":"Hydro-Québec","agency":"Hydro-Québec","period":"201708","sourceUrl":"https://open.canada.ca/data/en/dataset/490db619-ab58-4a2a-a245-2376ce1840de","sourceTitle":"Renewable Energy Power Plants, 1 MW or more","licence":"Open Government Licence - Canada","vintage":"201708"}},{"type":"Feature","geometry":{"type":"Point","coordinates":[-123.46241,48.53916]},"properties":{"id":"nacei-5667","kind":"plant","cat":"biomass","name":"Hartland LFG","province":"British Columbia","place":"Saanich","mw":2,"renewMw":2,"totalMw":2,"hydroMw":0,"pumpedMw":0,"solarMw":0,"windMw":0,"geoMw":0,"bioMw":2,"tidalMw":0,"owner":"Capital Regional District","operator":"Capital Regional District","agency":"BC Hydro IPP supply","period":"201704","sourceUrl":"https://open.canada.ca/data/en/dataset/490db619-ab58-4a2a-a245-2376ce1840de","sourceTitle":"Renewable Energy Power Plants, 1 MW or more","licence":"Open Government Licence - Canada","vintage":"201704"}},{"type":"Feature","geometry":{"type":"Point","coordinates":[-72.78089,45.46339]},"properties":{"id":"nacei-5668","kind":"plant","cat":"biomass","name":"Haute-Yamaska-Roland Thibault Cogeneration","province":"Québec","place":"Sainte-Cécile-de-Milton","mw":3,"renewMw":3,"totalMw":3,"hydroMw":0,"pumpedMw":0,"solarMw":0,"windMw":0,"geoMw":0,"bioMw":3,"tidalMw":0,"owner":"","operator":"Terreau Biogaz SEC","agency":"Hydro-Québec","period":"201708","sourceUrl":"https://open.canada.ca/data/en/dataset/490db619-ab58-4a2a-a245-2376ce1840de","sourceTitle":"Renewable Energy Power Plants, 1 MW or more","licence":"Open Government Licence - Canada","vintage":"201708"}},{"type":"Feature","geometry":{"type":"Point","coordinates":[-77.7787,44.37297]},"properties":{"id":"nacei-5669","kind":"plant","cat":"hydro","name":"Healey Falls","province":"Ontario","place":"Campbellford","mw":18,"renewMw":18,"totalMw":18,"hydroMw":18,"pumpedMw":0,"solarMw":0,"windMw":0,"geoMw":0,"bioMw":0,"tidalMw":0,"owner":"Ontario Power Generation Inc","operator":"Ontario Power Generation","agency":"OPG","period":"201708","sourceUrl":"https://open.canada.ca/data/en/dataset/490db619-ab58-4a2a-a245-2376ce1840de","sourceTitle":"Renewable Energy Power Plants, 1 MW or more","licence":"Open Government Licence - Canada","vintage":"201708"}},{"type":"Feature","geometry":{"type":"Point","coordinates":[-53.37576,47.86278]},"properties":{"id":"nacei-5670","kind":"plant","cat":"hydro","name":"Hearts Content","province":"Newfoundland and Labrador","place":"Southern Cove Brook","mw":3.5,"renewMw":3.5,"totalMw":3.5,"hydroMw":3.5,"pumpedMw":0,"solarMw":0,"windMw":0,"geoMw":0,"bioMw":0,"tidalMw":0,"owner":"","operator":"Newfoundland Light & Power Co Ltd","agency":"Government of Newfoundland and Labrador","period":"201409","sourceUrl":"https://open.canada.ca/data/en/dataset/490db619-ab58-4a2a-a245-2376ce1840de","sourceTitle":"Renewable Energy Power Plants, 1 MW or more","licence":"Open Government Licence - Canada","vintage":"201409"}},{"type":"Feature","geometry":{"type":"Point","coordinates":[-64.41206,45.04664]},"properties":{"id":"nacei-5671","kind":"plant","cat":"hydro","name":"Hells Gate","province":"Nova Scotia","place":"Black River","mw":6.8,"renewMw":6.8,"totalMw":6.8,"hydroMw":6.8,"pumpedMw":0,"solarMw":0,"windMw":0,"geoMw":0,"bioMw":0,"tidalMw":0,"owner":"","operator":"Nova Scotia Power Inc","agency":"Statistics Canada","period":"2000","sourceUrl":"https://open.canada.ca/data/en/dataset/490db619-ab58-4a2a-a245-2376ce1840de","sourceTitle":"Renewable Energy Power Plants, 1 MW or more","licence":"Open Government Licence - Canada","vintage":"2000"}},{"type":"Feature","geometry":{"type":"Point","coordinates":[-62.31463,46.45426]},"properties":{"id":"nacei-5672","kind":"plant","cat":"wind","name":"Hermanville / Clearspring","province":"Prince Edward Island","place":"Hermanville","mw":30,"renewMw":30,"totalMw":30,"hydroMw":0,"pumpedMw":0,"solarMw":0,"windMw":30,"geoMw":0,"bioMw":0,"tidalMw":0,"owner":"PEI Energy Corp","operator":"PEI Energy Corp","agency":"CanWEA","period":"201612","sourceUrl":"https://open.canada.ca/data/en/dataset/490db619-ab58-4a2a-a245-2376ce1840de","sourceTitle":"Renewable Energy Power Plants, 1 MW or more","licence":"Open Government Licence - Canada","vintage":"201612"}},{"type":"Feature","geometry":{"type":"Point","coordinates":[-79.26459,43.19901]},"properties":{"id":"nacei-5673","kind":"plant","cat":"hydro","name":"Heywood","province":"Ontario","place":"St. Catharines","mw":7.2,"renewMw":7.2,"totalMw":7.2,"hydroMw":7.2,"pumpedMw":0,"solarMw":0,"windMw":0,"geoMw":0,"bioMw":0,"tidalMw":0,"owner":"St. Catharines Hydro Generation Inc","operator":"St. Catharines Hydro Generation Inc","agency":"IESO","period":"201703","sourceUrl":"https://open.canada.ca/data/en/dataset/490db619-ab58-4a2a-a245-2376ce1840de","sourceTitle":"Renewable Energy Power Plants, 1 MW or more","licence":"Open Government Licence - Canada","vintage":"201703"}},{"type":"Feature","geometry":{"type":"Point","coordinates":[-63.61401,45.58915]},"properties":{"id":"nacei-5674","kind":"plant","cat":"wind","name":"Higgins Mountain","province":"Nova Scotia","place":"Higgins Mountain Riverhurst","mw":3.6,"renewMw":3.6,"totalMw":3.6,"hydroMw":0,"pumpedMw":0,"solarMw":0,"windMw":3.6,"geoMw":0,"bioMw":0,"tidalMw":0,"owner":"","operator":"Confederation Power","agency":"CanWEA","period":"201612","sourceUrl":"https://open.canada.ca/data/en/dataset/490db619-ab58-4a2a-a245-2376ce1840de","sourceTitle":"Renewable Energy Power Plants, 1 MW or more","licence":"Open Government Licence - Canada","vintage":"201612"}},{"type":"Feature","geometry":{"type":"Point","coordinates":[-92.35615,48.4434]},"properties":{"id":"nacei-5675","kind":"plant","cat":"hydro","name":"High Falls","province":"Ontario","place":"District of Rainy River","mw":5.4,"renewMw":5.4,"totalMw":5.4,"hydroMw":5.4,"pumpedMw":0,"solarMw":0,"windMw":0,"geoMw":0,"bioMw":0,"tidalMw":0,"owner":"High Falls Development Partnership","operator":"","agency":"","period":"201512","sourceUrl":"https://open.canada.ca/data/en/dataset/490db619-ab58-4a2a-a245-2376ce1840de","sourceTitle":"Renewable Energy Power Plants, 1 MW or more","licence":"Open Government Licence - Canada","vintage":"201512"}},{"type":"Feature","geometry":{"type":"Point","coordinates":[-75.6456,45.83957]},"properties":{"id":"nacei-5676","kind":"plant","cat":"hydro","name":"High Falls (Lièvre)","province":"Québec","place":"Bowman","mw":114.1,"renewMw":114.1,"totalMw":114.1,"hydroMw":114.1,"pumpedMw":0,"solarMw":0,"windMw":0,"geoMw":0,"bioMw":0,"tidalMw":0,"owner":"Énergie La Lièvre, Sec/Énergie Brookfield Inc","operator":"Énergie La Lièvre, Sec/Énergie Brookfield Inc","agency":"MERN","period":"201708","sourceUrl":"https://open.canada.ca/data/en/dataset/490db619-ab58-4a2a-a245-2376ce1840de","sourceTitle":"Renewable Energy Power Plants, 1 MW or more","licence":"Open Government Licence - Canada","vintage":"201708"}},{"type":"Feature","geometry":{"type":"Point","coordinates":[-76.60869,44.95376]},"properties":{"id":"nacei-5677","kind":"plant","cat":"hydro","name":"High Falls (OPG)","province":"Ontario","place":"McDonalds Corners","mw":3,"renewMw":3,"totalMw":3,"hydroMw":3,"pumpedMw":0,"solarMw":0,"windMw":0,"geoMw":0,"bioMw":0,"tidalMw":0,"owner":"","operator":"Ontario Power Generation Inc","agency":"OPG","period":"201708","sourceUrl":"https://open.canada.ca/data/en/dataset/490db619-ab58-4a2a-a245-2376ce1840de","sourceTitle":"Renewable Energy Power Plants, 1 MW or more","licence":"Open Government Licence - Canada","vintage":"201708"}},{"type":"Feature","geometry":{"type":"Point","coordinates":[-81.56956,46.37917]},"properties":{"id":"nacei-5678","kind":"plant","cat":"hydro","name":"High Falls (Worthington)","province":"Ontario","place":"Worthington","mw":19.3,"renewMw":19.3,"totalMw":19.3,"hydroMw":19.3,"pumpedMw":0,"solarMw":0,"windMw":0,"geoMw":0,"bioMw":0,"tidalMw":0,"owner":"","operator":"Inco Ltd","agency":"Statistics Canada","period":"2000","sourceUrl":"https://open.canada.ca/data/en/dataset/490db619-ab58-4a2a-a245-2376ce1840de","sourceTitle":"Renewable Energy Power Plants, 1 MW or more","licence":"Open Government Licence - Canada","vintage":"2000"}},{"type":"Feature","geometry":{"type":"Point","coordinates":[-60.34876,46.24482]},"properties":{"id":"nacei-5679","kind":"plant","cat":"wind","name":"Hillside Boularderie","province":"Nova Scotia","place":"","mw":4,"renewMw":4,"totalMw":4,"hydroMw":0,"pumpedMw":0,"solarMw":0,"windMw":4,"geoMw":0,"bioMw":0,"tidalMw":0,"owner":"","operator":"Hillside Boularderie Community Wind Farm","agency":"CanWEA","period":"201612","sourceUrl":"https://open.canada.ca/data/en/dataset/490db619-ab58-4a2a-a245-2376ce1840de","sourceTitle":"Renewable Energy Power Plants, 1 MW or more","licence":"Open Government Licence - Canada","vintage":"201612"}},{"type":"Feature","geometry":{"type":"Point","coordinates":[-57.20136,49.08247]},"properties":{"id":"nacei-5680","kind":"plant","cat":"hydro","name":"Hinds Lake","province":"Newfoundland and Labrador","place":"Hinds Lake","mw":75,"renewMw":75,"totalMw":75,"hydroMw":75,"pumpedMw":0,"solarMw":0,"windMw":0,"geoMw":0,"bioMw":0,"tidalMw":0,"owner":"","operator":"Newfoundland Labrador Hydroelectric Corp (Nalcor Energy)","agency":"NL Hydro","period":"201708","sourceUrl":"https://open.canada.ca/data/en/dataset/490db619-ab58-4a2a-a245-2376ce1840de","sourceTitle":"Renewable Energy Power Plants, 1 MW or more","licence":"Open Government Licence - Canada","vintage":"201708"}},{"type":"Feature","geometry":{"type":"Point","coordinates":[-117.57169,53.41528]},"properties":{"id":"nacei-5681","kind":"plant","cat":"biomass","name":"Hinton Pulp","province":"Alberta","place":"Hinton","mw":52,"renewMw":52,"totalMw":52,"hydroMw":0,"pumpedMw":0,"solarMw":0,"windMw":0,"geoMw":0,"bioMw":52,"tidalMw":0,"owner":"","operator":"West Fraser Timber Co","agency":"Statistics Canada","period":"2000","sourceUrl":"https://open.canada.ca/data/en/dataset/490db619-ab58-4a2a-a245-2376ce1840de","sourceTitle":"Renewable Energy Power Plants, 1 MW or more","licence":"Open Government Licence - Canada","vintage":"2000"}},{"type":"Feature","geometry":{"type":"Point","coordinates":[-130.25596,58.35468]},"properties":{"id":"nacei-5682","kind":"plant","cat":"hydro","name":"Hluey Lake (SNP)","province":"British Columbia","place":"Dease Lake","mw":3,"renewMw":3,"totalMw":3,"hydroMw":3,"pumpedMw":0,"solarMw":0,"windMw":0,"geoMw":0,"bioMw":0,"tidalMw":0,"owner":"","operator":"MPT Hydro LP","agency":"BC Hydro IPP supply","period":"201704","sourceUrl":"https://open.canada.ca/data/en/dataset/490db619-ab58-4a2a-a245-2376ce1840de","sourceTitle":"Renewable Energy Power Plants, 1 MW or more","licence":"Open Government Licence - Canada","vintage":"201704"}},{"type":"Feature","geometry":{"type":"Point","coordinates":[-84.61882,47.21338]},"properties":{"id":"nacei-5683","kind":"plant","cat":"hydro","name":"Hogg","province":"Ontario","place":"Batchawana Bay","mw":18,"renewMw":18,"totalMw":18,"hydroMw":18,"pumpedMw":0,"solarMw":0,"windMw":0,"geoMw":0,"bioMw":0,"tidalMw":0,"owner":"Brookfield Renewable Power Inc","operator":"Brookfield Renewable Energy Partners","agency":"IESO","period":"201703","sourceUrl":"https://open.canada.ca/data/en/dataset/490db619-ab58-4a2a-a245-2376ce1840de","sourceTitle":"Renewable Energy Power Plants, 1 MW or more","licence":"Open Government Licence - Canada","vintage":"201703"}},{"type":"Feature","geometry":{"type":"Point","coordinates":[-84.50395,47.96047]},"properties":{"id":"nacei-5684","kind":"plant","cat":"hydro","name":"Hollingsworth","province":"Ontario","place":"Wawa","mw":23,"renewMw":23,"totalMw":23,"hydroMw":23,"pumpedMw":0,"solarMw":0,"windMw":0,"geoMw":0,"bioMw":0,"tidalMw":0,"owner":"Brookfield Renewable Power Inc","operator":"Brookfield Renewable Energy Partners","agency":"IESO","period":"201703","sourceUrl":"https://open.canada.ca/data/en/dataset/490db619-ab58-4a2a-a245-2376ce1840de","sourceTitle":"Renewable Energy Power Plants, 1 MW or more","licence":"Open Government Licence - Canada","vintage":"201703"}},{"type":"Feature","geometry":{"type":"Point","coordinates":[-64.37639,45.0036]},"properties":{"id":"nacei-5685","kind":"plant","cat":"hydro","name":"Hollow Bridge","province":"Nova Scotia","place":"Black River","mw":5.3,"renewMw":5.3,"totalMw":5.3,"hydroMw":5.3,"pumpedMw":0,"solarMw":0,"windMw":0,"geoMw":0,"bioMw":0,"tidalMw":0,"owner":"","operator":"Nova Scotia Power Inc","agency":"Statistics Canada","period":"2000","sourceUrl":"https://open.canada.ca/data/en/dataset/490db619-ab58-4a2a-a245-2376ce1840de","sourceTitle":"Renewable Energy Power Plants, 1 MW or more","licence":"Open Government Licence - Canada","vintage":"2000"}},{"type":"Feature","geometry":{"type":"Point","coordinates":[-52.98162,47.13196]},"properties":{"id":"nacei-5686","kind":"plant","cat":"hydro","name":"Horse Chops","province":"Newfoundland and Labrador","place":"Horse Chops River","mw":8.3,"renewMw":8.3,"totalMw":8.3,"hydroMw":8.3,"pumpedMw":0,"solarMw":0,"windMw":0,"geoMw":0,"bioMw":0,"tidalMw":0,"owner":"","operator":"Newfoundland Light & Power Co Ltd","agency":"Government of Newfoundland and Labrador","period":"201409","sourceUrl":"https://open.canada.ca/data/en/dataset/490db619-ab58-4a2a-a245-2376ce1840de","sourceTitle":"Renewable Energy Power Plants, 1 MW or more","licence":"Open Government Licence - Canada","vintage":"201409"}},{"type":"Feature","geometry":{"type":"Point","coordinates":[-115.03428,51.11802]},"properties":{"id":"nacei-5687","kind":"plant","cat":"hydro","name":"Horseshoe","province":"Alberta","place":"Seebe","mw":14,"renewMw":14,"totalMw":14,"hydroMw":14,"pumpedMw":0,"solarMw":0,"windMw":0,"geoMw":0,"bioMw":0,"tidalMw":0,"owner":"TransAlta (100%)","operator":"TransAlta (100%)","agency":"TransAlta","period":"201708","sourceUrl":"https://open.canada.ca/data/en/dataset/490db619-ab58-4a2a-a245-2376ce1840de","sourceTitle":"Renewable Energy Power Plants, 1 MW or more","licence":"Open Government Licence - Canada","vintage":"201708"}},{"type":"Feature","geometry":{"type":"Point","coordinates":[-79.69662,47.30467]},"properties":{"id":"nacei-5688","kind":"plant","cat":"hydro","name":"Hound Chute","province":"Ontario","place":"Kenabeek","mw":9,"renewMw":9,"totalMw":9,"hydroMw":9,"pumpedMw":0,"solarMw":0,"windMw":0,"geoMw":0,"bioMw":0,"tidalMw":0,"owner":"Umh Energy Partnership, An Ontario General Partnership of Ontario Power Generation Inc and Umh Energy Inc","operator":"Umh Energy Partnership","agency":"OPG","period":"201708","sourceUrl":"https://open.canada.ca/data/en/dataset/490db619-ab58-4a2a-a245-2376ce1840de","sourceTitle":"Renewable Energy Power Plants, 1 MW or more","licence":"Open Government Licence - Canada","vintage":"201708"}},{"type":"Feature","geometry":{"type":"Point","coordinates":[-123.48616,49.52202]},"properties":{"id":"nacei-5689","kind":"plant","cat":"biomass","name":"Howe Sound Pulp & Paper Corp","province":"British Columbia","place":"Port Mellon","mw":112,"renewMw":112,"totalMw":112,"hydroMw":0,"pumpedMw":0,"solarMw":0,"windMw":0,"geoMw":0,"bioMw":112,"tidalMw":0,"owner":"","operator":"Howe Sound Pulp & Paper Corp","agency":"BC Hydro IPP supply","period":"201704","sourceUrl":"https://open.canada.ca/data/en/dataset/490db619-ab58-4a2a-a245-2376ce1840de","sourceTitle":"Renewable Energy Power Plants, 1 MW or more","licence":"Open Government Licence - Canada","vintage":"201704"}},{"type":"Feature","geometry":{"type":"Point","coordinates":[-78.54537,43.92941]},"properties":{"id":"nacei-5690","kind":"plant","cat":"solar","name":"HPG Site A","province":"Ontario","place":"Bowmanville","mw":2,"renewMw":2,"totalMw":2,"hydroMw":0,"pumpedMw":0,"solarMw":2,"windMw":0,"geoMw":0,"bioMw":0,"tidalMw":0,"owner":"Potentia Solar 14 LP","operator":"Hybridyne Power Generation Site A Inc","agency":"IESO","period":"201703","sourceUrl":"https://open.canada.ca/data/en/dataset/490db619-ab58-4a2a-a245-2376ce1840de","sourceTitle":"Renewable Energy Power Plants, 1 MW or more","licence":"Open Government Licence - Canada","vintage":"201703"}},{"type":"Feature","geometry":{"type":"Point","coordinates":[-75.72065,45.4235]},"properties":{"id":"nacei-5691","kind":"plant","cat":"hydro","name":"Hull (Chute Des Chaudières)","province":"Québec","place":"Gatineau","mw":12,"renewMw":12,"totalMw":12,"hydroMw":12,"pumpedMw":0,"solarMw":0,"windMw":0,"geoMw":0,"bioMw":0,"tidalMw":0,"owner":"Energy Ottawa Inc","operator":"Hydro Ottawa","agency":"MERN","period":"201708","sourceUrl":"https://open.canada.ca/data/en/dataset/490db619-ab58-4a2a-a245-2376ce1840de","sourceTitle":"Renewable Energy Power Plants, 1 MW or more","licence":"Open Government Licence - Canada","vintage":"201708"}},{"type":"Feature","geometry":{"type":"Point","coordinates":[-75.71972,45.42173]},"properties":{"id":"nacei-5692","kind":"plant","cat":"hydro","name":"Hull-2","province":"Québec","place":"Gatineau","mw":27,"renewMw":27,"totalMw":27,"hydroMw":27,"pumpedMw":0,"solarMw":0,"windMw":0,"geoMw":0,"bioMw":0,"tidalMw":0,"owner":"Energy Ottawa Inc","operator":"Hydro Ottawa","agency":"IESO","period":"201703","sourceUrl":"https://open.canada.ca/data/en/dataset/490db619-ab58-4a2a-a245-2376ce1840de","sourceTitle":"Renewable Energy Power Plants, 1 MW or more","licence":"Open Government Licence - Canada","vintage":"201703"}},{"type":"Feature","geometry":{"type":"Point","coordinates":[-79.4806,43.6333]},"properties":{"id":"nacei-5693","kind":"plant","cat":"biomass","name":"Humber Treatment Plant","province":"Ontario","place":"Etobicoke","mw":4.7,"renewMw":4.7,"totalMw":4.7,"hydroMw":0,"pumpedMw":0,"solarMw":0,"windMw":0,"geoMw":0,"bioMw":4.7,"tidalMw":0,"owner":"","operator":"City of Toronto","agency":"Canadian Bioenergy Association","period":"201512","sourceUrl":"https://open.canada.ca/data/en/dataset/490db619-ab58-4a2a-a245-2376ce1840de","sourceTitle":"Renewable Energy Power Plants, 1 MW or more","licence":"Open Government Licence - Canada","vintage":"201512"}},{"type":"Feature","geometry":{"type":"Point","coordinates":[-81.54625,44.31155]},"properties":{"id":"nacei-5694","kind":"plant","cat":"wind","name":"Huron","province":"Ontario","place":"Bruce County","mw":9,"renewMw":9,"totalMw":9,"hydroMw":0,"pumpedMw":0,"solarMw":0,"windMw":9,"geoMw":0,"bioMw":0,"tidalMw":0,"owner":"","operator":"Huron Wind","agency":"CanWEA","period":"201612","sourceUrl":"https://open.canada.ca/data/en/dataset/490db619-ab58-4a2a-a245-2376ce1840de","sourceTitle":"Renewable Energy Power Plants, 1 MW or more","licence":"Open Government Licence - Canada","vintage":"201612"}},{"type":"Feature","geometry":{"type":"Point","coordinates":[-63.77581,44.81116]},"properties":{"id":"nacei-5695","kind":"plant","cat":"biomass","name":"Hwy 101 Landfill","province":"Nova Scotia","place":"Sackville","mw":2,"renewMw":2,"totalMw":2,"hydroMw":0,"pumpedMw":0,"solarMw":0,"windMw":0,"geoMw":0,"bioMw":2,"tidalMw":0,"owner":"","operator":"Highland Energy Inc","agency":"Highland-energy","period":"201512","sourceUrl":"https://open.canada.ca/data/en/dataset/490db619-ab58-4a2a-a245-2376ce1840de","sourceTitle":"Renewable Energy Power Plants, 1 MW or more","licence":"Open Government Licence - Canada","vintage":"201512"}},{"type":"Feature","geometry":{"type":"Point","coordinates":[-119.3524,52.84127]},"properties":{"id":"nacei-5696","kind":"plant","cat":"hydro","name":"Hystad","province":"British Columbia","place":"","mw":6,"renewMw":6,"totalMw":6,"hydroMw":6,"pumpedMw":0,"solarMw":0,"windMw":0,"geoMw":0,"bioMw":0,"tidalMw":0,"owner":"","operator":"Brookfield Renewable Energy Partners","agency":"BC Hydro IPP supply","period":"201704","sourceUrl":"https://open.canada.ca/data/en/dataset/490db619-ab58-4a2a-a245-2376ce1840de","sourceTitle":"Renewable Energy Power Plants, 1 MW or more","licence":"Open Government Licence - Canada","vintage":"201704"}},{"type":"Feature","geometry":{"type":"Point","coordinates":[-78.86639,44.06364]},"properties":{"id":"nacei-5697","kind":"plant","cat":"solar","name":"Illumination","province":"Ontario","place":"Port Perry","mw":10,"renewMw":10,"totalMw":10,"hydroMw":0,"pumpedMw":0,"solarMw":10,"windMw":0,"geoMw":0,"bioMw":0,"tidalMw":0,"owner":"Illumination LP","operator":"Illumination LP","agency":"IESO","period":"201703","sourceUrl":"https://open.canada.ca/data/en/dataset/490db619-ab58-4a2a-a245-2376ce1840de","sourceTitle":"Renewable Energy Power Plants, 1 MW or more","licence":"Open Government Licence - Canada","vintage":"201703"}},{"type":"Feature","geometry":{"type":"Point","coordinates":[-79.02485,43.84744]},"properties":{"id":"nacei-5698","kind":"plant","cat":"biomass","name":"Index Energy Mills Road Corp","province":"Ontario","place":"Ajax","mw":17.8,"renewMw":17.8,"totalMw":17.8,"hydroMw":0,"pumpedMw":0,"solarMw":0,"windMw":0,"geoMw":0,"bioMw":17.8,"tidalMw":0,"owner":"Index Energy Mills Road Corp","operator":"Index Energy Mills Road Corp","agency":"IESO","period":"201703","sourceUrl":"https://open.canada.ca/data/en/dataset/490db619-ab58-4a2a-a245-2376ce1840de","sourceTitle":"Renewable Energy Power Plants, 1 MW or more","licence":"Open Government Licence - Canada","vintage":"201703"}},{"type":"Feature","geometry":{"type":"Point","coordinates":[-80.84618,43.08804]},"properties":{"id":"nacei-5699","kind":"plant","cat":"solar","name":"Ingersoll 1","province":"Ontario","place":"Ingersoll","mw":9.5,"renewMw":9.5,"totalMw":9.5,"hydroMw":0,"pumpedMw":0,"solarMw":9.5,"windMw":0,"geoMw":0,"bioMw":0,"tidalMw":0,"owner":"Fiera Solar Ingersoll 1 LP","operator":"Fiera Solar Ingersoll 1 LP","agency":"IESO","period":"201703","sourceUrl":"https://open.canada.ca/data/en/dataset/490db619-ab58-4a2a-a245-2376ce1840de","sourceTitle":"Renewable Energy Power Plants, 1 MW or more","licence":"Open Government Licence - Canada","vintage":"201703"}},{"type":"Feature","geometry":{"type":"Point","coordinates":[-122.69565,53.92346]},"properties":{"id":"nacei-5700","kind":"plant","cat":"biomass","name":"Intercon Pulp Mill","province":"British Columbia","place":"Prince George","mw":32,"renewMw":32,"totalMw":32,"hydroMw":0,"pumpedMw":0,"solarMw":0,"windMw":0,"geoMw":0,"bioMw":32,"tidalMw":0,"owner":"","operator":"Canfor Pulp LP","agency":"BC Hydro IPP supply","period":"201704","sourceUrl":"https://open.canada.ca/data/en/dataset/490db619-ab58-4a2a-a245-2376ce1840de","sourceTitle":"Renewable Energy Power Plants, 1 MW or more","licence":"Open Government Licence - Canada","vintage":"201704"}},{"type":"Feature","geometry":{"type":"Point","coordinates":[-115.13924,50.63347]},"properties":{"id":"nacei-5701","kind":"plant","cat":"hydro","name":"Interlakes","province":"Alberta","place":"Kananaskis","mw":5,"renewMw":5,"totalMw":5,"hydroMw":5,"pumpedMw":0,"solarMw":0,"windMw":0,"geoMw":0,"bioMw":0,"tidalMw":0,"owner":"TransAlta (100%)","operator":"TransAlta (100%)","agency":"TransAlta","period":"201708","sourceUrl":"https://open.canada.ca/data/en/dataset/490db619-ab58-4a2a-a245-2376ce1840de","sourceTitle":"Renewable Energy Power Plants, 1 MW or more","licence":"Open Government Licence - Canada","vintage":"201708"}},{"type":"Feature","geometry":{"type":"Point","coordinates":[-123.20146,49.21859]},"properties":{"id":"nacei-5702","kind":"plant","cat":"biomass","name":"Iona Island Wwtp LFG","province":"British Columbia","place":"Richmond","mw":4,"renewMw":4,"totalMw":4,"hydroMw":0,"pumpedMw":0,"solarMw":0,"windMw":0,"geoMw":0,"bioMw":4,"tidalMw":0,"owner":"","operator":"Greater Vancouver Regional District","agency":"CIEEDAC","period":"201512","sourceUrl":"https://open.canada.ca/data/en/dataset/490db619-ab58-4a2a-a245-2376ce1840de","sourceTitle":"Renewable Energy Power Plants, 1 MW or more","licence":"Open Government Licence - Canada","vintage":"201512"}},{"type":"Feature","geometry":{"type":"Point","coordinates":[-62.62453,45.49328]},"properties":{"id":"nacei-5703","kind":"plant","cat":"wind","name":"Irish Mountain","province":"Nova Scotia","place":"","mw":2,"renewMw":2,"totalMw":2,"hydroMw":0,"pumpedMw":0,"solarMw":0,"windMw":2,"geoMw":0,"bioMw":0,"tidalMw":0,"owner":"","operator":"Black River Wind Ltd","agency":"CanWEA","period":"201612","sourceUrl":"https://open.canada.ca/data/en/dataset/490db619-ab58-4a2a-a245-2376ce1840de","sourceTitle":"Renewable Energy Power Plants, 1 MW or more","licence":"Open Government Licence - Canada","vintage":"201612"}},{"type":"Feature","geometry":{"type":"Point","coordinates":[-80.66883,48.76378]},"properties":{"id":"nacei-5704","kind":"plant","cat":"hydro","name":"Iroquois Falls","province":"Ontario","place":"Iroquois Falls","mw":29,"renewMw":29,"totalMw":29,"hydroMw":29,"pumpedMw":0,"solarMw":0,"windMw":0,"geoMw":0,"bioMw":0,"tidalMw":0,"owner":"H2O Power LP","operator":"H2O Power LP","agency":"IESO","period":"201703","sourceUrl":"https://open.canada.ca/data/en/dataset/490db619-ab58-4a2a-a245-2376ce1840de","sourceTitle":"Renewable Energy Power Plants, 1 MW or more","licence":"Open Government Licence - Canada","vintage":"201703"}},{"type":"Feature","geometry":{"type":"Point","coordinates":[-81.38207,49.57722]},"properties":{"id":"nacei-5705","kind":"plant","cat":"hydro","name":"Island Falls (H2O)","province":"Ontario","place":"Iroquois Falls","mw":38,"renewMw":38,"totalMw":38,"hydroMw":38,"pumpedMw":0,"solarMw":0,"windMw":0,"geoMw":0,"bioMw":0,"tidalMw":0,"owner":"H2O Power LP","operator":"H2O Power LP","agency":"IESO","period":"201703","sourceUrl":"https://open.canada.ca/data/en/dataset/490db619-ab58-4a2a-a245-2376ce1840de","sourceTitle":"Renewable Energy Power Plants, 1 MW or more","licence":"Open Government Licence - Canada","vintage":"201703"}},{"type":"Feature","geometry":{"type":"Point","coordinates":[-102.35615,55.52841]},"properties":{"id":"nacei-5706","kind":"plant","cat":"hydro","name":"Island Falls (Sk)","province":"Saskatchewan","place":"Island Falls","mw":111,"renewMw":111,"totalMw":111,"hydroMw":111,"pumpedMw":0,"solarMw":0,"windMw":0,"geoMw":0,"bioMw":0,"tidalMw":0,"owner":"Saskatchewan Power Corp","operator":"Saskatchewan Power Corp","agency":"SaskPower","period":"201612","sourceUrl":"https://open.canada.ca/data/en/dataset/490db619-ab58-4a2a-a245-2376ce1840de","sourceTitle":"Renewable Energy Power Plants, 1 MW or more","licence":"Open Government Licence - Canada","vintage":"201612"}},{"type":"Feature","geometry":{"type":"Point","coordinates":[-61.07446,45.56901]},"properties":{"id":"nacei-5707","kind":"plant","cat":"wind","name":"Isle Madame","province":"Nova Scotia","place":"","mw":2,"renewMw":2,"totalMw":2,"hydroMw":0,"pumpedMw":0,"solarMw":0,"windMw":2,"geoMw":0,"bioMw":0,"tidalMw":0,"owner":"","operator":"","agency":"CanWEA","period":"201612","sourceUrl":"https://open.canada.ca/data/en/dataset/490db619-ab58-4a2a-a245-2376ce1840de","sourceTitle":"Renewable Energy Power Plants, 1 MW or more","licence":"Open Government Licence - Canada","vintage":"201612"}},{"type":"Feature","geometry":{"type":"Point","coordinates":[-71.63469,48.57707]},"properties":{"id":"nacei-5708","kind":"plant","cat":"hydro","name":"Isle-Maligne","province":"Québec","place":"Alma","mw":463.8,"renewMw":463.8,"totalMw":463.8,"hydroMw":463.8,"pumpedMw":0,"solarMw":0,"windMw":0,"geoMw":0,"bioMw":0,"tidalMw":0,"owner":"Rio Tinto (Rt)","operator":"Rio Tinto (Rt)","agency":"MERN","period":"201708","sourceUrl":"https://open.canada.ca/data/en/dataset/490db619-ab58-4a2a-a245-2376ce1840de","sourceTitle":"Renewable Energy Power Plants, 1 MW or more","licence":"Open Government Licence - Canada","vintage":"201708"}},{"type":"Feature","geometry":{"type":"Point","coordinates":[-67.66582,48.73546]},"properties":{"id":"nacei-5709","kind":"plant","cat":"wind","name":"Jardin d'Éole","province":"Québec","place":"Saint-Ulric / Saint-Leandre","mw":133.3,"renewMw":133.3,"totalMw":133.3,"hydroMw":0,"pumpedMw":0,"solarMw":0,"windMw":133.3,"geoMw":0,"bioMw":0,"tidalMw":0,"owner":"Northland Power Inc","operator":"Northland Power Inc","agency":"CanWEA","period":"201612","sourceUrl":"https://open.canada.ca/data/en/dataset/490db619-ab58-4a2a-a245-2376ce1840de","sourceTitle":"Renewable Energy Power Plants, 1 MW or more","licence":"Open Government Licence - Canada","vintage":"201612"}},{"type":"Feature","geometry":{"type":"Point","coordinates":[-71.04771,46.6353]},"properties":{"id":"nacei-5710","kind":"plant","cat":"hydro","name":"Jean-Guérin","province":"Québec","place":"Saint Anselme","mw":5.9,"renewMw":5.9,"totalMw":5.9,"hydroMw":5.9,"pumpedMw":0,"solarMw":0,"windMw":0,"geoMw":0,"bioMw":0,"tidalMw":0,"owner":"Société d'Énergie Columbus Inc","operator":"Société d'Énergie Columbus Inc","agency":"MERN","period":"201708","sourceUrl":"https://open.canada.ca/data/en/dataset/490db619-ab58-4a2a-a245-2376ce1840de","sourceTitle":"Renewable Energy Power Plants, 1 MW or more","licence":"Open Government Licence - Canada","vintage":"201708"}},{"type":"Feature","geometry":{"type":"Point","coordinates":[-68.34672,49.32134]},"properties":{"id":"nacei-5711","kind":"plant","cat":"hydro","name":"Jean-Lesage (Manic-2)","province":"Québec","place":"Manicouagan","mw":1229,"renewMw":1229,"totalMw":1229,"hydroMw":1229,"pumpedMw":0,"solarMw":0,"windMw":0,"geoMw":0,"bioMw":0,"tidalMw":0,"owner":"Hydro-Québec","operator":"Hydro-Québec","agency":"Hydro-Québec","period":"201708","sourceUrl":"https://open.canada.ca/data/en/dataset/490db619-ab58-4a2a-a245-2376ce1840de","sourceTitle":"Renewable Energy Power Plants, 1 MW or more","licence":"Open Government Licence - Canada","vintage":"201708"}},{"type":"Feature","geometry":{"type":"Point","coordinates":[-98.02825,54.54318]},"properties":{"id":"nacei-5712","kind":"plant","cat":"hydro","name":"Jenpeg","province":"Manitoba","place":"Jenpeg","mw":115,"renewMw":115,"totalMw":115,"hydroMw":115,"pumpedMw":0,"solarMw":0,"windMw":0,"geoMw":0,"bioMw":0,"tidalMw":0,"owner":"","operator":"Manitoba Hydro","agency":"MB Hydro","period":"201708","sourceUrl":"https://open.canada.ca/data/en/dataset/490db619-ab58-4a2a-a245-2376ce1840de","sourceTitle":"Renewable Energy Power Plants, 1 MW or more","licence":"Open Government Licence - Canada","vintage":"201708"}},{"type":"Feature","geometry":{"type":"Point","coordinates":[-81.89384,43.13331]},"properties":{"id":"nacei-5713","kind":"plant","cat":"wind","name":"Jericho","province":"Ontario","place":"Thedford","mw":149,"renewMw":149,"totalMw":149,"hydroMw":0,"pumpedMw":0,"solarMw":0,"windMw":149,"geoMw":0,"bioMw":0,"tidalMw":0,"owner":"Jericho Wind, LP","operator":"Jericho Wind, LP","agency":"CanWEA","period":"201612","sourceUrl":"https://open.canada.ca/data/en/dataset/490db619-ab58-4a2a-a245-2376ce1840de","sourceTitle":"Renewable Energy Power Plants, 1 MW or more","licence":"Open Government Licence - Canada","vintage":"201612"}},{"type":"Feature","geometry":{"type":"Point","coordinates":[-71.21249,48.6987]},"properties":{"id":"nacei-5714","kind":"plant","cat":"hydro","name":"Jim-Gray","province":"Québec","place":"Saint David de Falardeau","mw":63,"renewMw":63,"totalMw":63,"hydroMw":63,"pumpedMw":0,"solarMw":0,"windMw":0,"geoMw":0,"bioMw":0,"tidalMw":0,"owner":"Hydro Saguenay","operator":"Hydro Saguenay","agency":"MERN","period":"201708","sourceUrl":"https://open.canada.ca/data/en/dataset/490db619-ab58-4a2a-a245-2376ce1840de","sourceTitle":"Renewable Energy Power Plants, 1 MW or more","licence":"Open Government Licence - Canada","vintage":"201708"}},{"type":"Feature","geometry":{"type":"Point","coordinates":[-76.6961,45.8781]},"properties":{"id":"nacei-5715","kind":"plant","cat":"hydro","name":"Joey-Tanenbaum","province":"Québec","place":"Coulonge River","mw":17,"renewMw":17,"totalMw":17,"hydroMw":17,"pumpedMw":0,"solarMw":0,"windMw":0,"geoMw":0,"bioMw":0,"tidalMw":0,"owner":"Coulonge Énergie (Société en Commandite)/Hydro-Pontiac Inc","operator":"Coulonge Énergie (Société en Commandite)/Hydro-Pontiac Inc","agency":"MERN","period":"201708","sourceUrl":"https://open.canada.ca/data/en/dataset/490db619-ab58-4a2a-a245-2376ce1840de","sourceTitle":"Renewable Energy Power Plants, 1 MW or more","licence":"Open Government Licence - Canada","vintage":"201708"}},{"type":"Feature","geometry":{"type":"Point","coordinates":[-125.31089,50.044]},"properties":{"id":"nacei-5716","kind":"plant","cat":"hydro","name":"John Hart","province":"British Columbia","place":"Campbell River","mw":126,"renewMw":126,"totalMw":126,"hydroMw":126,"pumpedMw":0,"solarMw":0,"windMw":0,"geoMw":0,"bioMw":0,"tidalMw":0,"owner":"BC Hydro","operator":"BC Hydro","agency":"BC Hydro","period":"201708","sourceUrl":"https://open.canada.ca/data/en/dataset/490db619-ab58-4a2a-a245-2376ce1840de","sourceTitle":"Renewable Energy Power Plants, 1 MW or more","licence":"Open Government Licence - Canada","vintage":"201708"}},{"type":"Feature","geometry":{"type":"Point","coordinates":[-76.2367,44.54761]},"properties":{"id":"nacei-5717","kind":"plant","cat":"hydro","name":"Jones Falls","province":"Ontario","place":"Elgin","mw":2.4,"renewMw":2.4,"totalMw":2.4,"hydroMw":2.4,"pumpedMw":0,"solarMw":0,"windMw":0,"geoMw":0,"bioMw":0,"tidalMw":0,"owner":"Fortis Generation East LP","operator":"Granite Power Generation Corp","agency":"IESO","period":"201703","sourceUrl":"https://open.canada.ca/data/en/dataset/490db619-ab58-4a2a-a245-2376ce1840de","sourceTitle":"Renewable Energy Power Plants, 1 MW or more","licence":"Open Government Licence - Canada","vintage":"201703"}},{"type":"Feature","geometry":{"type":"Point","coordinates":[-71.25546,48.41672]},"properties":{"id":"nacei-5718","kind":"plant","cat":"hydro","name":"Jonquière","province":"Québec","place":"Riviere aux Sables","mw":4.9,"renewMw":4.9,"totalMw":4.9,"hydroMw":4.9,"pumpedMw":0,"solarMw":0,"windMw":0,"geoMw":0,"bioMw":0,"tidalMw":0,"owner":"Hydro Saguenay","operator":"Hydro Saguenay","agency":"MERN","period":"201708","sourceUrl":"https://open.canada.ca/data/en/dataset/490db619-ab58-4a2a-a245-2376ce1840de","sourceTitle":"Renewable Energy Power Plants, 1 MW or more","licence":"Open Government Licence - Canada","vintage":"201708"}},{"type":"Feature","geometry":{"type":"Point","coordinates":[-71.25338,48.42214]},"properties":{"id":"nacei-5719","kind":"plant","cat":"hydro","name":"Jonquière 1","province":"Québec","place":"","mw":4.5,"renewMw":4.5,"totalMw":4.5,"hydroMw":4.5,"pumpedMw":0,"solarMw":0,"windMw":0,"geoMw":0,"bioMw":0,"tidalMw":0,"owner":"Ville de Saguenay","operator":"Ville de Saguenay","agency":"MERN","period":"201708","sourceUrl":"https://open.canada.ca/data/en/dataset/490db619-ab58-4a2a-a245-2376ce1840de","sourceTitle":"Renewable Energy Power Plants, 1 MW or more","licence":"Open Government Licence - Canada","vintage":"201708"}},{"type":"Feature","geometry":{"type":"Point","coordinates":[-124.05225,48.42966]},"properties":{"id":"nacei-5720","kind":"plant","cat":"hydro","name":"Jordan River","province":"British Columbia","place":"Jordan River","mw":170,"renewMw":170,"totalMw":170,"hydroMw":170,"pumpedMw":0,"solarMw":0,"windMw":0,"geoMw":0,"bioMw":0,"tidalMw":0,"owner":"BC Hydro","operator":"BC Hydro","agency":"BC Hydro","period":"201708","sourceUrl":"https://open.canada.ca/data/en/dataset/490db619-ab58-4a2a-a245-2376ce1840de","sourceTitle":"Renewable Energy Power Plants, 1 MW or more","licence":"Open Government Licence - Canada","vintage":"201708"}},{"type":"Feature","geometry":{"type":"Point","coordinates":[-81.63991,43.93726]},"properties":{"id":"nacei-5721","kind":"plant","cat":"wind","name":"K2 Wind","province":"Ontario","place":"Dungannon","mw":270,"renewMw":270,"totalMw":270,"hydroMw":0,"pumpedMw":0,"solarMw":0,"windMw":270,"geoMw":0,"bioMw":0,"tidalMw":0,"owner":"K2 Wind Ontario LP","operator":"","agency":"CanWEA","period":"201612","sourceUrl":"https://open.canada.ca/data/en/dataset/490db619-ab58-4a2a-a245-2376ce1840de","sourceTitle":"Renewable Energy Power Plants, 1 MW or more","licence":"Open Government Licence - Canada","vintage":"201612"}},{"type":"Feature","geometry":{"type":"Point","coordinates":[-64.25438,44.72777]},"properties":{"id":"nacei-5722","kind":"plant","cat":"wind","name":"Kaizer Meadow","province":"Nova Scotia","place":"","mw":2,"renewMw":2,"totalMw":2,"hydroMw":0,"pumpedMw":0,"solarMw":0,"windMw":2,"geoMw":0,"bioMw":0,"tidalMw":0,"owner":"","operator":"","agency":"CanWEA","period":"201612","sourceUrl":"https://open.canada.ca/data/en/dataset/490db619-ab58-4a2a-a245-2376ce1840de","sourceTitle":"Renewable Energy Power Plants, 1 MW or more","licence":"Open Government Licence - Canada","vintage":"201612"}},{"type":"Feature","geometry":{"type":"Point","coordinates":[-89.61654,48.39745]},"properties":{"id":"nacei-5723","kind":"plant","cat":"hydro","name":"Kakabeka","province":"Ontario","place":"Kakabeka Falls","mw":25,"renewMw":25,"totalMw":25,"hydroMw":25,"pumpedMw":0,"solarMw":0,"windMw":0,"geoMw":0,"bioMw":0,"tidalMw":0,"owner":"","operator":"Ontario Power Generation Inc","agency":"OPG","period":"201708","sourceUrl":"https://open.canada.ca/data/en/dataset/490db619-ab58-4a2a-a245-2376ce1840de","sourceTitle":"Renewable Energy Power Plants, 1 MW or more","licence":"Open Government Licence - Canada","vintage":"201708"}},{"type":"Feature","geometry":{"type":"Point","coordinates":[-115.05825,51.09691]},"properties":{"id":"nacei-5724","kind":"plant","cat":"hydro","name":"Kananaskis","province":"Alberta","place":"Seebe","mw":19,"renewMw":19,"totalMw":19,"hydroMw":19,"pumpedMw":0,"solarMw":0,"windMw":0,"geoMw":0,"bioMw":0,"tidalMw":0,"owner":"TransAlta (100%)","operator":"TransAlta (100%)","agency":"TransAlta","period":"201708","sourceUrl":"https://open.canada.ca/data/en/dataset/490db619-ab58-4a2a-a245-2376ce1840de","sourceTitle":"Renewable Energy Power Plants, 1 MW or more","licence":"Open Government Licence - Canada","vintage":"201708"}},{"type":"Feature","geometry":{"type":"Point","coordinates":[-82.39284,49.37496]},"properties":{"id":"nacei-5725","kind":"plant","cat":"solar","name":"Kap Solar Park","province":"Ontario","place":"Kapuskasing","mw":6,"renewMw":6,"totalMw":6,"hydroMw":0,"pumpedMw":0,"solarMw":6,"windMw":0,"geoMw":0,"bioMw":0,"tidalMw":0,"owner":"New Ospvf 7 LP","operator":"New Ospvf 7 LP","agency":"IESO","period":"201703","sourceUrl":"https://open.canada.ca/data/en/dataset/490db619-ab58-4a2a-a245-2376ce1840de","sourceTitle":"Renewable Energy Power Plants, 1 MW or more","licence":"Open Government Licence - Canada","vintage":"201703"}},{"type":"Feature","geometry":{"type":"Point","coordinates":[-82.42987,49.41311]},"properties":{"id":"nacei-5726","kind":"plant","cat":"hydro","name":"Kapuskasing","province":"Ontario","place":"Val Rita","mw":2.8,"renewMw":2.8,"totalMw":2.8,"hydroMw":2.8,"pumpedMw":0,"solarMw":0,"windMw":0,"geoMw":0,"bioMw":0,"tidalMw":0,"owner":"","operator":"Spruce Falls Inc","agency":"Statistics Canada","period":"2000","sourceUrl":"https://open.canada.ca/data/en/dataset/490db619-ab58-4a2a-a245-2376ce1840de","sourceTitle":"Renewable Energy Power Plants, 1 MW or more","licence":"Open Government Licence - Canada","vintage":"2000"}},{"type":"Feature","geometry":{"type":"Point","coordinates":[-96.53788,56.04045]},"properties":{"id":"nacei-5727","kind":"plant","cat":"hydro","name":"Kelsey","province":"Manitoba","place":"Kelsey","mw":286,"renewMw":286,"totalMw":286,"hydroMw":286,"pumpedMw":0,"solarMw":0,"windMw":0,"geoMw":0,"bioMw":0,"tidalMw":0,"owner":"","operator":"Manitoba Hydro","agency":"MB Hydro","period":"201708","sourceUrl":"https://open.canada.ca/data/en/dataset/490db619-ab58-4a2a-a245-2376ce1840de","sourceTitle":"Renewable Energy Power Plants, 1 MW or more","licence":"Open Government Licence - Canada","vintage":"201708"}},{"type":"Feature","geometry":{"type":"Point","coordinates":[-127.94256,53.56317]},"properties":{"id":"nacei-5728","kind":"plant","cat":"hydro","name":"Kemano","province":"British Columbia","place":"Kemano","mw":896,"renewMw":896,"totalMw":896,"hydroMw":896,"pumpedMw":0,"solarMw":0,"windMw":0,"geoMw":0,"bioMw":0,"tidalMw":0,"owner":"","operator":"Alcan Primary Metal","agency":"BC Hydro IPP supply","period":"201704","sourceUrl":"https://open.canada.ca/data/en/dataset/490db619-ab58-4a2a-a245-2376ce1840de","sourceTitle":"Renewable Energy Power Plants, 1 MW or more","licence":"Open Government Licence - Canada","vintage":"201704"}},{"type":"Feature","geometry":{"type":"Point","coordinates":[-63.11476,45.44849]},"properties":{"id":"nacei-5729","kind":"plant","cat":"wind","name":"Kemptown","province":"Nova Scotia","place":"","mw":5,"renewMw":5,"totalMw":5,"hydroMw":0,"pumpedMw":0,"solarMw":0,"windMw":5,"geoMw":0,"bioMw":0,"tidalMw":0,"owner":"","operator":"","agency":"CanWEA","period":"201612","sourceUrl":"https://open.canada.ca/data/en/dataset/490db619-ab58-4a2a-a245-2376ce1840de","sourceTitle":"Renewable Energy Power Plants, 1 MW or more","licence":"Open Government Licence - Canada","vintage":"201612"}},{"type":"Feature","geometry":{"type":"Point","coordinates":[-94.50348,49.77248]},"properties":{"id":"nacei-5730","kind":"plant","cat":"hydro","name":"Kenora","province":"Ontario","place":"Kenora","mw":6,"renewMw":6,"totalMw":6,"hydroMw":6,"pumpedMw":0,"solarMw":0,"windMw":0,"geoMw":0,"bioMw":0,"tidalMw":0,"owner":"H2O Power LP","operator":"H2O Power LP","agency":"IESO","period":"201703","sourceUrl":"https://open.canada.ca/data/en/dataset/490db619-ab58-4a2a-a245-2376ce1840de","sourceTitle":"Renewable Energy Power Plants, 1 MW or more","licence":"Open Government Licence - Canada","vintage":"201703"}},{"type":"Feature","geometry":{"type":"Point","coordinates":[-82.05059,42.54516]},"properties":{"id":"nacei-5731","kind":"plant","cat":"wind","name":"Kent Breeze","province":"Ontario","place":"Thamesville","mw":20,"renewMw":20,"totalMw":20,"hydroMw":0,"pumpedMw":0,"solarMw":0,"windMw":20,"geoMw":0,"bioMw":0,"tidalMw":0,"owner":"TransAlta (100%)","operator":"TransAlta (100%)","agency":"CanWEA","period":"201612","sourceUrl":"https://open.canada.ca/data/en/dataset/490db619-ab58-4a2a-a245-2376ce1840de","sourceTitle":"Renewable Energy Power Plants, 1 MW or more","licence":"Open Government Licence - Canada","vintage":"201612"}},{"type":"Feature","geometry":{"type":"Point","coordinates":[-64.88943,45.81936]},"properties":{"id":"nacei-5732","kind":"plant","cat":"wind","name":"Kent Hills 1 / 2","province":"New Brunswick","place":"Kent Hills","mw":150,"renewMw":150,"totalMw":150,"hydroMw":0,"pumpedMw":0,"solarMw":0,"windMw":150,"geoMw":0,"bioMw":0,"tidalMw":0,"owner":"TransAlta (83%)","operator":"TransAlta (83%)","agency":"CanWEA","period":"201612","sourceUrl":"https://open.canada.ca/data/en/dataset/490db619-ab58-4a2a-a245-2376ce1840de","sourceTitle":"Renewable Energy Power Plants, 1 MW or more","licence":"Open Government Licence - Canada","vintage":"201612"}},{"type":"Feature","geometry":{"type":"Point","coordinates":[-94.63464,56.38167]},"properties":{"id":"nacei-5733","kind":"plant","cat":"hydro","name":"Kettle","province":"Manitoba","place":"Gillam","mw":1220,"renewMw":1220,"totalMw":1220,"hydroMw":1220,"pumpedMw":0,"solarMw":0,"windMw":0,"geoMw":0,"bioMw":0,"tidalMw":0,"owner":"","operator":"Manitoba Hydro","agency":"MB Hydro","period":"201708","sourceUrl":"https://open.canada.ca/data/en/dataset/490db619-ab58-4a2a-a245-2376ce1840de","sourceTitle":"Renewable Energy Power Plants, 1 MW or more","licence":"Open Government Licence - Canada","vintage":"201708"}},{"type":"Feature","geometry":{"type":"Point","coordinates":[-113.82177,49.51588]},"properties":{"id":"nacei-5734","kind":"plant","cat":"wind","name":"Kettles Hill","province":"Alberta","place":"Pincher Creek","mw":63,"renewMw":63,"totalMw":63,"hydroMw":0,"pumpedMw":0,"solarMw":0,"windMw":63,"geoMw":0,"bioMw":0,"tidalMw":0,"owner":"Kettles Hill Wind Energy","operator":"Kettles Hill Wind Energy","agency":"CanWEA","period":"201612","sourceUrl":"https://open.canada.ca/data/en/dataset/490db619-ab58-4a2a-a245-2376ce1840de","sourceTitle":"Renewable Energy Power Plants, 1 MW or more","licence":"Open Government Licence - Canada","vintage":"201612"}},{"type":"Feature","geometry":{"type":"Point","coordinates":[-115.94763,49.66901]},"properties":{"id":"nacei-5735","kind":"plant","cat":"solar","name":"Kimberley","province":"British Columbia","place":"Kimberley","mw":1,"renewMw":1,"totalMw":1,"hydroMw":0,"pumpedMw":0,"solarMw":1,"windMw":0,"geoMw":0,"bioMw":0,"tidalMw":0,"owner":"City of Kimberley","operator":"Sunmine","agency":"BC Hydro IPP supply","period":"201704","sourceUrl":"https://open.canada.ca/data/en/dataset/490db619-ab58-4a2a-a245-2376ce1840de","sourceTitle":"Renewable Energy Power Plants, 1 MW or more","licence":"Open Government Licence - Canada","vintage":"201704"}},{"type":"Feature","geometry":{"type":"Point","coordinates":[-81.69198,43.85888]},"properties":{"id":"nacei-5736","kind":"plant","cat":"wind","name":"Kingsbridge 1","province":"Ontario","place":"Goderich","mw":39.6,"renewMw":39.6,"totalMw":39.6,"hydroMw":0,"pumpedMw":0,"solarMw":0,"windMw":39.6,"geoMw":0,"bioMw":0,"tidalMw":0,"owner":"Cp Renewable Energy (Kingsbridge) LP","operator":"Cp Renewable Energy (Kingsbridge) LP","agency":"CanWEA","period":"201612","sourceUrl":"https://open.canada.ca/data/en/dataset/490db619-ab58-4a2a-a245-2376ce1840de","sourceTitle":"Renewable Energy Power Plants, 1 MW or more","licence":"Open Government Licence - Canada","vintage":"201612"}},{"type":"Feature","geometry":{"type":"Point","coordinates":[-76.63301,44.2966]},"properties":{"id":"nacei-5737","kind":"plant","cat":"solar","name":"Kingston Gardiner Hwy2 North","province":"Ontario","place":"Odessa","mw":10,"renewMw":10,"totalMw":10,"hydroMw":0,"pumpedMw":0,"solarMw":10,"windMw":0,"geoMw":0,"bioMw":0,"tidalMw":0,"owner":"Sune Westbrook LP","operator":"Sune Westbrook LP","agency":"IESO","period":"201703","sourceUrl":"https://open.canada.ca/data/en/dataset/490db619-ab58-4a2a-a245-2376ce1840de","sourceTitle":"Renewable Energy Power Plants, 1 MW or more","licence":"Open Government Licence - Canada","vintage":"201703"}},{"type":"Feature","geometry":{"type":"Point","coordinates":[-76.67194,44.27123]},"properties":{"id":"nacei-5738","kind":"plant","cat":"solar","name":"Kingston Gardiner Hwy2 South","province":"Ontario","place":"Odessa","mw":10,"renewMw":10,"totalMw":10,"hydroMw":0,"pumpedMw":0,"solarMw":10,"windMw":0,"geoMw":0,"bioMw":0,"tidalMw":0,"owner":"Sune Hwy 2 S LP","operator":"Sune Hwy 2 S LP","agency":"IESO","period":"201703","sourceUrl":"https://open.canada.ca/data/en/dataset/490db619-ab58-4a2a-a245-2376ce1840de","sourceTitle":"Renewable Energy Power Plants, 1 MW or more","licence":"Open Government Licence - Canada","vintage":"201703"}},{"type":"Feature","geometry":{"type":"Point","coordinates":[-76.76857,44.26534]},"properties":{"id":"nacei-5739","kind":"plant","cat":"solar","name":"Kingston Gardiner TS Odessa","province":"Ontario","place":"Odessa","mw":10,"renewMw":10,"totalMw":10,"hydroMw":0,"pumpedMw":0,"solarMw":10,"windMw":0,"geoMw":0,"bioMw":0,"tidalMw":0,"owner":"Sune Odessa LP","operator":"Sune Odessa LP","agency":"IESO","period":"201703","sourceUrl":"https://open.canada.ca/data/en/dataset/490db619-ab58-4a2a-a245-2376ce1840de","sourceTitle":"Renewable Energy Power Plants, 1 MW or more","licence":"Open Government Licence - Canada","vintage":"201703"}},{"type":"Feature","geometry":{"type":"Point","coordinates":[-76.56666,44.32013]},"properties":{"id":"nacei-5740","kind":"plant","cat":"solar","name":"Kingston Gardiner TS Unity Road","province":"Ontario","place":"Elginburg","mw":10,"renewMw":10,"totalMw":10,"hydroMw":0,"pumpedMw":0,"solarMw":10,"windMw":0,"geoMw":0,"bioMw":0,"tidalMw":0,"owner":"Sune Unity LP","operator":"Sune Unity LP","agency":"IESO","period":"201703","sourceUrl":"https://open.canada.ca/data/en/dataset/490db619-ab58-4a2a-a245-2376ce1840de","sourceTitle":"Renewable Energy Power Plants, 1 MW or more","licence":"Open Government Licence - Canada","vintage":"201703"}},{"type":"Feature","geometry":{"type":"Point","coordinates":[-76.44046,44.29338]},"properties":{"id":"nacei-5741","kind":"plant","cat":"hydro","name":"Kingston Mills","province":"Ontario","place":"Glenburnie","mw":1.9,"renewMw":1.9,"totalMw":1.9,"hydroMw":1.9,"pumpedMw":0,"solarMw":0,"windMw":0,"geoMw":0,"bioMw":0,"tidalMw":0,"owner":"Fortis Generation East LP","operator":"Fortis Properties Corp","agency":"IESO","period":"201703","sourceUrl":"https://open.canada.ca/data/en/dataset/490db619-ab58-4a2a-a245-2376ce1840de","sourceTitle":"Renewable Energy Power Plants, 1 MW or more","licence":"Open Government Licence - Canada","vintage":"201703"}},{"type":"Feature","geometry":{"type":"Point","coordinates":[-82.20862,50.14489]},"properties":{"id":"nacei-5742","kind":"plant","cat":"hydro","name":"Kipling","province":"Ontario","place":"Harmon Township","mw":232,"renewMw":232,"totalMw":232,"hydroMw":232,"pumpedMw":0,"solarMw":0,"windMw":0,"geoMw":0,"bioMw":0,"tidalMw":0,"owner":"Ontario Power Generation","operator":"Ontario Power Generation","agency":"OPG","period":"201708","sourceUrl":"https://open.canada.ca/data/en/dataset/490db619-ab58-4a2a-a245-2376ce1840de","sourceTitle":"Renewable Energy Power Plants, 1 MW or more","licence":"Open Government Licence - Canada","vintage":"201708"}},{"type":"Feature","geometry":{"type":"Point","coordinates":[-126.87551,50.51986]},"properties":{"id":"nacei-5743","kind":"plant","cat":"hydro","name":"Kokish River","province":"British Columbia","place":"Port McNeil","mw":45,"renewMw":45,"totalMw":45,"hydroMw":45,"pumpedMw":0,"solarMw":0,"windMw":0,"geoMw":0,"bioMw":0,"tidalMw":0,"owner":"","operator":"Kwagish Power LP","agency":"BC Hydro IPP supply","period":"201704","sourceUrl":"https://open.canada.ca/data/en/dataset/490db619-ab58-4a2a-a245-2376ce1840de","sourceTitle":"Renewable Energy Power Plants, 1 MW or more","licence":"Open Government Licence - Canada","vintage":"201704"}},{"type":"Feature","geometry":{"type":"Point","coordinates":[-117.5179,49.45326]},"properties":{"id":"nacei-5744","kind":"plant","cat":"hydro","name":"Kootenay Canal","province":"British Columbia","place":"Kootenay River","mw":570,"renewMw":570,"totalMw":570,"hydroMw":570,"pumpedMw":0,"solarMw":0,"windMw":0,"geoMw":0,"bioMw":0,"tidalMw":0,"owner":"BC Hydro","operator":"BC Hydro","agency":"BC Hydro","period":"201708","sourceUrl":"https://open.canada.ca/data/en/dataset/490db619-ab58-4a2a-a245-2376ce1840de","sourceTitle":"Renewable Energy Power Plants, 1 MW or more","licence":"Open Government Licence - Canada","vintage":"201708"}},{"type":"Feature","geometry":{"type":"Point","coordinates":[-122.93658,49.20135]},"properties":{"id":"nacei-5745","kind":"plant","cat":"biomass","name":"Kruger Products Paper Mill","province":"British Columbia","place":"New Westminster","mw":14,"renewMw":14,"totalMw":14,"hydroMw":0,"pumpedMw":0,"solarMw":0,"windMw":0,"geoMw":0,"bioMw":14,"tidalMw":0,"owner":"","operator":"Scott Paper Ltd (Kruger)","agency":"Kruger Energy","period":"201512","sourceUrl":"https://open.canada.ca/data/en/dataset/490db619-ab58-4a2a-a245-2376ce1840de","sourceTitle":"Renewable Energy Power Plants, 1 MW or more","licence":"Open Government Licence - Canada","vintage":"201512"}},{"type":"Feature","geometry":{"type":"Point","coordinates":[-121.56713,50.10506]},"properties":{"id":"nacei-5746","kind":"plant","cat":"hydro","name":"Kwoiek Creek","province":"British Columbia","place":"Kwoiek Creek","mw":49.9,"renewMw":49.9,"totalMw":49.9,"hydroMw":49.9,"pumpedMw":0,"solarMw":0,"windMw":0,"geoMw":0,"bioMw":0,"tidalMw":0,"owner":"Innergex Inc (50%) / Kanaka Bar Indian Band (50%)","operator":"","agency":"Innergex","period":"201708","sourceUrl":"https://open.canada.ca/data/en/dataset/490db619-ab58-4a2a-a245-2376ce1840de","sourceTitle":"Renewable Energy Power Plants, 1 MW or more","licence":"Open Government Licence - Canada","vintage":"201708"}},{"type":"Feature","geometry":{"type":"Point","coordinates":[-72.73934,46.4491]},"properties":{"id":"nacei-5747","kind":"plant","cat":"hydro","name":"La Gabelle","province":"Québec","place":"Saint-Maurice","mw":131,"renewMw":131,"totalMw":131,"hydroMw":131,"pumpedMw":0,"solarMw":0,"windMw":0,"geoMw":0,"bioMw":0,"tidalMw":0,"owner":"Hydro-Québec","operator":"Hydro-Québec","agency":"Hydro-Québec","period":"201708","sourceUrl":"https://open.canada.ca/data/en/dataset/490db619-ab58-4a2a-a245-2376ce1840de","sourceTitle":"Renewable Energy Power Plants, 1 MW or more","licence":"Open Government Licence - Canada","vintage":"201708"}},{"type":"Feature","geometry":{"type":"Point","coordinates":[-78.57119,53.73228]},"properties":{"id":"nacei-5748","kind":"plant","cat":"hydro","name":"La Grande-1","province":"Québec","place":"La Grande","mw":1436,"renewMw":1436,"totalMw":1436,"hydroMw":1436,"pumpedMw":0,"solarMw":0,"windMw":0,"geoMw":0,"bioMw":0,"tidalMw":0,"owner":"Hydro-Québec","operator":"Hydro-Québec","agency":"Hydro-Québec","period":"201708","sourceUrl":"https://open.canada.ca/data/en/dataset/490db619-ab58-4a2a-a245-2376ce1840de","sourceTitle":"Renewable Energy Power Plants, 1 MW or more","licence":"Open Government Licence - Canada","vintage":"201708"}},{"type":"Feature","geometry":{"type":"Point","coordinates":[-77.54834,53.78083]},"properties":{"id":"nacei-5749","kind":"plant","cat":"hydro","name":"La Grande-2-A","province":"Québec","place":"La Grande","mw":2106,"renewMw":2106,"totalMw":2106,"hydroMw":2106,"pumpedMw":0,"solarMw":0,"windMw":0,"geoMw":0,"bioMw":0,"tidalMw":0,"owner":"Hydro-Québec","operator":"Hydro-Québec","agency":"Hydro-Québec","period":"201708","sourceUrl":"https://open.canada.ca/data/en/dataset/490db619-ab58-4a2a-a245-2376ce1840de","sourceTitle":"Renewable Energy Power Plants, 1 MW or more","licence":"Open Government Licence - Canada","vintage":"201708"}},{"type":"Feature","geometry":{"type":"Point","coordinates":[-75.98738,53.72744]},"properties":{"id":"nacei-5750","kind":"plant","cat":"hydro","name":"La Grande-3","province":"Québec","place":"La Grande","mw":2417,"renewMw":2417,"totalMw":2417,"hydroMw":2417,"pumpedMw":0,"solarMw":0,"windMw":0,"geoMw":0,"bioMw":0,"tidalMw":0,"owner":"Hydro-Québec","operator":"Hydro-Québec","agency":"Hydro-Québec","period":"201708","sourceUrl":"https://open.canada.ca/data/en/dataset/490db619-ab58-4a2a-a245-2376ce1840de","sourceTitle":"Renewable Energy Power Plants, 1 MW or more","licence":"Open Government Licence - Canada","vintage":"201708"}},{"type":"Feature","geometry":{"type":"Point","coordinates":[-73.46601,53.88635]},"properties":{"id":"nacei-5751","kind":"plant","cat":"hydro","name":"La Grande-4","province":"Québec","place":"La Grande","mw":2779,"renewMw":2779,"totalMw":2779,"hydroMw":2779,"pumpedMw":0,"solarMw":0,"windMw":0,"geoMw":0,"bioMw":0,"tidalMw":0,"owner":"Hydro-Québec","operator":"Hydro-Québec","agency":"Hydro-Québec","period":"201708","sourceUrl":"https://open.canada.ca/data/en/dataset/490db619-ab58-4a2a-a245-2376ce1840de","sourceTitle":"Renewable Energy Power Plants, 1 MW or more","licence":"Open Government Licence - Canada","vintage":"201708"}},{"type":"Feature","geometry":{"type":"Point","coordinates":[-67.82507,48.36936]},"properties":{"id":"nacei-5752","kind":"plant","cat":"wind","name":"La Mitis","province":"Québec","place":"Lac-a-la-Croix (TNO)","mw":24.6,"renewMw":24.6,"totalMw":24.6,"hydroMw":0,"pumpedMw":0,"solarMw":0,"windMw":24.6,"geoMw":0,"bioMw":0,"tidalMw":0,"owner":"EDF Energies Nouvelles (70%) / Energie Renouvelable de La Mitis (30%)","operator":"","agency":"CanWEA","period":"201612","sourceUrl":"https://open.canada.ca/data/en/dataset/490db619-ab58-4a2a-a245-2376ce1840de","sourceTitle":"Renewable Energy Power Plants, 1 MW or more","licence":"Open Government Licence - Canada","vintage":"201612"}},{"type":"Feature","geometry":{"type":"Point","coordinates":[-79.14974,48.84734]},"properties":{"id":"nacei-5753","kind":"plant","cat":"hydro","name":"La Sarre-1","province":"Québec","place":"La Sarre","mw":1.1,"renewMw":1.1,"totalMw":1.1,"hydroMw":1.1,"pumpedMw":0,"solarMw":0,"windMw":0,"geoMw":0,"bioMw":0,"tidalMw":0,"owner":"Centrale Hydroélectrique La Sarre 1/Hydro-Abitibi Inc","operator":"Centrale Hydroélectrique La Sarre 1/Hydro-Abitibi Inc","agency":"MERN","period":"201708","sourceUrl":"https://open.canada.ca/data/en/dataset/490db619-ab58-4a2a-a245-2376ce1840de","sourceTitle":"Renewable Energy Power Plants, 1 MW or more","licence":"Open Government Licence - Canada","vintage":"201708"}},{"type":"Feature","geometry":{"type":"Point","coordinates":[-72.79871,47.44461]},"properties":{"id":"nacei-5754","kind":"plant","cat":"hydro","name":"La Tuque","province":"Québec","place":"Saint-Maurice","mw":294,"renewMw":294,"totalMw":294,"hydroMw":294,"pumpedMw":0,"solarMw":0,"windMw":0,"geoMw":0,"bioMw":0,"tidalMw":0,"owner":"Hydro-Québec","operator":"Hydro-Québec","agency":"Hydro-Québec","period":"201708","sourceUrl":"https://open.canada.ca/data/en/dataset/490db619-ab58-4a2a-a245-2376ce1840de","sourceTitle":"Renewable Energy Power Plants, 1 MW or more","licence":"Open Government Licence - Canada","vintage":"201708"}},{"type":"Feature","geometry":{"type":"Point","coordinates":[-93.22058,50.63066]},"properties":{"id":"nacei-5755","kind":"plant","cat":"hydro","name":"Lac Seul / Ear Falls","province":"Ontario","place":"Ear Falls","mw":29,"renewMw":29,"totalMw":29,"hydroMw":29,"pumpedMw":0,"solarMw":0,"windMw":0,"geoMw":0,"bioMw":0,"tidalMw":0,"owner":"Ontario Power Generation Inc","operator":"Ontario Power Generation Inc","agency":"OPG","period":"201708","sourceUrl":"https://open.canada.ca/data/en/dataset/490db619-ab58-4a2a-a245-2376ce1840de","sourceTitle":"Renewable Energy Power Plants, 1 MW or more","licence":"Open Government Licence - Canada","vintage":"201708"}},{"type":"Feature","geometry":{"type":"Point","coordinates":[-67.71375,48.41936]},"properties":{"id":"nacei-5756","kind":"plant","cat":"wind","name":"Lac-Alfred","province":"Québec","place":"Ste-Irène / La Rédemption / St-Zénon-Lac-Humqui / St-Cléophas / TNO du Lac Alfred / TNO du Lac-à-la-","mw":300,"renewMw":300,"totalMw":300,"hydroMw":0,"pumpedMw":0,"solarMw":0,"windMw":300,"geoMw":0,"bioMw":0,"tidalMw":0,"owner":"Enbridge (67.5%) / EDF Energies Nouvelles (20%) / Mrc of La Mitis & Matapedia (12.5%)","operator":"","agency":"CanWEA","period":"201612","sourceUrl":"https://open.canada.ca/data/en/dataset/490db619-ab58-4a2a-a245-2376ce1840de","sourceTitle":"Renewable Energy Power Plants, 1 MW or more","licence":"Open Government Licence - Canada","vintage":"201612"}},{"type":"Feature","geometry":{"type":"Point","coordinates":[-73.53461,45.73259]},"properties":{"id":"nacei-5757","kind":"plant","cat":"biomass","name":"Lachenaie Landfill","province":"Québec","place":"Lachenaie","mw":4,"renewMw":4,"totalMw":4,"hydroMw":0,"pumpedMw":0,"solarMw":0,"windMw":0,"geoMw":0,"bioMw":4,"tidalMw":0,"owner":"","operator":"Complexe Enviro Connexions","agency":"Complexe Enviro Progressive","period":"201304","sourceUrl":"https://open.canada.ca/data/en/dataset/490db619-ab58-4a2a-a245-2376ce1840de","sourceTitle":"Renewable Energy Power Plants, 1 MW or more","licence":"Open Government Licence - Canada","vintage":"201304"}},{"type":"Feature","geometry":{"type":"Point","coordinates":[-74.24917,45.60925]},"properties":{"id":"nacei-5758","kind":"plant","cat":"biomass","name":"Lachute LFG","province":"Québec","place":"Lachute","mw":10,"renewMw":10,"totalMw":10,"hydroMw":0,"pumpedMw":0,"solarMw":0,"windMw":0,"geoMw":0,"bioMw":10,"tidalMw":0,"owner":"Lidya Energy","operator":"Kruger Energy","agency":"Kruger Energy","period":"201708","sourceUrl":"https://open.canada.ca/data/en/dataset/490db619-ab58-4a2a-a245-2376ce1840de","sourceTitle":"Renewable Energy Power Plants, 1 MW or more","licence":"Open Government Licence - Canada","vintage":"201708"}},{"type":"Feature","geometry":{"type":"Point","coordinates":[-59.06206,50.99893]},"properties":{"id":"nacei-5759","kind":"plant","cat":"hydro","name":"Lac-Robertson","province":"Québec","place":"Véco","mw":22,"renewMw":22,"totalMw":22,"hydroMw":22,"pumpedMw":0,"solarMw":0,"windMw":0,"geoMw":0,"bioMw":0,"tidalMw":0,"owner":"Hydro-Québec","operator":"Hydro-Québec","agency":"Hydro-Québec","period":"201708","sourceUrl":"https://open.canada.ca/data/en/dataset/490db619-ab58-4a2a-a245-2376ce1840de","sourceTitle":"Renewable Energy Power Plants, 1 MW or more","licence":"Open Government Licence - Canada","vintage":"201708"}},{"type":"Feature","geometry":{"type":"Point","coordinates":[-125.39302,50.01731]},"properties":{"id":"nacei-5760","kind":"plant","cat":"hydro","name":"Ladore Falls","province":"British Columbia","place":"Campbell River","mw":47,"renewMw":47,"totalMw":47,"hydroMw":47,"pumpedMw":0,"solarMw":0,"windMw":0,"geoMw":0,"bioMw":0,"tidalMw":0,"owner":"BC Hydro","operator":"BC Hydro","agency":"BC Hydro","period":"201708","sourceUrl":"https://open.canada.ca/data/en/dataset/490db619-ab58-4a2a-a245-2376ce1840de","sourceTitle":"Renewable Energy Power Plants, 1 MW or more","licence":"Open Government Licence - Canada","vintage":"201708"}},{"type":"Feature","geometry":{"type":"Point","coordinates":[-74.99281,45.30439]},"properties":{"id":"nacei-5761","kind":"plant","cat":"biomass","name":"Lafleche LFG","province":"Ontario","place":"Moose Creek","mw":4.2,"renewMw":4.2,"totalMw":4.2,"hydroMw":0,"pumpedMw":0,"solarMw":0,"windMw":0,"geoMw":0,"bioMw":4.2,"tidalMw":0,"owner":"Moose Creek Energy LP","operator":"Moose Creek Energy LP","agency":"IESO","period":"201703","sourceUrl":"https://open.canada.ca/data/en/dataset/490db619-ab58-4a2a-a245-2376ce1840de","sourceTitle":"Renewable Energy Power Plants, 1 MW or more","licence":"Open Government Licence - Canada","vintage":"201703"}},{"type":"Feature","geometry":{"type":"Point","coordinates":[-72.61463,54.16929]},"properties":{"id":"nacei-5762","kind":"plant","cat":"hydro","name":"Laforge-1","province":"Québec","place":"La Grande","mw":878,"renewMw":878,"totalMw":878,"hydroMw":878,"pumpedMw":0,"solarMw":0,"windMw":0,"geoMw":0,"bioMw":0,"tidalMw":0,"owner":"Hydro-Québec","operator":"Hydro-Québec","agency":"Hydro-Québec","period":"201708","sourceUrl":"https://open.canada.ca/data/en/dataset/490db619-ab58-4a2a-a245-2376ce1840de","sourceTitle":"Renewable Energy Power Plants, 1 MW or more","licence":"Open Government Licence - Canada","vintage":"201708"}},{"type":"Feature","geometry":{"type":"Point","coordinates":[-71.27873,54.59086]},"properties":{"id":"nacei-5763","kind":"plant","cat":"hydro","name":"Laforge-2","province":"Québec","place":"La Grande","mw":319,"renewMw":319,"totalMw":319,"hydroMw":319,"pumpedMw":0,"solarMw":0,"windMw":0,"geoMw":0,"bioMw":0,"tidalMw":0,"owner":"Hydro-Québec","operator":"Hydro-Québec","agency":"Hydro-Québec","period":"201708","sourceUrl":"https://open.canada.ca/data/en/dataset/490db619-ab58-4a2a-a245-2376ce1840de","sourceTitle":"Renewable Energy Power Plants, 1 MW or more","licence":"Open Government Licence - Canada","vintage":"201708"}},{"type":"Feature","geometry":{"type":"Point","coordinates":[-122.85589,50.83972]},"properties":{"id":"nacei-5764","kind":"plant","cat":"hydro","name":"Lajoie","province":"British Columbia","place":"Dounton Lake","mw":25,"renewMw":25,"totalMw":25,"hydroMw":25,"pumpedMw":0,"solarMw":0,"windMw":0,"geoMw":0,"bioMw":0,"tidalMw":0,"owner":"BC Hydro","operator":"BC Hydro","agency":"BC Hydro","period":"201708","sourceUrl":"https://open.canada.ca/data/en/dataset/490db619-ab58-4a2a-a245-2376ce1840de","sourceTitle":"Renewable Energy Power Plants, 1 MW or more","licence":"Open Government Licence - Canada","vintage":"201708"}},{"type":"Feature","geometry":{"type":"Point","coordinates":[-122.87359,49.37056]},"properties":{"id":"nacei-5765","kind":"plant","cat":"hydro","name":"Lake Buntzen 1","province":"British Columbia","place":"Burnaby","mw":59,"renewMw":59,"totalMw":59,"hydroMw":59,"pumpedMw":0,"solarMw":0,"windMw":0,"geoMw":0,"bioMw":0,"tidalMw":0,"owner":"BC Hydro","operator":"BC Hydro","agency":"BC Hydro","period":"201708","sourceUrl":"https://open.canada.ca/data/en/dataset/490db619-ab58-4a2a-a245-2376ce1840de","sourceTitle":"Renewable Energy Power Plants, 1 MW or more","licence":"Open Government Licence - Canada","vintage":"201708"}},{"type":"Feature","geometry":{"type":"Point","coordinates":[-122.86841,49.37568]},"properties":{"id":"nacei-5766","kind":"plant","cat":"hydro","name":"Lake Buntzen 2","province":"British Columbia","place":"Burnaby","mw":17.8,"renewMw":17.8,"totalMw":17.8,"hydroMw":17.8,"pumpedMw":0,"solarMw":0,"windMw":0,"geoMw":0,"bioMw":0,"tidalMw":0,"owner":"BC Hydro","operator":"BC Hydro","agency":"BC Hydro","period":"201708","sourceUrl":"https://open.canada.ca/data/en/dataset/490db619-ab58-4a2a-a245-2376ce1840de","sourceTitle":"Renewable Energy Power Plants, 1 MW or more","licence":"Open Government Licence - Canada","vintage":"201708"}},{"type":"Feature","geometry":{"type":"Point","coordinates":[-78.2722,44.42096]},"properties":{"id":"nacei-5767","kind":"plant","cat":"hydro","name":"Lakefield","province":"Ontario","place":"Peterborough","mw":2,"renewMw":2,"totalMw":2,"hydroMw":2,"pumpedMw":0,"solarMw":0,"windMw":0,"geoMw":0,"bioMw":0,"tidalMw":0,"owner":"","operator":"Ontario Power Generation Inc","agency":"OPG","period":"201708","sourceUrl":"https://open.canada.ca/data/en/dataset/490db619-ab58-4a2a-a245-2376ce1840de","sourceTitle":"Renewable Energy Power Plants, 1 MW or more","licence":"Open Government Licence - Canada","vintage":"201708"}},{"type":"Feature","geometry":{"type":"Point","coordinates":[-64.61865,47.84938]},"properties":{"id":"nacei-5768","kind":"plant","cat":"wind","name":"Lameque","province":"New Brunswick","place":"Gloucester County","mw":45,"renewMw":45,"totalMw":45,"hydroMw":0,"pumpedMw":0,"solarMw":0,"windMw":45,"geoMw":0,"bioMw":0,"tidalMw":0,"owner":"","operator":"","agency":"CanWEA","period":"201612","sourceUrl":"https://open.canada.ca/data/en/dataset/490db619-ab58-4a2a-a245-2376ce1840de","sourceTitle":"Renewable Energy Power Plants, 1 MW or more","licence":"Open Government Licence - Canada","vintage":"201612"}},{"type":"Feature","geometry":{"type":"Point","coordinates":[-122.3446,49.56896]},"properties":{"id":"nacei-5769","kind":"plant","cat":"hydro","name":"Lamont Creek","province":"British Columbia","place":"Mission","mw":27,"renewMw":27,"totalMw":27,"hydroMw":27,"pumpedMw":0,"solarMw":0,"windMw":0,"geoMw":0,"bioMw":0,"tidalMw":0,"owner":"Innergex Inc (50%) / Harrison Hydro Project (50%)","operator":"Innergex Inc","agency":"Innergex","period":"201708","sourceUrl":"https://open.canada.ca/data/en/dataset/490db619-ab58-4a2a-a245-2376ce1840de","sourceTitle":"Renewable Energy Power Plants, 1 MW or more","licence":"Open Government Licence - Canada","vintage":"201708"}},{"type":"Feature","geometry":{"type":"Point","coordinates":[-101.11706,56.25077]},"properties":{"id":"nacei-5770","kind":"plant","cat":"hydro","name":"Laurie River I","province":"Manitoba","place":"Laurie River","mw":5,"renewMw":5,"totalMw":5,"hydroMw":5,"pumpedMw":0,"solarMw":0,"windMw":0,"geoMw":0,"bioMw":0,"tidalMw":0,"owner":"","operator":"Manitoba Hydro","agency":"MB Hydro","period":"201708","sourceUrl":"https://open.canada.ca/data/en/dataset/490db619-ab58-4a2a-a245-2376ce1840de","sourceTitle":"Renewable Energy Power Plants, 1 MW or more","licence":"Open Government Licence - Canada","vintage":"201708"}},{"type":"Feature","geometry":{"type":"Point","coordinates":[-101.00937,56.22511]},"properties":{"id":"nacei-5771","kind":"plant","cat":"hydro","name":"Laurie River II","province":"Manitoba","place":"Laurie River","mw":5.1,"renewMw":5.1,"totalMw":5.1,"hydroMw":5.1,"pumpedMw":0,"solarMw":0,"windMw":0,"geoMw":0,"bioMw":0,"tidalMw":0,"owner":"","operator":"Manitoba Hydro","agency":"MB Hydro","period":"201708","sourceUrl":"https://open.canada.ca/data/en/dataset/490db619-ab58-4a2a-a245-2376ce1840de","sourceTitle":"Renewable Energy Power Plants, 1 MW or more","licence":"Open Government Licence - Canada","vintage":"201708"}},{"type":"Feature","geometry":{"type":"Point","coordinates":[-70.58,45.69942]},"properties":{"id":"nacei-5772","kind":"plant","cat":"wind","name":"Le Granit","province":"Québec","place":"Saint-Robert Bellarmin","mw":24.6,"renewMw":24.6,"totalMw":24.6,"hydroMw":0,"pumpedMw":0,"solarMw":0,"windMw":24.6,"geoMw":0,"bioMw":0,"tidalMw":0,"owner":"EDF Energies Nouvelles (70%) / Energie du Granit (30%)","operator":"","agency":"CanWEA","period":"201612","sourceUrl":"https://open.canada.ca/data/en/dataset/490db619-ab58-4a2a-a245-2376ce1840de","sourceTitle":"Renewable Energy Power Plants, 1 MW or more","licence":"Open Government Licence - Canada","vintage":"201612"}},{"type":"Feature","geometry":{"type":"Point","coordinates":[-67.60975,48.78159]},"properties":{"id":"nacei-5773","kind":"plant","cat":"wind","name":"Le Nordais 2 (Matane)","province":"Québec","place":"Matane","mw":42.8,"renewMw":42.8,"totalMw":42.8,"hydroMw":0,"pumpedMw":0,"solarMw":0,"windMw":42.8,"geoMw":0,"bioMw":0,"tidalMw":0,"owner":"TransAlta (100%)","operator":"TransAlta (100%)","agency":"CanWEA","period":"201612","sourceUrl":"https://open.canada.ca/data/en/dataset/490db619-ab58-4a2a-a245-2376ce1840de","sourceTitle":"Renewable Energy Power Plants, 1 MW or more","licence":"Open Government Licence - Canada","vintage":"201612"}},{"type":"Feature","geometry":{"type":"Point","coordinates":[-67.43027,48.05033]},"properties":{"id":"nacei-5774","kind":"plant","cat":"wind","name":"Le Plateau 1","province":"Québec","place":"Matapedia / L'Ascension-de-Patapedia","mw":138.6,"renewMw":138.6,"totalMw":138.6,"hydroMw":0,"pumpedMw":0,"solarMw":0,"windMw":138.6,"geoMw":0,"bioMw":0,"tidalMw":0,"owner":"","operator":"","agency":"CanWEA","period":"201612","sourceUrl":"https://open.canada.ca/data/en/dataset/490db619-ab58-4a2a-a245-2376ce1840de","sourceTitle":"Renewable Energy Power Plants, 1 MW or more","licence":"Open Government Licence - Canada","vintage":"201612"}},{"type":"Feature","geometry":{"type":"Point","coordinates":[-67.4782,48.0532]},"properties":{"id":"nacei-5775","kind":"plant","cat":"wind","name":"Le Plateau 2","province":"Québec","place":"Ruisseau-Ferguson (TNO)","mw":21.2,"renewMw":21.2,"totalMw":21.2,"hydroMw":0,"pumpedMw":0,"solarMw":0,"windMw":21.2,"geoMw":0,"bioMw":0,"tidalMw":0,"owner":"Invenergy Wind Canada & Regie Intermunicipale de L'energie Gaspesie-Iles-de-la-Madeleine","operator":"Invenergy Wind Canada & Regie Intermunicipale de L'energie Gaspesie-Iles-de-la-Madeleine","agency":"CanWEA","period":"201612","sourceUrl":"https://open.canada.ca/data/en/dataset/490db619-ab58-4a2a-a245-2376ce1840de","sourceTitle":"Renewable Energy Power Plants, 1 MW or more","licence":"Open Government Licence - Canada","vintage":"201612"}},{"type":"Feature","geometry":{"type":"Point","coordinates":[-65.34736,48.15455]},"properties":{"id":"nacei-5776","kind":"plant","cat":"hydro","name":"Lebreux","province":"Québec","place":"Saint Elzear","mw":1,"renewMw":1,"totalMw":1,"hydroMw":1,"pumpedMw":0,"solarMw":0,"windMw":0,"geoMw":0,"bioMw":0,"tidalMw":0,"owner":"Hydro Canomore Inc","operator":"Hydro Canomore Inc","agency":"MERN","period":"201708","sourceUrl":"https://open.canada.ca/data/en/dataset/490db619-ab58-4a2a-a245-2376ce1840de","sourceTitle":"Renewable Energy Power Plants, 1 MW or more","licence":"Open Government Licence - Canada","vintage":"201708"}},{"type":"Feature","geometry":{"type":"Point","coordinates":[-65.49674,44.72669]},"properties":{"id":"nacei-5777","kind":"plant","cat":"hydro","name":"Lequille","province":"Nova Scotia","place":"Allain River","mw":26,"renewMw":26,"totalMw":26,"hydroMw":26,"pumpedMw":0,"solarMw":0,"windMw":0,"geoMw":0,"bioMw":0,"tidalMw":0,"owner":"","operator":"Nova Scotia Power Inc","agency":"NS Power","period":"201512","sourceUrl":"https://open.canada.ca/data/en/dataset/490db619-ab58-4a2a-a245-2376ce1840de","sourceTitle":"Renewable Energy Power Plants, 1 MW or more","licence":"Open Government Licence - Canada","vintage":"201512"}},{"type":"Feature","geometry":{"type":"Point","coordinates":[-74.02732,45.30887]},"properties":{"id":"nacei-5778","kind":"plant","cat":"hydro","name":"Les Cèdres","province":"Québec","place":"St. Lawrence River","mw":113,"renewMw":113,"totalMw":113,"hydroMw":113,"pumpedMw":0,"solarMw":0,"windMw":0,"geoMw":0,"bioMw":0,"tidalMw":0,"owner":"Hydro-Québec","operator":"Hydro-Québec","agency":"Hydro-Québec","period":"201708","sourceUrl":"https://open.canada.ca/data/en/dataset/490db619-ab58-4a2a-a245-2376ce1840de","sourceTitle":"Renewable Energy Power Plants, 1 MW or more","licence":"Open Government Licence - Canada","vintage":"201708"}},{"type":"Feature","geometry":{"type":"Point","coordinates":[-112.77421,49.70943]},"properties":{"id":"nacei-5779","kind":"plant","cat":"biomass","name":"Lethbridge","province":"Alberta","place":"Lethbridge","mw":4,"renewMw":4,"totalMw":4,"hydroMw":0,"pumpedMw":0,"solarMw":0,"windMw":0,"geoMw":0,"bioMw":4,"tidalMw":0,"owner":"ECB Enviro","operator":"ECB Enviro","agency":"Alberta Energy","period":"201708","sourceUrl":"https://open.canada.ca/data/en/dataset/490db619-ab58-4a2a-a245-2376ce1840de","sourceTitle":"Renewable Energy Power Plants, 1 MW or more","licence":"Open Government Licence - Canada","vintage":"201708"}},{"type":"Feature","geometry":{"type":"Point","coordinates":[-79.79199,43.26078]},"properties":{"id":"nacei-5780","kind":"plant","cat":"biomass","name":"Liberty Energy Centre","province":"Ontario","place":"Hamilton","mw":11.4,"renewMw":11.4,"totalMw":11.4,"hydroMw":0,"pumpedMw":0,"solarMw":0,"windMw":0,"geoMw":0,"bioMw":11.4,"tidalMw":0,"owner":"","operator":"Liberty Energy Inc","agency":"Environment Canada","period":"201512","sourceUrl":"https://open.canada.ca/data/en/dataset/490db619-ab58-4a2a-a245-2376ce1840de","sourceTitle":"Renewable Energy Power Plants, 1 MW or more","licence":"Open Government Licence - Canada","vintage":"201512"}},{"type":"Feature","geometry":{"type":"Point","coordinates":[-78.39262,44.3136]},"properties":{"id":"nacei-5781","kind":"plant","cat":"solar","name":"Lily Lake","province":"Ontario","place":"Peterborough","mw":10,"renewMw":10,"totalMw":10,"hydroMw":0,"pumpedMw":0,"solarMw":10,"windMw":0,"geoMw":0,"bioMw":0,"tidalMw":0,"owner":"Peterborough Utilities Inc","operator":"Peterborough Utilities Inc","agency":"Peterborough Utilities Inc","period":"201512","sourceUrl":"https://open.canada.ca/data/en/dataset/490db619-ab58-4a2a-a245-2376ce1840de","sourceTitle":"Renewable Energy Power Plants, 1 MW or more","licence":"Open Government Licence - Canada","vintage":"201512"}},{"type":"Feature","geometry":{"type":"Point","coordinates":[-62.82248,45.53969]},"properties":{"id":"nacei-5782","kind":"plant","cat":"wind","name":"Limerock","province":"Nova Scotia","place":"","mw":5,"renewMw":5,"totalMw":5,"hydroMw":0,"pumpedMw":0,"solarMw":0,"windMw":5,"geoMw":0,"bioMw":0,"tidalMw":0,"owner":"","operator":"","agency":"CanWEA","period":"201612","sourceUrl":"https://open.canada.ca/data/en/dataset/490db619-ab58-4a2a-a245-2376ce1840de","sourceTitle":"Renewable Energy Power Plants, 1 MW or more","licence":"Open Government Licence - Canada","vintage":"201612"}},{"type":"Feature","geometry":{"type":"Point","coordinates":[-94.10972,56.50745]},"properties":{"id":"nacei-5783","kind":"plant","cat":"hydro","name":"Limestone","province":"Manitoba","place":"Gillam","mw":1350,"renewMw":1350,"totalMw":1350,"hydroMw":1350,"pumpedMw":0,"solarMw":0,"windMw":0,"geoMw":0,"bioMw":0,"tidalMw":0,"owner":"","operator":"Manitoba Hydro","agency":"MB Hydro","period":"201708","sourceUrl":"https://open.canada.ca/data/en/dataset/490db619-ab58-4a2a-a245-2376ce1840de","sourceTitle":"Renewable Energy Power Plants, 1 MW or more","licence":"Open Government Licence - Canada","vintage":"201708"}},{"type":"Feature","geometry":{"type":"Point","coordinates":[-60.03868,46.24526]},"properties":{"id":"nacei-5784","kind":"plant","cat":"wind","name":"Lingan","province":"Nova Scotia","place":"","mw":18.1,"renewMw":18.1,"totalMw":18.1,"hydroMw":0,"pumpedMw":0,"solarMw":0,"windMw":18.1,"geoMw":0,"bioMw":0,"tidalMw":0,"owner":"","operator":"Confederation Power","agency":"CanWEA","period":"201612","sourceUrl":"https://open.canada.ca/data/en/dataset/490db619-ab58-4a2a-a245-2376ce1840de","sourceTitle":"Renewable Energy Power Plants, 1 MW or more","licence":"Open Government Licence - Canada","vintage":"201612"}},{"type":"Feature","geometry":{"type":"Point","coordinates":[-79.70797,47.51257]},"properties":{"id":"nacei-5785","kind":"plant","cat":"solar","name":"Liskeard 1","province":"Ontario","place":"New Liskeard","mw":10,"renewMw":10,"totalMw":10,"hydroMw":0,"pumpedMw":0,"solarMw":10,"windMw":0,"geoMw":0,"bioMw":0,"tidalMw":0,"owner":"TransCanada Energy Ltd","operator":"2225256 Ontario Inc","agency":"IESO","period":"201703","sourceUrl":"https://open.canada.ca/data/en/dataset/490db619-ab58-4a2a-a245-2376ce1840de","sourceTitle":"Renewable Energy Power Plants, 1 MW or more","licence":"Open Government Licence - Canada","vintage":"201703"}},{"type":"Feature","geometry":{"type":"Point","coordinates":[-79.71149,47.48996]},"properties":{"id":"nacei-5786","kind":"plant","cat":"solar","name":"Liskeard 3","province":"Ontario","place":"New Liskeard","mw":10,"renewMw":10,"totalMw":10,"hydroMw":0,"pumpedMw":0,"solarMw":10,"windMw":0,"geoMw":0,"bioMw":0,"tidalMw":0,"owner":"TransCanada Energy Ltd","operator":"2225342 Ontario Inc","agency":"IESO","period":"201703","sourceUrl":"https://open.canada.ca/data/en/dataset/490db619-ab58-4a2a-a245-2376ce1840de","sourceTitle":"Renewable Energy Power Plants, 1 MW or more","licence":"Open Government Licence - Canada","vintage":"201703"}},{"type":"Feature","geometry":{"type":"Point","coordinates":[-79.71149,47.50492]},"properties":{"id":"nacei-5787","kind":"plant","cat":"solar","name":"Liskeard 4","province":"Ontario","place":"New Liskeard","mw":10,"renewMw":10,"totalMw":10,"hydroMw":0,"pumpedMw":0,"solarMw":10,"windMw":0,"geoMw":0,"bioMw":0,"tidalMw":0,"owner":"TransCanada Energy Ltd","operator":"2225345 Ontario Inc","agency":"IESO","period":"201703","sourceUrl":"https://open.canada.ca/data/en/dataset/490db619-ab58-4a2a-a245-2376ce1840de","sourceTitle":"Renewable Energy Power Plants, 1 MW or more","licence":"Open Government Licence - Canada","vintage":"201703"}},{"type":"Feature","geometry":{"type":"Point","coordinates":[-82.16488,50.00356]},"properties":{"id":"nacei-5788","kind":"plant","cat":"hydro","name":"Little Long","province":"Ontario","place":"Mowbray Township","mw":205,"renewMw":205,"totalMw":205,"hydroMw":205,"pumpedMw":0,"solarMw":0,"windMw":0,"geoMw":0,"bioMw":0,"tidalMw":0,"owner":"Ontario Power Generation","operator":"Ontario Power Generation","agency":"OPG","period":"201708","sourceUrl":"https://open.canada.ca/data/en/dataset/490db619-ab58-4a2a-a245-2376ce1840de","sourceTitle":"Renewable Energy Power Plants, 1 MW or more","licence":"Open Government Licence - Canada","vintage":"201708"}},{"type":"Feature","geometry":{"type":"Point","coordinates":[-66.03025,43.7532]},"properties":{"id":"nacei-5789","kind":"plant","cat":"wind","name":"Little River Harbour","province":"Nova Scotia","place":"","mw":2,"renewMw":2,"totalMw":2,"hydroMw":0,"pumpedMw":0,"solarMw":0,"windMw":2,"geoMw":0,"bioMw":0,"tidalMw":0,"owner":"","operator":"","agency":"CanWEA","period":"201612","sourceUrl":"https://open.canada.ca/data/en/dataset/490db619-ab58-4a2a-a245-2376ce1840de","sourceTitle":"Renewable Energy Power Plants, 1 MW or more","licence":"Open Government Licence - Canada","vintage":"201612"}},{"type":"Feature","geometry":{"type":"Point","coordinates":[-53.37863,48.40085]},"properties":{"id":"nacei-5790","kind":"plant","cat":"hydro","name":"Lockston","province":"Newfoundland and Labrador","place":"Lawn River","mw":3,"renewMw":3,"totalMw":3,"hydroMw":3,"pumpedMw":0,"solarMw":0,"windMw":0,"geoMw":0,"bioMw":0,"tidalMw":0,"owner":"","operator":"Newfoundland Light & Power Co Ltd","agency":"Government of Newfoundland and Labrador","period":"201409","sourceUrl":"https://open.canada.ca/data/en/dataset/490db619-ab58-4a2a-a245-2376ce1840de","sourceTitle":"Renewable Energy Power Plants, 1 MW or more","licence":"Open Government Licence - Canada","vintage":"201409"}},{"type":"Feature","geometry":{"type":"Point","coordinates":[-124.31699,49.7699]},"properties":{"id":"nacei-5791","kind":"plant","cat":"hydro","name":"Lois Lake","province":"British Columbia","place":"Stillwater","mw":37,"renewMw":37,"totalMw":37,"hydroMw":37,"pumpedMw":0,"solarMw":0,"windMw":0,"geoMw":0,"bioMw":0,"tidalMw":0,"owner":"","operator":"Brookfield Renewable Energy Partners","agency":"Brookfield Renewable","period":"201708","sourceUrl":"https://open.canada.ca/data/en/dataset/490db619-ab58-4a2a-a245-2376ce1840de","sourceTitle":"Renewable Energy Power Plants, 1 MW or more","licence":"Open Government Licence - Canada","vintage":"201708"}},{"type":"Feature","geometry":{"type":"Point","coordinates":[-78.31428,44.31142]},"properties":{"id":"nacei-5792","kind":"plant","cat":"hydro","name":"London Street","province":"Ontario","place":"Peterborough","mw":4.1,"renewMw":4.1,"totalMw":4.1,"hydroMw":4.1,"pumpedMw":0,"solarMw":0,"windMw":0,"geoMw":0,"bioMw":0,"tidalMw":0,"owner":"Peterborough Utilities Inc","operator":"Peterborough Utilities Inc","agency":"IESO","period":"201703","sourceUrl":"https://open.canada.ca/data/en/dataset/490db619-ab58-4a2a-a245-2376ce1840de","sourceTitle":"Renewable Energy Power Plants, 1 MW or more","licence":"Open Government Licence - Canada","vintage":"201703"}},{"type":"Feature","geometry":{"type":"Point","coordinates":[-130.01849,56.06231]},"properties":{"id":"nacei-5793","kind":"plant","cat":"hydro","name":"Long Lake","province":"British Columbia","place":"Stewart","mw":31,"renewMw":31,"totalMw":31,"hydroMw":31,"pumpedMw":0,"solarMw":0,"windMw":0,"geoMw":0,"bioMw":0,"tidalMw":0,"owner":"Regional Power Inc","operator":"Long Lake Joint Venture","agency":"BC Hydro IPP supply","period":"201704","sourceUrl":"https://open.canada.ca/data/en/dataset/490db619-ab58-4a2a-a245-2376ce1840de","sourceTitle":"Renewable Energy Power Plants, 1 MW or more","licence":"Open Government Licence - Canada","vintage":"201704"}},{"type":"Feature","geometry":{"type":"Point","coordinates":[-81.0204,49.21362]},"properties":{"id":"nacei-5794","kind":"plant","cat":"hydro","name":"Long Sault Rapids","province":"Ontario","place":"Cochrane","mw":18,"renewMw":18,"totalMw":18,"hydroMw":18,"pumpedMw":0,"solarMw":0,"windMw":0,"geoMw":0,"bioMw":0,"tidalMw":0,"owner":"Algonquin Power","operator":"Algonquin Power","agency":"Algonquin Power","period":"201708","sourceUrl":"https://open.canada.ca/data/en/dataset/490db619-ab58-4a2a-a245-2376ce1840de","sourceTitle":"Renewable Energy Power Plants, 1 MW or more","licence":"Open Government Licence - Canada","vintage":"201708"}},{"type":"Feature","geometry":{"type":"Point","coordinates":[-94.36869,56.39785]},"properties":{"id":"nacei-5795","kind":"plant","cat":"hydro","name":"Long Spruce","province":"Manitoba","place":"Gillam","mw":980,"renewMw":980,"totalMw":980,"hydroMw":980,"pumpedMw":0,"solarMw":0,"windMw":0,"geoMw":0,"bioMw":0,"tidalMw":0,"owner":"","operator":"Manitoba Hydro","agency":"MB Hydro","period":"201708","sourceUrl":"https://open.canada.ca/data/en/dataset/490db619-ab58-4a2a-a245-2376ce1840de","sourceTitle":"Renewable Energy Power Plants, 1 MW or more","licence":"Open Government Licence - Canada","vintage":"201708"}},{"type":"Feature","geometry":{"type":"Point","coordinates":[-86.54215,49.76783]},"properties":{"id":"nacei-5796","kind":"plant","cat":"biomass","name":"Longlac Biomass Cogeneration","province":"Ontario","place":"Longlac","mw":25,"renewMw":25,"totalMw":25,"hydroMw":0,"pumpedMw":0,"solarMw":0,"windMw":0,"geoMw":0,"bioMw":25,"tidalMw":0,"owner":"","operator":"Kenogami Industries Inc","agency":"Canadian Biomass Magazine","period":"201512","sourceUrl":"https://open.canada.ca/data/en/dataset/490db619-ab58-4a2a-a245-2376ce1840de","sourceTitle":"Renewable Energy Power Plants, 1 MW or more","licence":"Open Government Licence - Canada","vintage":"201512"}},{"type":"Feature","geometry":{"type":"Point","coordinates":[-74.81916,45.57398]},"properties":{"id":"nacei-5797","kind":"plant","cat":"solar","name":"Longueil TS Malbouef","province":"Ontario","place":"Alfred","mw":10,"renewMw":10,"totalMw":10,"hydroMw":0,"pumpedMw":0,"solarMw":10,"windMw":0,"geoMw":0,"bioMw":0,"tidalMw":0,"owner":"Sune Alfred LP","operator":"Sune Alfred LP","agency":"IESO","period":"201703","sourceUrl":"https://open.canada.ca/data/en/dataset/490db619-ab58-4a2a-a245-2376ce1840de","sourceTitle":"Renewable Energy Power Plants, 1 MW or more","licence":"Open Government Licence - Canada","vintage":"201703"}},{"type":"Feature","geometry":{"type":"Point","coordinates":[-58.29394,48.36616]},"properties":{"id":"nacei-5798","kind":"plant","cat":"hydro","name":"Lookout Brook","province":"Newfoundland and Labrador","place":"Lockstown River","mw":6.2,"renewMw":6.2,"totalMw":6.2,"hydroMw":6.2,"pumpedMw":0,"solarMw":0,"windMw":0,"geoMw":0,"bioMw":0,"tidalMw":0,"owner":"","operator":"Newfoundland Light & Power Co Ltd","agency":"Government of Newfoundland and Labrador","period":"201409","sourceUrl":"https://open.canada.ca/data/en/dataset/490db619-ab58-4a2a-a245-2376ce1840de","sourceTitle":"Renewable Energy Power Plants, 1 MW or more","licence":"Open Government Licence - Canada","vintage":"201409"}},{"type":"Feature","geometry":{"type":"Point","coordinates":[-123.51592,49.74801]},"properties":{"id":"nacei-5799","kind":"plant","cat":"hydro","name":"Lower Bear","province":"British Columbia","place":"Sechelt","mw":10,"renewMw":10,"totalMw":10,"hydroMw":10,"pumpedMw":0,"solarMw":0,"windMw":0,"geoMw":0,"bioMw":0,"tidalMw":0,"owner":"","operator":"Bear Hydro LP","agency":"BC Hydro IPP supply","period":"201704","sourceUrl":"https://open.canada.ca/data/en/dataset/490db619-ab58-4a2a-a245-2376ce1840de","sourceTitle":"Renewable Energy Power Plants, 1 MW or more","licence":"Open Government Licence - Canada","vintage":"201704"}},{"type":"Feature","geometry":{"type":"Point","coordinates":[-117.50042,49.46171]},"properties":{"id":"nacei-5800","kind":"plant","cat":"hydro","name":"Lower Bonnington","province":"British Columbia","place":"Kootenay River","mw":54,"renewMw":54,"totalMw":54,"hydroMw":54,"pumpedMw":0,"solarMw":0,"windMw":0,"geoMw":0,"bioMw":0,"tidalMw":0,"owner":"","operator":"FortisBC","agency":"FortisBC","period":"201512","sourceUrl":"https://open.canada.ca/data/en/dataset/490db619-ab58-4a2a-a245-2376ce1840de","sourceTitle":"Renewable Energy Power Plants, 1 MW or more","licence":"Open Government Licence - Canada","vintage":"201512"}},{"type":"Feature","geometry":{"type":"Point","coordinates":[-123.39734,49.81761]},"properties":{"id":"nacei-5801","kind":"plant","cat":"hydro","name":"Lower Clowhom","province":"British Columbia","place":"Sechelt","mw":11,"renewMw":11,"totalMw":11,"hydroMw":11,"pumpedMw":0,"solarMw":0,"windMw":0,"geoMw":0,"bioMw":0,"tidalMw":0,"owner":"Hydromax Energy Ltd","operator":"Clowhom Power L P","agency":"BC Hydro IPP supply","period":"201704","sourceUrl":"https://open.canada.ca/data/en/dataset/490db619-ab58-4a2a-a245-2376ce1840de","sourceTitle":"Renewable Energy Power Plants, 1 MW or more","licence":"Open Government Licence - Canada","vintage":"201704"}},{"type":"Feature","geometry":{"type":"Point","coordinates":[-64.84795,44.09003]},"properties":{"id":"nacei-5802","kind":"plant","cat":"hydro","name":"Lower Great Brook","province":"Nova Scotia","place":"Mersey River","mw":3.9,"renewMw":3.9,"totalMw":3.9,"hydroMw":3.9,"pumpedMw":0,"solarMw":0,"windMw":0,"geoMw":0,"bioMw":0,"tidalMw":0,"owner":"","operator":"Nova Scotia Power Inc","agency":"Statistics Canada","period":"2000","sourceUrl":"https://open.canada.ca/data/en/dataset/490db619-ab58-4a2a-a245-2376ce1840de","sourceTitle":"Renewable Energy Power Plants, 1 MW or more","licence":"Open Government Licence - Canada","vintage":"2000"}},{"type":"Feature","geometry":{"type":"Point","coordinates":[-64.97725,44.15769]},"properties":{"id":"nacei-5803","kind":"plant","cat":"hydro","name":"Lower Lake Falls","province":"Nova Scotia","place":"Mersey River","mw":7.2,"renewMw":7.2,"totalMw":7.2,"hydroMw":7.2,"pumpedMw":0,"solarMw":0,"windMw":0,"geoMw":0,"bioMw":0,"tidalMw":0,"owner":"","operator":"Nova Scotia Power Inc","agency":"Statistics Canada","period":"2000","sourceUrl":"https://open.canada.ca/data/en/dataset/490db619-ab58-4a2a-a245-2376ce1840de","sourceTitle":"Renewable Energy Power Plants, 1 MW or more","licence":"Open Government Licence - Canada","vintage":"2000"}},{"type":"Feature","geometry":{"type":"Point","coordinates":[-79.45414,47.1389]},"properties":{"id":"nacei-5804","kind":"plant","cat":"hydro","name":"Lower Notch","province":"Ontario","place":"Cobalt","mw":274,"renewMw":274,"totalMw":274,"hydroMw":274,"pumpedMw":0,"solarMw":0,"windMw":0,"geoMw":0,"bioMw":0,"tidalMw":0,"owner":"","operator":"Ontario Power Generation Inc","agency":"OPG","period":"201708","sourceUrl":"https://open.canada.ca/data/en/dataset/490db619-ab58-4a2a-a245-2376ce1840de","sourceTitle":"Renewable Energy Power Plants, 1 MW or more","licence":"Open Government Licence - Canada","vintage":"201708"}},{"type":"Feature","geometry":{"type":"Point","coordinates":[-64.03313,44.96129]},"properties":{"id":"nacei-5805","kind":"plant","cat":"hydro","name":"Lower St Croix","province":"Nova Scotia","place":"St Croix River","mw":3,"renewMw":3,"totalMw":3,"hydroMw":3,"pumpedMw":0,"solarMw":0,"windMw":0,"geoMw":0,"bioMw":0,"tidalMw":0,"owner":"","operator":"Minas Basin Pulp and Paper Co Ltd","agency":"Statistics Canada","period":"2000","sourceUrl":"https://open.canada.ca/data/en/dataset/490db619-ab58-4a2a-a245-2376ce1840de","sourceTitle":"Renewable Energy Power Plants, 1 MW or more","licence":"Open Government Licence - Canada","vintage":"2000"}},{"type":"Feature","geometry":{"type":"Point","coordinates":[-81.48752,48.81319]},"properties":{"id":"nacei-5806","kind":"plant","cat":"hydro","name":"Lower Sturgeon","province":"Ontario","place":"Timmins","mw":14,"renewMw":14,"totalMw":14,"hydroMw":14,"pumpedMw":0,"solarMw":0,"windMw":0,"geoMw":0,"bioMw":0,"tidalMw":0,"owner":"Umh Energy Partnership, An Ontario General Partnership of Ontario Power Generation Inc and Umh Energy Inc","operator":"Umh Energy Partnership","agency":"OPG","period":"201708","sourceUrl":"https://open.canada.ca/data/en/dataset/490db619-ab58-4a2a-a245-2376ce1840de","sourceTitle":"Renewable Energy Power Plants, 1 MW or more","licence":"Open Government Licence - Canada","vintage":"201708"}},{"type":"Feature","geometry":{"type":"Point","coordinates":[-64.3967,45.02745]},"properties":{"id":"nacei-5807","kind":"plant","cat":"hydro","name":"Lumsden","province":"Nova Scotia","place":"Black River","mw":2.8,"renewMw":2.8,"totalMw":2.8,"hydroMw":2.8,"pumpedMw":0,"solarMw":0,"windMw":0,"geoMw":0,"bioMw":0,"tidalMw":0,"owner":"","operator":"Nova Scotia Power Inc","agency":"Statistics Canada","period":"2000","sourceUrl":"https://open.canada.ca/data/en/dataset/490db619-ab58-4a2a-a245-2376ce1840de","sourceTitle":"Renewable Energy Power Plants, 1 MW or more","licence":"Open Government Licence - Canada","vintage":"2000"}},{"type":"Feature","geometry":{"type":"Point","coordinates":[-77.43198,44.3145]},"properties":{"id":"nacei-5808","kind":"plant","cat":"solar","name":"Lunarlight","province":"Ontario","place":"Stirling","mw":10,"renewMw":10,"totalMw":10,"hydroMw":0,"pumpedMw":0,"solarMw":10,"windMw":0,"geoMw":0,"bioMw":0,"tidalMw":0,"owner":"Lunarlight LP","operator":"Lunarlight LP","agency":"IESO","period":"201703","sourceUrl":"https://open.canada.ca/data/en/dataset/490db619-ab58-4a2a-a245-2376ce1840de","sourceTitle":"Renewable Energy Power Plants, 1 MW or more","licence":"Open Government Licence - Canada","vintage":"201703"}},{"type":"Feature","geometry":{"type":"Point","coordinates":[-84.43639,47.26882]},"properties":{"id":"nacei-5809","kind":"plant","cat":"hydro","name":"MacKay","province":"Ontario","place":"Batchawana Bay","mw":62,"renewMw":62,"totalMw":62,"hydroMw":62,"pumpedMw":0,"solarMw":0,"windMw":0,"geoMw":0,"bioMw":0,"tidalMw":0,"owner":"Brookfield Renewable Power Inc","operator":"Brookfield Renewable Energy Partners","agency":"IESO","period":"201703","sourceUrl":"https://open.canada.ca/data/en/dataset/490db619-ab58-4a2a-a245-2376ce1840de","sourceTitle":"Renewable Energy Power Plants, 1 MW or more","licence":"Open Government Licence - Canada","vintage":"201703"}},{"type":"Feature","geometry":{"type":"Point","coordinates":[-123.18228,55.337]},"properties":{"id":"nacei-5810","kind":"plant","cat":"biomass","name":"MacKenzie Conifex Green Energy","province":"British Columbia","place":"Mackenzie","mw":36,"renewMw":36,"totalMw":36,"hydroMw":0,"pumpedMw":0,"solarMw":0,"windMw":0,"geoMw":0,"bioMw":36,"tidalMw":0,"owner":"Conifex Power Inc","operator":"Abitibi Consolidated Inc","agency":"BC Hydro IPP supply","period":"201704","sourceUrl":"https://open.canada.ca/data/en/dataset/490db619-ab58-4a2a-a245-2376ce1840de","sourceTitle":"Renewable Energy Power Plants, 1 MW or more","licence":"Open Government Licence - Canada","vintage":"201704"}},{"type":"Feature","geometry":{"type":"Point","coordinates":[-113.47522,49.68678]},"properties":{"id":"nacei-5811","kind":"plant","cat":"wind","name":"MacLeod Flats","province":"Alberta","place":"Fort Macleod","mw":3,"renewMw":3,"totalMw":3,"hydroMw":0,"pumpedMw":0,"solarMw":0,"windMw":3,"geoMw":0,"bioMw":0,"tidalMw":0,"owner":"Vision Quest (TransAlta)","operator":"Vision Quest (TransAlta)","agency":"CanWEA","period":"201612","sourceUrl":"https://open.canada.ca/data/en/dataset/490db619-ab58-4a2a-a245-2376ce1840de","sourceTitle":"Renewable Energy Power Plants, 1 MW or more","licence":"Open Government Licence - Canada","vintage":"201612"}},{"type":"Feature","geometry":{"type":"Point","coordinates":[-66.86653,45.95508]},"properties":{"id":"nacei-5812","kind":"plant","cat":"hydro","name":"Mactaquac","province":"New Brunswick","place":"Keswick Ridge","mw":668,"renewMw":668,"totalMw":668,"hydroMw":668,"pumpedMw":0,"solarMw":0,"windMw":0,"geoMw":0,"bioMw":0,"tidalMw":0,"owner":"","operator":"NB Power Corp","agency":"NB Power","period":"201707","sourceUrl":"https://open.canada.ca/data/en/dataset/490db619-ab58-4a2a-a245-2376ce1840de","sourceTitle":"Renewable Energy Power Plants, 1 MW or more","licence":"Open Government Licence - Canada","vintage":"201707"}},{"type":"Feature","geometry":{"type":"Point","coordinates":[-64.45416,50.3228]},"properties":{"id":"nacei-5813","kind":"plant","cat":"hydro","name":"Magpie","province":"Québec","place":"Rivière Magpie","mw":40.6,"renewMw":40.6,"totalMw":40.6,"hydroMw":40.6,"pumpedMw":0,"solarMw":0,"windMw":0,"geoMw":0,"bioMw":0,"tidalMw":0,"owner":"Magpie (Société en Commandite)","operator":"Magpie (Société en Commandite)","agency":"MERN","period":"201708","sourceUrl":"https://open.canada.ca/data/en/dataset/490db619-ab58-4a2a-a245-2376ce1840de","sourceTitle":"Renewable Energy Power Plants, 1 MW or more","licence":"Open Government Licence - Canada","vintage":"201708"}},{"type":"Feature","geometry":{"type":"Point","coordinates":[-112.94878,49.38594]},"properties":{"id":"nacei-5814","kind":"plant","cat":"wind","name":"Magrath","province":"Alberta","place":"Magrath","mw":30,"renewMw":30,"totalMw":30,"hydroMw":0,"pumpedMw":0,"solarMw":0,"windMw":30,"geoMw":0,"bioMw":0,"tidalMw":0,"owner":"Suncor / EHN/ Enbridge","operator":"Suncor / EHN/ Enbridge","agency":"CanWEA","period":"201612","sourceUrl":"https://open.canada.ca/data/en/dataset/490db619-ab58-4a2a-a245-2376ce1840de","sourceTitle":"Renewable Energy Power Plants, 1 MW or more","licence":"Open Government Licence - Canada","vintage":"201612"}},{"type":"Feature","geometry":{"type":"Point","coordinates":[-62.48406,44.98766]},"properties":{"id":"nacei-5815","kind":"plant","cat":"hydro","name":"Malay Falls","province":"Nova Scotia","place":"East River","mw":3,"renewMw":3,"totalMw":3,"hydroMw":3,"pumpedMw":0,"solarMw":0,"windMw":0,"geoMw":0,"bioMw":0,"tidalMw":0,"owner":"","operator":"Nova Scotia Power Inc","agency":"Statistics Canada","period":"2000","sourceUrl":"https://open.canada.ca/data/en/dataset/490db619-ab58-4a2a-a245-2376ce1840de","sourceTitle":"Renewable Energy Power Plants, 1 MW or more","licence":"Open Government Licence - Canada","vintage":"2000"}},{"type":"Feature","geometry":{"type":"Point","coordinates":[-123.09189,49.72144]},"properties":{"id":"nacei-5816","kind":"plant","cat":"hydro","name":"Mamquam","province":"British Columbia","place":"Squamish","mw":58,"renewMw":58,"totalMw":58,"hydroMw":58,"pumpedMw":0,"solarMw":0,"windMw":0,"geoMw":0,"bioMw":0,"tidalMw":0,"owner":"Atlantic Power Corp","operator":"Atlantic Power Preferred Equity Ltd","agency":"BC Hydro IPP supply","period":"201704","sourceUrl":"https://open.canada.ca/data/en/dataset/490db619-ab58-4a2a-a245-2376ce1840de","sourceTitle":"Renewable Energy Power Plants, 1 MW or more","licence":"Open Government Licence - Canada","vintage":"201704"}},{"type":"Feature","geometry":{"type":"Point","coordinates":[-68.32936,49.19134]},"properties":{"id":"nacei-5817","kind":"plant","cat":"hydro","name":"Manic-1","province":"Québec","place":"Manicouagan","mw":184,"renewMw":184,"totalMw":184,"hydroMw":184,"pumpedMw":0,"solarMw":0,"windMw":0,"geoMw":0,"bioMw":0,"tidalMw":0,"owner":"Hydro-Québec","operator":"Hydro-Québec","agency":"Hydro-Québec","period":"201708","sourceUrl":"https://open.canada.ca/data/en/dataset/490db619-ab58-4a2a-a245-2376ce1840de","sourceTitle":"Renewable Energy Power Plants, 1 MW or more","licence":"Open Government Licence - Canada","vintage":"201708"}},{"type":"Feature","geometry":{"type":"Point","coordinates":[-68.72667,50.63979]},"properties":{"id":"nacei-5818","kind":"plant","cat":"hydro","name":"Manic-5","province":"Québec","place":"Manicouagan","mw":1596,"renewMw":1596,"totalMw":1596,"hydroMw":1596,"pumpedMw":0,"solarMw":0,"windMw":0,"geoMw":0,"bioMw":0,"tidalMw":0,"owner":"Hydro-Québec","operator":"Hydro-Québec","agency":"Hydro-Québec","period":"201708","sourceUrl":"https://open.canada.ca/data/en/dataset/490db619-ab58-4a2a-a245-2376ce1840de","sourceTitle":"Renewable Energy Power Plants, 1 MW or more","licence":"Open Government Licence - Canada","vintage":"201708"}},{"type":"Feature","geometry":{"type":"Point","coordinates":[-68.73953,50.64666]},"properties":{"id":"nacei-5819","kind":"plant","cat":"hydro","name":"Manic-5-PA","province":"Québec","place":"Manicouagan","mw":1064,"renewMw":1064,"totalMw":1064,"hydroMw":1064,"pumpedMw":0,"solarMw":0,"windMw":0,"geoMw":0,"bioMw":0,"tidalMw":0,"owner":"Hydro-Québec","operator":"Hydro-Québec","agency":"Hydro-Québec","period":"201708","sourceUrl":"https://open.canada.ca/data/en/dataset/490db619-ab58-4a2a-a245-2376ce1840de","sourceTitle":"Renewable Energy Power Plants, 1 MW or more","licence":"Open Government Licence - Canada","vintage":"201708"}},{"type":"Feature","geometry":{"type":"Point","coordinates":[-93.45541,50.58367]},"properties":{"id":"nacei-5820","kind":"plant","cat":"hydro","name":"Manitou Falls","province":"Ontario","place":"Manitou Falls","mw":73,"renewMw":73,"totalMw":73,"hydroMw":73,"pumpedMw":0,"solarMw":0,"windMw":0,"geoMw":0,"bioMw":0,"tidalMw":0,"owner":"","operator":"Ontario Power Generation Inc","agency":"OPG","period":"201708","sourceUrl":"https://open.canada.ca/data/en/dataset/490db619-ab58-4a2a-a245-2376ce1840de","sourceTitle":"Renewable Energy Power Plants, 1 MW or more","licence":"Open Government Licence - Canada","vintage":"201708"}},{"type":"Feature","geometry":{"type":"Point","coordinates":[-78.79355,53.00349]},"properties":{"id":"nacei-5821","kind":"plant","cat":"hydro","name":"Maquatua","province":"Québec","place":"Wemindji","mw":1.1,"renewMw":1.1,"totalMw":1.1,"hydroMw":1.1,"pumpedMw":0,"solarMw":0,"windMw":0,"geoMw":0,"bioMw":0,"tidalMw":0,"owner":"Corporation Sakami Eeyou","operator":"Corporation Sakami Eeyou","agency":"MERN","period":"201708","sourceUrl":"https://open.canada.ca/data/en/dataset/490db619-ab58-4a2a-a245-2376ce1840de","sourceTitle":"Renewable Energy Power Plants, 1 MW or more","licence":"Open Government Licence - Canada","vintage":"201708"}},{"type":"Feature","geometry":{"type":"Point","coordinates":[-86.39413,48.71857]},"properties":{"id":"nacei-5822","kind":"plant","cat":"biomass","name":"Marathon Pulp Inc","province":"Ontario","place":"Marathon","mw":15.5,"renewMw":15.5,"totalMw":15.5,"hydroMw":0,"pumpedMw":0,"solarMw":0,"windMw":0,"geoMw":0,"bioMw":15.5,"tidalMw":0,"owner":"","operator":"Tembec Inc / Kruger Inc","agency":"TS","period":"201512","sourceUrl":"https://open.canada.ca/data/en/dataset/490db619-ab58-4a2a-a245-2376ce1840de","sourceTitle":"Renewable Energy Power Plants, 1 MW or more","licence":"Open Government Licence - Canada","vintage":"201512"}},{"type":"Feature","geometry":{"type":"Point","coordinates":[-71.15866,46.89408]},"properties":{"id":"nacei-5823","kind":"plant","cat":"hydro","name":"Marches-Naturelles","province":"Québec","place":"Québec","mw":4.2,"renewMw":4.2,"totalMw":4.2,"hydroMw":4.2,"pumpedMw":0,"solarMw":0,"windMw":0,"geoMw":0,"bioMw":0,"tidalMw":0,"owner":"Boralex Énergie (Société en Commandite) /Boralex Inc","operator":"Boralex Énergie (Société en Commandite) /Boralex Inc","agency":"MERN","period":"201708","sourceUrl":"https://open.canada.ca/data/en/dataset/490db619-ab58-4a2a-a245-2376ce1840de","sourceTitle":"Renewable Energy Power Plants, 1 MW or more","licence":"Open Government Licence - Canada","vintage":"201708"}},{"type":"Feature","geometry":{"type":"Point","coordinates":[-77.68757,44.48514]},"properties":{"id":"nacei-5824","kind":"plant","cat":"hydro","name":"Marmora","province":"Ontario","place":"Marmora","mw":1,"renewMw":1,"totalMw":1,"hydroMw":1,"pumpedMw":0,"solarMw":0,"windMw":0,"geoMw":0,"bioMw":0,"tidalMw":0,"owner":"Shaman Power Corp","operator":"Consolidated Hydro Ltd","agency":"IESO","period":"201703","sourceUrl":"https://open.canada.ca/data/en/dataset/490db619-ab58-4a2a-a245-2376ce1840de","sourceTitle":"Renewable Energy Power Plants, 1 MW or more","licence":"Open Government Licence - Canada","vintage":"201703"}},{"type":"Feature","geometry":{"type":"Point","coordinates":[-64.11918,44.92697]},"properties":{"id":"nacei-5825","kind":"plant","cat":"wind","name":"Martock Ridge","province":"Nova Scotia","place":"","mw":6,"renewMw":6,"totalMw":6,"hydroMw":0,"pumpedMw":0,"solarMw":0,"windMw":6,"geoMw":0,"bioMw":0,"tidalMw":0,"owner":"","operator":"","agency":"CanWEA","period":"201612","sourceUrl":"https://open.canada.ca/data/en/dataset/490db619-ab58-4a2a-a245-2376ce1840de","sourceTitle":"Renewable Energy Power Plants, 1 MW or more","licence":"Open Government Licence - Canada","vintage":"201612"}},{"type":"Feature","geometry":{"type":"Point","coordinates":[-62.0635,45.72877]},"properties":{"id":"nacei-5826","kind":"plant","cat":"wind","name":"Maryvale","province":"Nova Scotia","place":"","mw":6,"renewMw":6,"totalMw":6,"hydroMw":0,"pumpedMw":0,"solarMw":0,"windMw":6,"geoMw":0,"bioMw":0,"tidalMw":0,"owner":"","operator":"Maryvale Wind LP","agency":"CanWEA","period":"201612","sourceUrl":"https://open.canada.ca/data/en/dataset/490db619-ab58-4a2a-a245-2376ce1840de","sourceTitle":"Renewable Energy Power Plants, 1 MW or more","licence":"Open Government Licence - Canada","vintage":"201612"}},{"type":"Feature","geometry":{"type":"Point","coordinates":[-70.48493,46.56681]},"properties":{"id":"nacei-5827","kind":"plant","cat":"wind","name":"Massif du Sud","province":"Québec","place":"Saint-Luc-de-Bellechasse / Saint-Philemon / Notre-Dame-Auxiliatrice-de-Buckland / Saint-Magloire","mw":150,"renewMw":150,"totalMw":150,"hydroMw":0,"pumpedMw":0,"solarMw":0,"windMw":150,"geoMw":0,"bioMw":0,"tidalMw":0,"owner":"Enbridge (80%) / EDF Energies Nouvelles (20%)","operator":"EDF Energies Nouvelles / Enbridge","agency":"CanWEA","period":"201612","sourceUrl":"https://open.canada.ca/data/en/dataset/490db619-ab58-4a2a-a245-2376ce1840de","sourceTitle":"Renewable Energy Power Plants, 1 MW or more","licence":"Open Government Licence - Canada","vintage":"201612"}},{"type":"Feature","geometry":{"type":"Point","coordinates":[-75.42031,45.54323]},"properties":{"id":"nacei-5828","kind":"plant","cat":"hydro","name":"Masson","province":"Québec","place":"Gatineau","mw":119.4,"renewMw":119.4,"totalMw":119.4,"hydroMw":119.4,"pumpedMw":0,"solarMw":0,"windMw":0,"geoMw":0,"bioMw":0,"tidalMw":0,"owner":"Énergie La Lièvre, Sec/Énergie Brookfield Inc","operator":"Énergie La Lièvre, Sec/Énergie Brookfield Inc","agency":"MERN","period":"201708","sourceUrl":"https://open.canada.ca/data/en/dataset/490db619-ab58-4a2a-a245-2376ce1840de","sourceTitle":"Renewable Energy Power Plants, 1 MW or more","licence":"Open Government Licence - Canada","vintage":"201708"}},{"type":"Feature","geometry":{"type":"Point","coordinates":[-79.49464,47.12327]},"properties":{"id":"nacei-5829","kind":"plant","cat":"hydro","name":"Matabitchuan","province":"Ontario","place":"Matabitchuan River","mw":10,"renewMw":10,"totalMw":10,"hydroMw":10,"pumpedMw":0,"solarMw":0,"windMw":0,"geoMw":0,"bioMw":0,"tidalMw":0,"owner":"","operator":"Ontario Power Generation Inc","agency":"OPG","period":"201708","sourceUrl":"https://open.canada.ca/data/en/dataset/490db619-ab58-4a2a-a245-2376ce1840de","sourceTitle":"Renewable Energy Power Plants, 1 MW or more","licence":"Open Government Licence - Canada","vintage":"201708"}},{"type":"Feature","geometry":{"type":"Point","coordinates":[-83.68157,49.68069]},"properties":{"id":"nacei-5830","kind":"plant","cat":"solar","name":"Mattawishkwia","province":"Ontario","place":"Hearst","mw":10,"renewMw":10,"totalMw":10,"hydroMw":0,"pumpedMw":0,"solarMw":10,"windMw":0,"geoMw":0,"bioMw":0,"tidalMw":0,"owner":"New Ospvf 10 LP","operator":"New Ospvf 10 LP","agency":"IESO","period":"201703","sourceUrl":"https://open.canada.ca/data/en/dataset/490db619-ab58-4a2a-a245-2376ce1840de","sourceTitle":"Renewable Energy Power Plants, 1 MW or more","licence":"Open Government Licence - Canada","vintage":"201703"}},{"type":"Feature","geometry":{"type":"Point","coordinates":[-79.20187,44.9934]},"properties":{"id":"nacei-5831","kind":"plant","cat":"hydro","name":"Matthias","province":"Ontario","place":"Bracebridge","mw":3,"renewMw":3,"totalMw":3,"hydroMw":3,"pumpedMw":0,"solarMw":0,"windMw":0,"geoMw":0,"bioMw":0,"tidalMw":0,"owner":"Orillia Power Generation Corp","operator":"Orillia Power Generation Corp","agency":"IESO","period":"201703","sourceUrl":"https://open.canada.ca/data/en/dataset/490db619-ab58-4a2a-a245-2376ce1840de","sourceTitle":"Renewable Energy Power Plants, 1 MW or more","licence":"Open Government Licence - Canada","vintage":"201703"}},{"type":"Feature","geometry":{"type":"Point","coordinates":[-135.91549,63.65404]},"properties":{"id":"nacei-5832","kind":"plant","cat":"hydro","name":"Mayo A","province":"Yukon","place":"Mayo River","mw":5,"renewMw":5,"totalMw":5,"hydroMw":5,"pumpedMw":0,"solarMw":0,"windMw":0,"geoMw":0,"bioMw":0,"tidalMw":0,"owner":"","operator":"Yukon Energy Corp","agency":"Yukon Energy","period":"201612","sourceUrl":"https://open.canada.ca/data/en/dataset/490db619-ab58-4a2a-a245-2376ce1840de","sourceTitle":"Renewable Energy Power Plants, 1 MW or more","licence":"Open Government Licence - Canada","vintage":"201612"}},{"type":"Feature","geometry":{"type":"Point","coordinates":[-135.92827,63.63294]},"properties":{"id":"nacei-5833","kind":"plant","cat":"hydro","name":"Mayo B","province":"Yukon","place":"Mayo River","mw":10,"renewMw":10,"totalMw":10,"hydroMw":10,"pumpedMw":0,"solarMw":0,"windMw":0,"geoMw":0,"bioMw":0,"tidalMw":0,"owner":"","operator":"Yukon Energy Corp","agency":"Yukon Energy","period":"201612","sourceUrl":"https://open.canada.ca/data/en/dataset/490db619-ab58-4a2a-a245-2376ce1840de","sourceTitle":"Renewable Energy Power Plants, 1 MW or more","licence":"Open Government Licence - Canada","vintage":"201612"}},{"type":"Feature","geometry":{"type":"Point","coordinates":[-95.99772,50.39806]},"properties":{"id":"nacei-5834","kind":"plant","cat":"hydro","name":"Mcarthur","province":"Manitoba","place":"Oakbank","mw":56,"renewMw":56,"totalMw":56,"hydroMw":56,"pumpedMw":0,"solarMw":0,"windMw":0,"geoMw":0,"bioMw":0,"tidalMw":0,"owner":"","operator":"Manitoba Hydro","agency":"MB Hydro","period":"201708","sourceUrl":"https://open.canada.ca/data/en/dataset/490db619-ab58-4a2a-a245-2376ce1840de","sourceTitle":"Renewable Energy Power Plants, 1 MW or more","licence":"Open Government Licence - Canada","vintage":"201708"}},{"type":"Feature","geometry":{"type":"Point","coordinates":[-113.48152,49.61228]},"properties":{"id":"nacei-5835","kind":"plant","cat":"wind","name":"McBride Lake","province":"Alberta","place":"Fort Macleod","mw":75.2,"renewMw":75.2,"totalMw":75.2,"hydroMw":0,"pumpedMw":0,"solarMw":0,"windMw":75.2,"geoMw":0,"bioMw":0,"tidalMw":0,"owner":"Vision Quest (TransAlta)","operator":"Vision Quest (TransAlta)","agency":"CanWEA","period":"201612","sourceUrl":"https://open.canada.ca/data/en/dataset/490db619-ab58-4a2a-a245-2376ce1840de","sourceTitle":"Renewable Energy Power Plants, 1 MW or more","licence":"Open Government Licence - Canada","vintage":"201612"}},{"type":"Feature","geometry":{"type":"Point","coordinates":[-68.32681,49.193]},"properties":{"id":"nacei-5836","kind":"plant","cat":"hydro","name":"McCormick","province":"Québec","place":"Manicouagan","mw":235,"renewMw":235,"totalMw":235,"hydroMw":235,"pumpedMw":0,"solarMw":0,"windMw":0,"geoMw":0,"bioMw":0,"tidalMw":0,"owner":"Société en Commandite Hydroélectrique Manicouagan (Schm)","operator":"Société en Commandite Hydroélectrique Manicouagan (Schm)","agency":"Hydro-Québec","period":"201708","sourceUrl":"https://open.canada.ca/data/en/dataset/490db619-ab58-4a2a-a245-2376ce1840de","sourceTitle":"Renewable Energy Power Plants, 1 MW or more","licence":"Open Government Licence - Canada","vintage":"201708"}},{"type":"Feature","geometry":{"type":"Point","coordinates":[-71.6955,46.74053]},"properties":{"id":"nacei-5837","kind":"plant","cat":"hydro","name":"McDougall","province":"Québec","place":"Riviere Jacques Cartier","mw":8.6,"renewMw":8.6,"totalMw":8.6,"hydroMw":8.6,"pumpedMw":0,"solarMw":0,"windMw":0,"geoMw":0,"bioMw":0,"tidalMw":0,"owner":"Fiducie R.S.P. Hydro Inc/ Boralex Inc","operator":"Fiducie R.S.P. Hydro Inc/ Boralex Inc","agency":"MERN","period":"201708","sourceUrl":"https://open.canada.ca/data/en/dataset/490db619-ab58-4a2a-a245-2376ce1840de","sourceTitle":"Renewable Energy Power Plants, 1 MW or more","licence":"Open Government Licence - Canada","vintage":"201708"}},{"type":"Feature","geometry":{"type":"Point","coordinates":[-93.18873,49.80471]},"properties":{"id":"nacei-5838","kind":"plant","cat":"hydro","name":"McKenzie Falls","province":"Ontario","place":"Eagle River","mw":1.1,"renewMw":1.1,"totalMw":1.1,"hydroMw":1.1,"pumpedMw":0,"solarMw":0,"windMw":0,"geoMw":0,"bioMw":0,"tidalMw":0,"owner":"","operator":"Regional Power Inc","agency":"Statistics Canada","period":"2000","sourceUrl":"https://open.canada.ca/data/en/dataset/490db619-ab58-4a2a-a245-2376ce1840de","sourceTitle":"Renewable Energy Power Plants, 1 MW or more","licence":"Open Government Licence - Canada","vintage":"2000"}},{"type":"Feature","geometry":{"type":"Point","coordinates":[-81.98353,45.93553]},"properties":{"id":"nacei-5839","kind":"plant","cat":"wind","name":"McLean's Mountain","province":"Ontario","place":"Little Current","mw":60,"renewMw":60,"totalMw":60,"hydroMw":0,"pumpedMw":0,"solarMw":0,"windMw":60,"geoMw":0,"bioMw":0,"tidalMw":0,"owner":"McLean's Mountain Wind LP","operator":"McLean's Mountain Wind LP","agency":"CanWEA","period":"201612","sourceUrl":"https://open.canada.ca/data/en/dataset/490db619-ab58-4a2a-a245-2376ce1840de","sourceTitle":"Renewable Energy Power Plants, 1 MW or more","licence":"Open Government Licence - Canada","vintage":"201612"}},{"type":"Feature","geometry":{"type":"Point","coordinates":[-123.50155,49.51582]},"properties":{"id":"nacei-5840","kind":"plant","cat":"hydro","name":"McNair Creek","province":"British Columbia","place":"Sechelt","mw":10,"renewMw":10,"totalMw":10,"hydroMw":10,"pumpedMw":0,"solarMw":0,"windMw":0,"geoMw":0,"bioMw":0,"tidalMw":0,"owner":"","operator":"McNair Creek Hydro LP","agency":"BC Hydro IPP supply","period":"201704","sourceUrl":"https://open.canada.ca/data/en/dataset/490db619-ab58-4a2a-a245-2376ce1840de","sourceTitle":"Renewable Energy Power Plants, 1 MW or more","licence":"Open Government Licence - Canada","vintage":"201704"}},{"type":"Feature","geometry":{"type":"Point","coordinates":[-84.67048,47.90543]},"properties":{"id":"nacei-5841","kind":"plant","cat":"hydro","name":"McPhail","province":"Ontario","place":"Wawa","mw":13,"renewMw":13,"totalMw":13,"hydroMw":13,"pumpedMw":0,"solarMw":0,"windMw":0,"geoMw":0,"bioMw":0,"tidalMw":0,"owner":"Brookfield Renewable Power Inc","operator":"Brookfield Renewable Energy Partners","agency":"IESO","period":"201703","sourceUrl":"https://open.canada.ca/data/en/dataset/490db619-ab58-4a2a-a245-2376ce1840de","sourceTitle":"Renewable Energy Power Plants, 1 MW or more","licence":"Open Government Licence - Canada","vintage":"201703"}},{"type":"Feature","geometry":{"type":"Point","coordinates":[-80.84838,46.28461]},"properties":{"id":"nacei-5842","kind":"plant","cat":"hydro","name":"McVittie","province":"Ontario","place":"McVitties","mw":3,"renewMw":3,"totalMw":3,"hydroMw":3,"pumpedMw":0,"solarMw":0,"windMw":0,"geoMw":0,"bioMw":0,"tidalMw":0,"owner":"","operator":"Ontario Power Generation Inc","agency":"OPG","period":"201708","sourceUrl":"https://open.canada.ca/data/en/dataset/490db619-ab58-4a2a-a245-2376ce1840de","sourceTitle":"Renewable Energy Power Plants, 1 MW or more","licence":"Open Government Licence - Canada","vintage":"201708"}},{"type":"Feature","geometry":{"type":"Point","coordinates":[-126.21358,49.87204]},"properties":{"id":"nacei-5843","kind":"plant","cat":"hydro","name":"Mears Creek","province":"British Columbia","place":"Gold River","mw":3.8,"renewMw":3.8,"totalMw":3.8,"hydroMw":3.8,"pumpedMw":0,"solarMw":0,"windMw":0,"geoMw":0,"bioMw":0,"tidalMw":0,"owner":"Synex","operator":"Synex","agency":"Synex","period":"201708","sourceUrl":"https://open.canada.ca/data/en/dataset/490db619-ab58-4a2a-a245-2376ce1840de","sourceTitle":"Renewable Energy Power Plants, 1 MW or more","licence":"Open Government Licence - Canada","vintage":"201708"}},{"type":"Feature","geometry":{"type":"Point","coordinates":[-80.28698,44.08195]},"properties":{"id":"nacei-5844","kind":"plant","cat":"wind","name":"Melancthon I","province":"Ontario","place":"Dundalk","mw":67.5,"renewMw":67.5,"totalMw":67.5,"hydroMw":0,"pumpedMw":0,"solarMw":0,"windMw":67.5,"geoMw":0,"bioMw":0,"tidalMw":0,"owner":"Melancthon Wolfe Wind LP","operator":"TransAlta (100%)","agency":"CanWEA","period":"201612","sourceUrl":"https://open.canada.ca/data/en/dataset/490db619-ab58-4a2a-a245-2376ce1840de","sourceTitle":"Renewable Energy Power Plants, 1 MW or more","licence":"Open Government Licence - Canada","vintage":"201612"}},{"type":"Feature","geometry":{"type":"Point","coordinates":[-80.31292,44.11799]},"properties":{"id":"nacei-5845","kind":"plant","cat":"wind","name":"Melancthon II","province":"Ontario","place":"Dundalk","mw":132,"renewMw":132,"totalMw":132,"hydroMw":0,"pumpedMw":0,"solarMw":0,"windMw":132,"geoMw":0,"bioMw":0,"tidalMw":0,"owner":"Melancthon Wolfe Wind LP","operator":"Canadian Hydro Developers Inc","agency":"CanWEA","period":"201612","sourceUrl":"https://open.canada.ca/data/en/dataset/490db619-ab58-4a2a-a245-2376ce1840de","sourceTitle":"Renewable Energy Power Plants, 1 MW or more","licence":"Open Government Licence - Canada","vintage":"201612"}},{"type":"Feature","geometry":{"type":"Point","coordinates":[-72.14349,45.26298]},"properties":{"id":"nacei-5846","kind":"plant","cat":"hydro","name":"Memphrémagog","province":"Québec","place":"Magog","mw":1.8,"renewMw":1.8,"totalMw":1.8,"hydroMw":1.8,"pumpedMw":0,"solarMw":0,"windMw":0,"geoMw":0,"bioMw":0,"tidalMw":0,"owner":"Ville de Magog","operator":"Ville de Magog","agency":"MERN","period":"201708","sourceUrl":"https://open.canada.ca/data/en/dataset/490db619-ab58-4a2a-a245-2376ce1840de","sourceTitle":"Renewable Energy Power Plants, 1 MW or more","licence":"Open Government Licence - Canada","vintage":"201708"}},{"type":"Feature","geometry":{"type":"Point","coordinates":[-66.6125,54.47111]},"properties":{"id":"nacei-5847","kind":"plant","cat":"hydro","name":"Menihek","province":"Newfoundland and Labrador","place":"Menihek Lake","mw":18.7,"renewMw":18.7,"totalMw":18.7,"hydroMw":18.7,"pumpedMw":0,"solarMw":0,"windMw":0,"geoMw":0,"bioMw":0,"tidalMw":0,"owner":"","operator":"Nalcor Energy","agency":"Nalcor Energy","period":"201512","sourceUrl":"https://open.canada.ca/data/en/dataset/490db619-ab58-4a2a-a245-2376ce1840de","sourceTitle":"Renewable Energy Power Plants, 1 MW or more","licence":"Open Government Licence - Canada","vintage":"201512"}},{"type":"Feature","geometry":{"type":"Point","coordinates":[-75.98248,46.7173]},"properties":{"id":"nacei-5848","kind":"plant","cat":"hydro","name":"Mercier","province":"Québec","place":"Outaouais","mw":55,"renewMw":55,"totalMw":55,"hydroMw":55,"pumpedMw":0,"solarMw":0,"windMw":0,"geoMw":0,"bioMw":0,"tidalMw":0,"owner":"Hydro-Québec","operator":"Hydro-Québec","agency":"Hydro-Québec","period":"201708","sourceUrl":"https://open.canada.ca/data/en/dataset/490db619-ab58-4a2a-a245-2376ce1840de","sourceTitle":"Renewable Energy Power Plants, 1 MW or more","licence":"Open Government Licence - Canada","vintage":"201708"}},{"type":"Feature","geometry":{"type":"Point","coordinates":[-79.49319,46.51579]},"properties":{"id":"nacei-5849","kind":"plant","cat":"biomass","name":"Merrick Landfill","province":"Ontario","place":"North Bay","mw":1.6,"renewMw":1.6,"totalMw":1.6,"hydroMw":0,"pumpedMw":0,"solarMw":0,"windMw":0,"geoMw":0,"bioMw":1.6,"tidalMw":0,"owner":"North Bay Hydro Services Inc","operator":"North Bay Hydro Services Inc","agency":"IESO","period":"201703","sourceUrl":"https://open.canada.ca/data/en/dataset/490db619-ab58-4a2a-a245-2376ce1840de","sourceTitle":"Renewable Energy Power Plants, 1 MW or more","licence":"Open Government Licence - Canada","vintage":"201703"}},{"type":"Feature","geometry":{"type":"Point","coordinates":[-75.83726,44.91782]},"properties":{"id":"nacei-5850","kind":"plant","cat":"hydro","name":"Merrickville","province":"Ontario","place":"Merrickville","mw":2,"renewMw":2,"totalMw":2,"hydroMw":2,"pumpedMw":0,"solarMw":0,"windMw":0,"geoMw":0,"bioMw":0,"tidalMw":0,"owner":"","operator":"Ontario Power Generation Inc","agency":"OPG","period":"201708","sourceUrl":"https://open.canada.ca/data/en/dataset/490db619-ab58-4a2a-a245-2376ce1840de","sourceTitle":"Renewable Energy Power Plants, 1 MW or more","licence":"Open Government Licence - Canada","vintage":"201708"}},{"type":"Feature","geometry":{"type":"Point","coordinates":[-66.72553,48.25047]},"properties":{"id":"nacei-5851","kind":"plant","cat":"wind","name":"Mesgi'g Ugju's'n","province":"Québec","place":"Rivière-Nouvelle","mw":149.3,"renewMw":149.3,"totalMw":149.3,"hydroMw":0,"pumpedMw":0,"solarMw":0,"windMw":149.3,"geoMw":0,"bioMw":0,"tidalMw":0,"owner":"Innergex Inc (50%) / Mi’gmawei Mawiomi Business Corp (50%)","operator":"Innergex Inc (50%) / Mi’gmawei Mawiomi Business Corp (50%)","agency":"CanWEA","period":"201612","sourceUrl":"https://open.canada.ca/data/en/dataset/490db619-ab58-4a2a-a245-2376ce1840de","sourceTitle":"Renewable Energy Power Plants, 1 MW or more","licence":"Open Government Licence - Canada","vintage":"201612"}},{"type":"Feature","geometry":{"type":"Point","coordinates":[-64.43147,44.93967]},"properties":{"id":"nacei-5852","kind":"plant","cat":"hydro","name":"Methals","province":"Nova Scotia","place":"Gasperaux Lake","mw":3,"renewMw":3,"totalMw":3,"hydroMw":3,"pumpedMw":0,"solarMw":0,"windMw":0,"geoMw":0,"bioMw":0,"tidalMw":0,"owner":"","operator":"Nova Scotia Power Inc","agency":"Statistics Canada","period":"2000","sourceUrl":"https://open.canada.ca/data/en/dataset/490db619-ab58-4a2a-a245-2376ce1840de","sourceTitle":"Renewable Energy Power Plants, 1 MW or more","licence":"Open Government Licence - Canada","vintage":"2000"}},{"type":"Feature","geometry":{"type":"Point","coordinates":[-77.80187,44.24817]},"properties":{"id":"nacei-5853","kind":"plant","cat":"hydro","name":"Meyersburg","province":"Ontario","place":"Harcourt","mw":5,"renewMw":5,"totalMw":5,"hydroMw":5,"pumpedMw":0,"solarMw":0,"windMw":0,"geoMw":0,"bioMw":0,"tidalMw":0,"owner":"","operator":"Ontario Power Generation Inc","agency":"OPG","period":"201708","sourceUrl":"https://open.canada.ca/data/en/dataset/490db619-ab58-4a2a-a245-2376ce1840de","sourceTitle":"Renewable Energy Power Plants, 1 MW or more","licence":"Open Government Licence - Canada","vintage":"201708"}},{"type":"Feature","geometry":{"type":"Point","coordinates":[-118.57051,52.07587]},"properties":{"id":"nacei-5854","kind":"plant","cat":"hydro","name":"Mica","province":"British Columbia","place":"Columbia River","mw":2746,"renewMw":2746,"totalMw":2746,"hydroMw":2746,"pumpedMw":0,"solarMw":0,"windMw":0,"geoMw":0,"bioMw":0,"tidalMw":0,"owner":"BC Hydro","operator":"BC Hydro","agency":"BC Hydro","period":"201708","sourceUrl":"https://open.canada.ca/data/en/dataset/490db619-ab58-4a2a-a245-2376ce1840de","sourceTitle":"Renewable Energy Power Plants, 1 MW or more","licence":"Open Government Licence - Canada","vintage":"201708"}},{"type":"Feature","geometry":{"type":"Point","coordinates":[-79.76501,44.53918]},"properties":{"id":"nacei-5855","kind":"plant","cat":"solar","name":"Midhurst 2","province":"Ontario","place":"Phelpston","mw":3.5,"renewMw":3.5,"totalMw":3.5,"hydroMw":0,"pumpedMw":0,"solarMw":3.5,"windMw":0,"geoMw":0,"bioMw":0,"tidalMw":0,"owner":"Met Fiera Solar Midhurst 2 LP","operator":"Met Fiera Solar Midhurst 2 LP","agency":"IESO","period":"201703","sourceUrl":"https://open.canada.ca/data/en/dataset/490db619-ab58-4a2a-a245-2376ce1840de","sourceTitle":"Renewable Energy Power Plants, 1 MW or more","licence":"Open Government Licence - Canada","vintage":"201703"}},{"type":"Feature","geometry":{"type":"Point","coordinates":[-79.56931,44.47243]},"properties":{"id":"nacei-5856","kind":"plant","cat":"solar","name":"Midhurst 3","province":"Ontario","place":"Oro Station","mw":3.5,"renewMw":3.5,"totalMw":3.5,"hydroMw":0,"pumpedMw":0,"solarMw":3.5,"windMw":0,"geoMw":0,"bioMw":0,"tidalMw":0,"owner":"Met Fiera Solar Midhurst 3 LP","operator":"Met Fiera Solar Midhurst 3 LP","agency":"IESO","period":"201703","sourceUrl":"https://open.canada.ca/data/en/dataset/490db619-ab58-4a2a-a245-2376ce1840de","sourceTitle":"Renewable Energy Power Plants, 1 MW or more","licence":"Open Government Licence - Canada","vintage":"201703"}},{"type":"Feature","geometry":{"type":"Point","coordinates":[-79.56149,44.46959]},"properties":{"id":"nacei-5857","kind":"plant","cat":"solar","name":"Midhurst 4","province":"Ontario","place":"Oro","mw":6.5,"renewMw":6.5,"totalMw":6.5,"hydroMw":0,"pumpedMw":0,"solarMw":6.5,"windMw":0,"geoMw":0,"bioMw":0,"tidalMw":0,"owner":"Met Fiera Solar Midhurst 4 LP","operator":"Met Fiera Solar Midhurst 4 LP","agency":"IESO","period":"201703","sourceUrl":"https://open.canada.ca/data/en/dataset/490db619-ab58-4a2a-a245-2376ce1840de","sourceTitle":"Renewable Energy Power Plants, 1 MW or more","licence":"Open Government Licence - Canada","vintage":"201703"}},{"type":"Feature","geometry":{"type":"Point","coordinates":[-79.71935,44.47617]},"properties":{"id":"nacei-5858","kind":"plant","cat":"solar","name":"Midhurst 6","province":"Ontario","place":"Midhurst","mw":8.5,"renewMw":8.5,"totalMw":8.5,"hydroMw":0,"pumpedMw":0,"solarMw":8.5,"windMw":0,"geoMw":0,"bioMw":0,"tidalMw":0,"owner":"Met Fiera Solar Midhurst 6 LP","operator":"Met Fiera Solar Midhurst 6 LP","agency":"IESO","period":"201703","sourceUrl":"https://open.canada.ca/data/en/dataset/490db619-ab58-4a2a-a245-2376ce1840de","sourceTitle":"Renewable Energy Power Plants, 1 MW or more","licence":"Open Government Licence - Canada","vintage":"201703"}},{"type":"Feature","geometry":{"type":"Point","coordinates":[-75.25809,45.12762]},"properties":{"id":"nacei-5859","kind":"plant","cat":"solar","name":"Mightysolar","province":"Ontario","place":"Chesterville","mw":10,"renewMw":10,"totalMw":10,"hydroMw":0,"pumpedMw":0,"solarMw":10,"windMw":0,"geoMw":0,"bioMw":0,"tidalMw":0,"owner":"Concord Mightysolar Partnership","operator":"Mightysolar LP","agency":"IESO","period":"201703","sourceUrl":"https://open.canada.ca/data/en/dataset/490db619-ab58-4a2a-a245-2376ce1840de","sourceTitle":"Renewable Energy Power Plants, 1 MW or more","licence":"Open Government Licence - Canada","vintage":"201703"}},{"type":"Feature","geometry":{"type":"Point","coordinates":[-63.89623,44.71163]},"properties":{"id":"nacei-5860","kind":"plant","cat":"hydro","name":"Mill Lake","province":"Nova Scotia","place":"North East River","mw":2.2,"renewMw":2.2,"totalMw":2.2,"hydroMw":2.2,"pumpedMw":0,"solarMw":0,"windMw":0,"geoMw":0,"bioMw":0,"tidalMw":0,"owner":"","operator":"Nova Scotia Power Inc","agency":"Statistics Canada","period":"2000","sourceUrl":"https://open.canada.ca/data/en/dataset/490db619-ab58-4a2a-a245-2376ce1840de","sourceTitle":"Renewable Energy Power Plants, 1 MW or more","licence":"Open Government Licence - Canada","vintage":"2000"}},{"type":"Feature","geometry":{"type":"Point","coordinates":[-63.34408,45.32627]},"properties":{"id":"nacei-5861","kind":"plant","cat":"wind","name":"Millbrook","province":"Nova Scotia","place":"","mw":6,"renewMw":6,"totalMw":6,"hydroMw":0,"pumpedMw":0,"solarMw":0,"windMw":6,"geoMw":0,"bioMw":0,"tidalMw":0,"owner":"Millbrook Community Wind Inc","operator":"Millbrook Community Wind Inc","agency":"CanWEA","period":"201612","sourceUrl":"https://open.canada.ca/data/en/dataset/490db619-ab58-4a2a-a245-2376ce1840de","sourceTitle":"Renewable Energy Power Plants, 1 MW or more","licence":"Open Government Licence - Canada","vintage":"201612"}},{"type":"Feature","geometry":{"type":"Point","coordinates":[-122.87135,50.34988]},"properties":{"id":"nacei-5862","kind":"plant","cat":"hydro","name":"Miller Creek","province":"British Columbia","place":"Pemberton","mw":33,"renewMw":33,"totalMw":33,"hydroMw":33,"pumpedMw":0,"solarMw":0,"windMw":0,"geoMw":0,"bioMw":0,"tidalMw":0,"owner":"Innergex Inc","operator":"Innergex Inc","agency":"Innergex","period":"201708","sourceUrl":"https://open.canada.ca/data/en/dataset/490db619-ab58-4a2a-a245-2376ce1840de","sourceTitle":"Renewable Energy Power Plants, 1 MW or more","licence":"Open Government Licence - Canada","vintage":"201708"}},{"type":"Feature","geometry":{"type":"Point","coordinates":[-67.29287,45.17548]},"properties":{"id":"nacei-5863","kind":"plant","cat":"hydro","name":"Milltown","province":"New Brunswick","place":"St Croix River","mw":3,"renewMw":3,"totalMw":3,"hydroMw":3,"pumpedMw":0,"solarMw":0,"windMw":0,"geoMw":0,"bioMw":0,"tidalMw":0,"owner":"","operator":"NB Power Corp","agency":"NB Power","period":"201707","sourceUrl":"https://open.canada.ca/data/en/dataset/490db619-ab58-4a2a-a245-2376ce1840de","sourceTitle":"Renewable Energy Power Plants, 1 MW or more","licence":"Open Government Licence - Canada","vintage":"201707"}},{"type":"Feature","geometry":{"type":"Point","coordinates":[-72.20527,48.90615]},"properties":{"id":"nacei-5864","kind":"plant","cat":"hydro","name":"Minashtuk","province":"Québec","place":"Dolbeau Mistassini","mw":12.1,"renewMw":12.1,"totalMw":12.1,"hydroMw":12.1,"pumpedMw":0,"solarMw":0,"windMw":0,"geoMw":0,"bioMw":0,"tidalMw":0,"owner":"Minashtuk (Société en Commandite)","operator":"Minashtuk (Société en Commandite)","agency":"MERN","period":"201708","sourceUrl":"https://open.canada.ca/data/en/dataset/490db619-ab58-4a2a-a245-2376ce1840de","sourceTitle":"Renewable Energy Power Plants, 1 MW or more","licence":"Open Government Licence - Canada","vintage":"201708"}},{"type":"Feature","geometry":{"type":"Point","coordinates":[-78.70828,44.94097]},"properties":{"id":"nacei-5865","kind":"plant","cat":"hydro","name":"Minden","province":"Ontario","place":"Minden","mw":4,"renewMw":4,"totalMw":4,"hydroMw":4,"pumpedMw":0,"solarMw":0,"windMw":0,"geoMw":0,"bioMw":0,"tidalMw":0,"owner":"Orillia Power Generation Corp","operator":"Orillia Power Generation Corp","agency":"IESO","period":"201703","sourceUrl":"https://open.canada.ca/data/en/dataset/490db619-ab58-4a2a-a245-2376ce1840de","sourceTitle":"Renewable Energy Power Plants, 1 MW or more","licence":"Open Government Licence - Canada","vintage":"201703"}},{"type":"Feature","geometry":{"type":"Point","coordinates":[-65.59428,46.96972]},"properties":{"id":"nacei-5866","kind":"plant","cat":"biomass","name":"Miramichi","province":"New Brunswick","place":"Miramichi","mw":42,"renewMw":42,"totalMw":42,"hydroMw":0,"pumpedMw":0,"solarMw":0,"windMw":0,"geoMw":0,"bioMw":42,"tidalMw":0,"owner":"","operator":"Miramichi Pulp & Paper Inc","agency":"Statistics Canada","period":"2000","sourceUrl":"https://open.canada.ca/data/en/dataset/490db619-ab58-4a2a-a245-2376ce1840de","sourceTitle":"Renewable Energy Power Plants, 1 MW or more","licence":"Open Government Licence - Canada","vintage":"2000"}},{"type":"Feature","geometry":{"type":"Point","coordinates":[-79.87586,47.8996]},"properties":{"id":"nacei-5867","kind":"plant","cat":"hydro","name":"Misema","province":"Ontario","place":"Englehart","mw":3,"renewMw":3,"totalMw":3,"hydroMw":3,"pumpedMw":0,"solarMw":0,"windMw":0,"geoMw":0,"bioMw":0,"tidalMw":0,"owner":"TransAlta (100%)","operator":"TransAlta (100%)","agency":"TransAlta","period":"201708","sourceUrl":"https://open.canada.ca/data/en/dataset/490db619-ab58-4a2a-a245-2376ce1840de","sourceTitle":"Renewable Energy Power Plants, 1 MW or more","licence":"Open Government Licence - Canada","vintage":"201708"}},{"type":"Feature","geometry":{"type":"Point","coordinates":[-84.83727,47.93843]},"properties":{"id":"nacei-5868","kind":"plant","cat":"hydro","name":"Mission","province":"Ontario","place":"Wawa","mw":16,"renewMw":16,"totalMw":16,"hydroMw":16,"pumpedMw":0,"solarMw":0,"windMw":0,"geoMw":0,"bioMw":0,"tidalMw":0,"owner":"Brookfield Renewable Power Inc","operator":"Brookfield Renewable Energy Partners","agency":"IESO","period":"201703","sourceUrl":"https://open.canada.ca/data/en/dataset/490db619-ab58-4a2a-a245-2376ce1840de","sourceTitle":"Renewable Energy Power Plants, 1 MW or more","licence":"Open Government Licence - Canada","vintage":"201703"}},{"type":"Feature","geometry":{"type":"Point","coordinates":[-76.24351,45.30917]},"properties":{"id":"nacei-5869","kind":"plant","cat":"solar","name":"Mississippi Mills","province":"Ontario","place":"Pakenham","mw":10,"renewMw":10,"totalMw":10,"hydroMw":0,"pumpedMw":0,"solarMw":10,"windMw":0,"geoMw":0,"bioMw":0,"tidalMw":0,"owner":"TransCanada Energy Ltd","operator":"2225213 Ontario Inc","agency":"IESO","period":"201703","sourceUrl":"https://open.canada.ca/data/en/dataset/490db619-ab58-4a2a-a245-2376ce1840de","sourceTitle":"Renewable Energy Power Plants, 1 MW or more","licence":"Open Government Licence - Canada","vintage":"201703"}},{"type":"Feature","geometry":{"type":"Point","coordinates":[-68.13757,48.60364]},"properties":{"id":"nacei-5870","kind":"plant","cat":"hydro","name":"Mitis-1","province":"Québec","place":"Mitis","mw":6,"renewMw":6,"totalMw":6,"hydroMw":6,"pumpedMw":0,"solarMw":0,"windMw":0,"geoMw":0,"bioMw":0,"tidalMw":0,"owner":"Hydro-Québec","operator":"Hydro-Québec","agency":"Hydro-Québec","period":"201708","sourceUrl":"https://open.canada.ca/data/en/dataset/490db619-ab58-4a2a-a245-2376ce1840de","sourceTitle":"Renewable Energy Power Plants, 1 MW or more","licence":"Open Government Licence - Canada","vintage":"201708"}},{"type":"Feature","geometry":{"type":"Point","coordinates":[-68.13781,48.62192]},"properties":{"id":"nacei-5871","kind":"plant","cat":"hydro","name":"Mitis-2","province":"Québec","place":"Mitis","mw":4,"renewMw":4,"totalMw":4,"hydroMw":4,"pumpedMw":0,"solarMw":0,"windMw":0,"geoMw":0,"bioMw":0,"tidalMw":0,"owner":"Hydro-Québec","operator":"Hydro-Québec","agency":"Hydro-Québec","period":"201708","sourceUrl":"https://open.canada.ca/data/en/dataset/490db619-ab58-4a2a-a245-2376ce1840de","sourceTitle":"Renewable Energy Power Plants, 1 MW or more","licence":"Open Government Licence - Canada","vintage":"201708"}},{"type":"Feature","geometry":{"type":"Point","coordinates":[-52.84181,47.24786]},"properties":{"id":"nacei-5872","kind":"plant","cat":"hydro","name":"Mobile","province":"Newfoundland and Labrador","place":"Mobile River","mw":12,"renewMw":12,"totalMw":12,"hydroMw":12,"pumpedMw":0,"solarMw":0,"windMw":0,"geoMw":0,"bioMw":0,"tidalMw":0,"owner":"","operator":"Newfoundland Light & Power Co Ltd","agency":"Government of Newfoundland and Labrador","period":"201409","sourceUrl":"https://open.canada.ca/data/en/dataset/490db619-ab58-4a2a-a245-2376ce1840de","sourceTitle":"Renewable Energy Power Plants, 1 MW or more","licence":"Open Government Licence - Canada","vintage":"201409"}},{"type":"Feature","geometry":{"type":"Point","coordinates":[-79.49027,42.85141]},"properties":{"id":"nacei-5873","kind":"plant","cat":"wind","name":"Mohawk Point","province":"Ontario","place":"Lowbanks","mw":9.9,"renewMw":9.9,"totalMw":9.9,"hydroMw":0,"pumpedMw":0,"solarMw":0,"windMw":9.9,"geoMw":0,"bioMw":0,"tidalMw":0,"owner":"","operator":"Aim Sop Pase I LP","agency":"CanWEA","period":"201612","sourceUrl":"https://open.canada.ca/data/en/dataset/490db619-ab58-4a2a-a245-2376ce1840de","sourceTitle":"Renewable Energy Power Plants, 1 MW or more","licence":"Open Government Licence - Canada","vintage":"201612"}},{"type":"Feature","geometry":{"type":"Point","coordinates":[-65.49581,48.97998]},"properties":{"id":"nacei-5874","kind":"plant","cat":"wind","name":"Mont Miller","province":"Québec","place":"Murdochville","mw":54,"renewMw":54,"totalMw":54,"hydroMw":0,"pumpedMw":0,"solarMw":0,"windMw":54,"geoMw":0,"bioMw":0,"tidalMw":0,"owner":"NextEra Energy","operator":"NextEra Energy","agency":"CanWEA","period":"201612","sourceUrl":"https://open.canada.ca/data/en/dataset/490db619-ab58-4a2a-a245-2376ce1840de","sourceTitle":"Renewable Energy Power Plants, 1 MW or more","licence":"Open Government Licence - Canada","vintage":"201612"}},{"type":"Feature","geometry":{"type":"Point","coordinates":[-73.57736,45.27483]},"properties":{"id":"nacei-5875","kind":"plant","cat":"wind","name":"Montérégie","province":"Québec","place":"Saint-Mathieu / Saint-Isidore / Saint-Remi / Saint-Michel / Saint-Constant / Mercier","mw":101.2,"renewMw":101.2,"totalMw":101.2,"hydroMw":0,"pumpedMw":0,"solarMw":0,"windMw":101.2,"geoMw":0,"bioMw":0,"tidalMw":0,"owner":"","operator":"","agency":"CanWEA","period":"201612","sourceUrl":"https://open.canada.ca/data/en/dataset/490db619-ab58-4a2a-a245-2376ce1840de","sourceTitle":"Renewable Energy Power Plants, 1 MW or more","licence":"Open Government Licence - Canada","vintage":"201612"}},{"type":"Feature","geometry":{"type":"Point","coordinates":[-70.54919,46.98724]},"properties":{"id":"nacei-5876","kind":"plant","cat":"hydro","name":"Montmagny","province":"Québec","place":"Montmagny","mw":2.1,"renewMw":2.1,"totalMw":2.1,"hydroMw":2.1,"pumpedMw":0,"solarMw":0,"windMw":0,"geoMw":0,"bioMw":0,"tidalMw":0,"owner":"Innergex Montmagny (Société en Commandite)","operator":"Innergex Montmagny (Société en Commandite)","agency":"MERN","period":"201708","sourceUrl":"https://open.canada.ca/data/en/dataset/490db619-ab58-4a2a-a245-2376ce1840de","sourceTitle":"Renewable Energy Power Plants, 1 MW or more","licence":"Open Government Licence - Canada","vintage":"201708"}},{"type":"Feature","geometry":{"type":"Point","coordinates":[-124.18733,50.62314]},"properties":{"id":"nacei-5877","kind":"plant","cat":"hydro","name":"Montrose","province":"British Columbia","place":"Powell River","mw":73,"renewMw":73,"totalMw":73,"hydroMw":73,"pumpedMw":0,"solarMw":0,"windMw":0,"geoMw":0,"bioMw":0,"tidalMw":0,"owner":"","operator":"Toba Montrose General Partnership","agency":"BC Hydro IPP supply","period":"201704","sourceUrl":"https://open.canada.ca/data/en/dataset/490db619-ab58-4a2a-a245-2376ce1840de","sourceTitle":"Renewable Energy Power Plants, 1 MW or more","licence":"Open Government Licence - Canada","vintage":"201704"}},{"type":"Feature","geometry":{"type":"Point","coordinates":[-80.66461,46.62918]},"properties":{"id":"nacei-5878","kind":"plant","cat":"hydro","name":"Moose Rapids","province":"Ontario","place":"Sudbury","mw":1.4,"renewMw":1.4,"totalMw":1.4,"hydroMw":1.4,"pumpedMw":0,"solarMw":0,"windMw":0,"geoMw":0,"bioMw":0,"tidalMw":0,"owner":"Canadian Hydro Developers, Inc","operator":"TransAlta (100%)","agency":"IESO","period":"201703","sourceUrl":"https://open.canada.ca/data/en/dataset/490db619-ab58-4a2a-a245-2376ce1840de","sourceTitle":"Renewable Energy Power Plants, 1 MW or more","licence":"Open Government Licence - Canada","vintage":"201703"}},{"type":"Feature","geometry":{"type":"Point","coordinates":[-132.1282,52.93449]},"properties":{"id":"nacei-5879","kind":"plant","cat":"hydro","name":"Moresby Lake","province":"British Columbia","place":"Sandspit","mw":6,"renewMw":6,"totalMw":6,"hydroMw":6,"pumpedMw":0,"solarMw":0,"windMw":0,"geoMw":0,"bioMw":0,"tidalMw":0,"owner":"Atlantic Power Corp","operator":"Atlantic Power Preferred Equity Ltd","agency":"BC Hydro IPP supply","period":"201704","sourceUrl":"https://open.canada.ca/data/en/dataset/490db619-ab58-4a2a-a245-2376ce1840de","sourceTitle":"Renewable Energy Power Plants, 1 MW or more","licence":"Open Government Licence - Canada","vintage":"201704"}},{"type":"Feature","geometry":{"type":"Point","coordinates":[-94.2503,48.70693]},"properties":{"id":"nacei-5880","kind":"plant","cat":"solar","name":"Morley","province":"Ontario","place":"Stratton","mw":10,"renewMw":10,"totalMw":10,"hydroMw":0,"pumpedMw":0,"solarMw":10,"windMw":0,"geoMw":0,"bioMw":0,"tidalMw":0,"owner":"Rainy River First Nations Solar 1 LP","operator":"Rainy River First Nations Solar 1 LP","agency":"IESO","period":"201703","sourceUrl":"https://open.canada.ca/data/en/dataset/490db619-ab58-4a2a-a245-2376ce1840de","sourceTitle":"Renewable Energy Power Plants, 1 MW or more","licence":"Open Government Licence - Canada","vintage":"201703"}},{"type":"Feature","geometry":{"type":"Point","coordinates":[-52.93582,47.25371]},"properties":{"id":"nacei-5881","kind":"plant","cat":"hydro","name":"Morris","province":"Newfoundland and Labrador","place":"Mobile River","mw":1.1,"renewMw":1.1,"totalMw":1.1,"hydroMw":1.1,"pumpedMw":0,"solarMw":0,"windMw":0,"geoMw":0,"bioMw":0,"tidalMw":0,"owner":"","operator":"Newfoundland Light & Power Co Ltd","agency":"Government of Newfoundland and Labrador","period":"201409","sourceUrl":"https://open.canada.ca/data/en/dataset/490db619-ab58-4a2a-a245-2376ce1840de","sourceTitle":"Renewable Energy Power Plants, 1 MW or more","licence":"Open Government Licence - Canada","vintage":"201409"}},{"type":"Feature","geometry":{"type":"Point","coordinates":[-106.95847,50.39893]},"properties":{"id":"nacei-5882","kind":"plant","cat":"wind","name":"Morse","province":"Saskatchewan","place":"Morse","mw":23,"renewMw":23,"totalMw":23,"hydroMw":0,"pumpedMw":0,"solarMw":0,"windMw":23,"geoMw":0,"bioMw":0,"tidalMw":0,"owner":"Algonquin Power","operator":"Algonquin Power","agency":"CanWEA","period":"201612","sourceUrl":"https://open.canada.ca/data/en/dataset/490db619-ab58-4a2a-a245-2376ce1840de","sourceTitle":"Renewable Energy Power Plants, 1 MW or more","licence":"Open Government Licence - Canada","vintage":"201612"}},{"type":"Feature","geometry":{"type":"Point","coordinates":[-82.14278,45.81846]},"properties":{"id":"nacei-5883","kind":"plant","cat":"wind","name":"Mother Earth I","province":"Ontario","place":"M’Chigeeng","mw":4,"renewMw":4,"totalMw":4,"hydroMw":0,"pumpedMw":0,"solarMw":0,"windMw":4,"geoMw":0,"bioMw":0,"tidalMw":0,"owner":"Mere General Partner Inc","operator":"Mere General Partner Inc","agency":"CanWEA","period":"201612","sourceUrl":"https://open.canada.ca/data/en/dataset/490db619-ab58-4a2a-a245-2376ce1840de","sourceTitle":"Renewable Energy Power Plants, 1 MW or more","licence":"Open Government Licence - Canada","vintage":"201612"}},{"type":"Feature","geometry":{"type":"Point","coordinates":[-76.90735,45.19569]},"properties":{"id":"nacei-5884","kind":"plant","cat":"hydro","name":"Mountain Chute","province":"Ontario","place":"Ompah","mw":170,"renewMw":170,"totalMw":170,"hydroMw":170,"pumpedMw":0,"solarMw":0,"windMw":0,"geoMw":0,"bioMw":0,"tidalMw":0,"owner":"","operator":"Ontario Power Generation Inc","agency":"OPG","period":"201708","sourceUrl":"https://open.canada.ca/data/en/dataset/490db619-ab58-4a2a-a245-2376ce1840de","sourceTitle":"Renewable Energy Power Plants, 1 MW or more","licence":"Open Government Licence - Canada","vintage":"201708"}},{"type":"Feature","geometry":{"type":"Point","coordinates":[-61.43433,45.62066]},"properties":{"id":"nacei-5885","kind":"plant","cat":"wind","name":"Mulgrave","province":"Nova Scotia","place":"Mulgrave","mw":2.3,"renewMw":2.3,"totalMw":2.3,"hydroMw":0,"pumpedMw":0,"solarMw":0,"windMw":2.3,"geoMw":0,"bioMw":0,"tidalMw":0,"owner":"","operator":"Black River Wind Ltd","agency":"CanWEA","period":"201612","sourceUrl":"https://open.canada.ca/data/en/dataset/490db619-ab58-4a2a-a245-2376ce1840de","sourceTitle":"Renewable Energy Power Plants, 1 MW or more","licence":"Open Government Licence - Canada","vintage":"201612"}},{"type":"Feature","geometry":{"type":"Point","coordinates":[-71.21318,48.45203]},"properties":{"id":"nacei-5886","kind":"plant","cat":"hydro","name":"Murdock-Wilson","province":"Québec","place":"Saguenay","mw":61.2,"renewMw":61.2,"totalMw":61.2,"hydroMw":61.2,"pumpedMw":0,"solarMw":0,"windMw":0,"geoMw":0,"bioMw":0,"tidalMw":0,"owner":"Hydro Saguenay","operator":"Hydro Saguenay","agency":"MERN","period":"201708","sourceUrl":"https://open.canada.ca/data/en/dataset/490db619-ab58-4a2a-a245-2376ce1840de","sourceTitle":"Renewable Energy Power Plants, 1 MW or more","licence":"Open Government Licence - Canada","vintage":"201708"}},{"type":"Feature","geometry":{"type":"Point","coordinates":[-81.57337,46.34397]},"properties":{"id":"nacei-5887","kind":"plant","cat":"hydro","name":"Nairn","province":"Ontario","place":"Nairn and Hyman","mw":4.5,"renewMw":4.5,"totalMw":4.5,"hydroMw":4.5,"pumpedMw":0,"solarMw":0,"windMw":0,"geoMw":0,"bioMw":0,"tidalMw":0,"owner":"","operator":"Inco Ltd","agency":"Statistics Canada","period":"2000","sourceUrl":"https://open.canada.ca/data/en/dataset/490db619-ab58-4a2a-a245-2376ce1840de","sourceTitle":"Renewable Energy Power Plants, 1 MW or more","licence":"Open Government Licence - Canada","vintage":"2000"}},{"type":"Feature","geometry":{"type":"Point","coordinates":[-88.00487,49.68258]},"properties":{"id":"nacei-5888","kind":"plant","cat":"hydro","name":"Namewaminikan","province":"Ontario","place":"Beardmore","mw":10,"renewMw":10,"totalMw":10,"hydroMw":10,"pumpedMw":0,"solarMw":0,"windMw":0,"geoMw":0,"bioMw":0,"tidalMw":0,"owner":"Namewaminikan Hydro Inc","operator":"Namewaminikan Hydro Inc","agency":"IESO","period":"201703","sourceUrl":"https://open.canada.ca/data/en/dataset/490db619-ab58-4a2a-a245-2376ce1840de","sourceTitle":"Renewable Energy Power Plants, 1 MW or more","licence":"Open Government Licence - Canada","vintage":"201703"}},{"type":"Feature","geometry":{"type":"Point","coordinates":[-76.70822,44.2175]},"properties":{"id":"nacei-5889","kind":"plant","cat":"solar","name":"Napanee TS Taylor Kidd","province":"Ontario","place":"Kingston","mw":10,"renewMw":10,"totalMw":10,"hydroMw":0,"pumpedMw":0,"solarMw":10,"windMw":0,"geoMw":0,"bioMw":0,"tidalMw":0,"owner":"Sune Taylor Kidd LP","operator":"Sune Taylor Kidd LP","agency":"IESO","period":"201703","sourceUrl":"https://open.canada.ca/data/en/dataset/490db619-ab58-4a2a-a245-2376ce1840de","sourceTitle":"Renewable Energy Power Plants, 1 MW or more","licence":"Open Government Licence - Canada","vintage":"201703"}},{"type":"Feature","geometry":{"type":"Point","coordinates":[-81.73283,42.95644]},"properties":{"id":"nacei-5890","kind":"plant","cat":"wind","name":"Napier Wind","province":"Ontario","place":"Kerwood","mw":4.1,"renewMw":4.1,"totalMw":4.1,"hydroMw":0,"pumpedMw":0,"solarMw":0,"windMw":4.1,"geoMw":0,"bioMw":0,"tidalMw":0,"owner":"WPD Napier Wind Inc","operator":"WPD Napier Wind Inc","agency":"CanWEA","period":"201612","sourceUrl":"https://open.canada.ca/data/en/dataset/490db619-ab58-4a2a-a245-2376ce1840de","sourceTitle":"Renewable Energy Power Plants, 1 MW or more","licence":"Open Government Licence - Canada","vintage":"201612"}},{"type":"Feature","geometry":{"type":"Point","coordinates":[-82.81045,42.19407]},"properties":{"id":"nacei-5891","kind":"plant","cat":"wind","name":"Naylor","province":"Ontario","place":"Lakeshore","mw":10,"renewMw":10,"totalMw":10,"hydroMw":0,"pumpedMw":0,"solarMw":0,"windMw":10,"geoMw":0,"bioMw":0,"tidalMw":0,"owner":"","operator":"Gengrowth LP1","agency":"CanWEA","period":"201612","sourceUrl":"https://open.canada.ca/data/en/dataset/490db619-ab58-4a2a-a245-2376ce1840de","sourceTitle":"Renewable Energy Power Plants, 1 MW or more","licence":"Open Government Licence - Canada","vintage":"201612"}},{"type":"Feature","geometry":{"type":"Point","coordinates":[-124.05133,54.01472]},"properties":{"id":"nacei-5892","kind":"plant","cat":"biomass","name":"Nechako Lumber","province":"British Columbia","place":"Vanderhoof","mw":1.8,"renewMw":1.8,"totalMw":1.8,"hydroMw":0,"pumpedMw":0,"solarMw":0,"windMw":0,"geoMw":0,"bioMw":1.8,"tidalMw":0,"owner":"Nechako Lumber Co. Ltd","operator":"","agency":"NRCan Fact Book 2015","period":"201512","sourceUrl":"https://open.canada.ca/data/en/dataset/490db619-ab58-4a2a-a245-2376ce1840de","sourceTitle":"Renewable Energy Power Plants, 1 MW or more","licence":"Open Government Licence - Canada","vintage":"201512"}},{"type":"Feature","geometry":{"type":"Point","coordinates":[-65.79182,47.40553]},"properties":{"id":"nacei-5893","kind":"plant","cat":"hydro","name":"Nepisiguit Falls","province":"New Brunswick","place":"Nepisiguit Falls","mw":11,"renewMw":11,"totalMw":11,"hydroMw":11,"pumpedMw":0,"solarMw":0,"windMw":0,"geoMw":0,"bioMw":0,"tidalMw":0,"owner":"","operator":"NB Power Corp","agency":"NB Power","period":"201707","sourceUrl":"https://open.canada.ca/data/en/dataset/490db619-ab58-4a2a-a245-2376ce1840de","sourceTitle":"Renewable Energy Power Plants, 1 MW or more","licence":"Open Government Licence - Canada","vintage":"201707"}},{"type":"Feature","geometry":{"type":"Point","coordinates":[-53.21036,48.02919]},"properties":{"id":"nacei-5894","kind":"plant","cat":"hydro","name":"New Chelsea","province":"Newfoundland and Labrador","place":"New Chelsea Brook","mw":3.7,"renewMw":3.7,"totalMw":3.7,"hydroMw":3.7,"pumpedMw":0,"solarMw":0,"windMw":0,"geoMw":0,"bioMw":0,"tidalMw":0,"owner":"","operator":"Newfoundland Light & Power Co Ltd","agency":"Government of Newfoundland and Labrador","period":"201409","sourceUrl":"https://open.canada.ca/data/en/dataset/490db619-ab58-4a2a-a245-2376ce1840de","sourceTitle":"Renewable Energy Power Plants, 1 MW or more","licence":"Open Government Licence - Canada","vintage":"201409"}},{"type":"Feature","geometry":{"type":"Point","coordinates":[-62.6099,45.50566]},"properties":{"id":"nacei-5895","kind":"plant","cat":"wind","name":"New Glasgow (Watts Wind II)","province":"Nova Scotia","place":"","mw":6.4,"renewMw":6.4,"totalMw":6.4,"hydroMw":0,"pumpedMw":0,"solarMw":0,"windMw":6.4,"geoMw":0,"bioMw":0,"tidalMw":0,"owner":"","operator":"","agency":"CanWEA","period":"201612","sourceUrl":"https://open.canada.ca/data/en/dataset/490db619-ab58-4a2a-a245-2376ce1840de","sourceTitle":"Renewable Energy Power Plants, 1 MW or more","licence":"Open Government Licence - Canada","vintage":"201612"}},{"type":"Feature","geometry":{"type":"Point","coordinates":[-65.71659,48.19986]},"properties":{"id":"nacei-5896","kind":"plant","cat":"wind","name":"New Richmond","province":"Québec","place":"New Richmond","mw":67.8,"renewMw":67.8,"totalMw":67.8,"hydroMw":0,"pumpedMw":0,"solarMw":0,"windMw":67.8,"geoMw":0,"bioMw":0,"tidalMw":0,"owner":"TransAlta (100%)","operator":"TransAlta (100%)","agency":"CanWEA","period":"201612","sourceUrl":"https://open.canada.ca/data/en/dataset/490db619-ab58-4a2a-a245-2376ce1840de","sourceTitle":"Renewable Energy Power Plants, 1 MW or more","licence":"Open Government Licence - Canada","vintage":"201612"}},{"type":"Feature","geometry":{"type":"Point","coordinates":[-65.02989,44.90906]},"properties":{"id":"nacei-5897","kind":"plant","cat":"hydro","name":"Nictaux","province":"Nova Scotia","place":"Nictaix River","mw":7.2,"renewMw":7.2,"totalMw":7.2,"hydroMw":7.2,"pumpedMw":0,"solarMw":0,"windMw":0,"geoMw":0,"bioMw":0,"tidalMw":0,"owner":"","operator":"Nova Scotia Power Inc","agency":"Statistics Canada","period":"2000","sourceUrl":"https://open.canada.ca/data/en/dataset/490db619-ab58-4a2a-a245-2376ce1840de","sourceTitle":"Renewable Energy Power Plants, 1 MW or more","licence":"Open Government Licence - Canada","vintage":"2000"}},{"type":"Feature","geometry":{"type":"Point","coordinates":[-63.65518,45.0222]},"properties":{"id":"nacei-5898","kind":"plant","cat":"wind","name":"Nine Mile River","province":"Nova Scotia","place":"","mw":4,"renewMw":4,"totalMw":4,"hydroMw":0,"pumpedMw":0,"solarMw":0,"windMw":4,"geoMw":0,"bioMw":0,"tidalMw":0,"owner":"","operator":"","agency":"CanWEA","period":"201612","sourceUrl":"https://open.canada.ca/data/en/dataset/490db619-ab58-4a2a-a245-2376ce1840de","sourceTitle":"Renewable Energy Power Plants, 1 MW or more","licence":"Open Government Licence - Canada","vintage":"201612"}},{"type":"Feature","geometry":{"type":"Point","coordinates":[-104.04308,53.32095]},"properties":{"id":"nacei-5899","kind":"plant","cat":"hydro","name":"Nipawin","province":"Saskatchewan","place":"Codette","mw":255,"renewMw":255,"totalMw":255,"hydroMw":255,"pumpedMw":0,"solarMw":0,"windMw":0,"geoMw":0,"bioMw":0,"tidalMw":0,"owner":"Saskatchewan Power Corp","operator":"Saskatchewan Power Corp","agency":"SaskPower","period":"201612","sourceUrl":"https://open.canada.ca/data/en/dataset/490db619-ab58-4a2a-a245-2376ce1840de","sourceTitle":"Renewable Energy Power Plants, 1 MW or more","licence":"Open Government Licence - Canada","vintage":"201612"}},{"type":"Feature","geometry":{"type":"Point","coordinates":[-79.47962,46.09671]},"properties":{"id":"nacei-5900","kind":"plant","cat":"hydro","name":"Nipissing","province":"Ontario","place":"South River","mw":2,"renewMw":2,"totalMw":2,"hydroMw":2,"pumpedMw":0,"solarMw":0,"windMw":0,"geoMw":0,"bioMw":0,"tidalMw":0,"owner":"","operator":"Ontario Power Generation Inc","agency":"OPG","period":"201708","sourceUrl":"https://open.canada.ca/data/en/dataset/490db619-ab58-4a2a-a245-2376ce1840de","sourceTitle":"Renewable Energy Power Plants, 1 MW or more","licence":"Open Government Licence - Canada","vintage":"201708"}},{"type":"Feature","geometry":{"type":"Point","coordinates":[-80.29724,42.87451]},"properties":{"id":"nacei-5901","kind":"plant","cat":"solar","name":"Norfolk Bloomsburg","province":"Ontario","place":"Simcoe","mw":10,"renewMw":10,"totalMw":10,"hydroMw":0,"pumpedMw":0,"solarMw":10,"windMw":0,"geoMw":0,"bioMw":0,"tidalMw":0,"owner":"Sune Norfolk Bloomsburg LP","operator":"Sune Norfolk Bloomsburg LP","agency":"IESO","period":"201703","sourceUrl":"https://open.canada.ca/data/en/dataset/490db619-ab58-4a2a-a245-2376ce1840de","sourceTitle":"Renewable Energy Power Plants, 1 MW or more","licence":"Open Government Licence - Canada","vintage":"201703"}},{"type":"Feature","geometry":{"type":"Point","coordinates":[-94.52425,49.77172]},"properties":{"id":"nacei-5902","kind":"plant","cat":"hydro","name":"Norman","province":"Ontario","place":"Kenora","mw":9.5,"renewMw":9.5,"totalMw":9.5,"hydroMw":9.5,"pumpedMw":0,"solarMw":0,"windMw":0,"geoMw":0,"bioMw":0,"tidalMw":0,"owner":"H2O Power LP","operator":"H2O Power LP","agency":"IESO","period":"201703","sourceUrl":"https://open.canada.ca/data/en/dataset/490db619-ab58-4a2a-a245-2376ce1840de","sourceTitle":"Renewable Energy Power Plants, 1 MW or more","licence":"Open Government Licence - Canada","vintage":"201703"}},{"type":"Feature","geometry":{"type":"Point","coordinates":[-63.68152,44.91551]},"properties":{"id":"nacei-5903","kind":"plant","cat":"wind","name":"North Beaverbank","province":"Nova Scotia","place":"","mw":8,"renewMw":8,"totalMw":8,"hydroMw":0,"pumpedMw":0,"solarMw":0,"windMw":8,"geoMw":0,"bioMw":0,"tidalMw":0,"owner":"","operator":"","agency":"CanWEA","period":"201612","sourceUrl":"https://open.canada.ca/data/en/dataset/490db619-ab58-4a2a-a245-2376ce1840de","sourceTitle":"Renewable Energy Power Plants, 1 MW or more","licence":"Open Government Licence - Canada","vintage":"201612"}},{"type":"Feature","geometry":{"type":"Point","coordinates":[-63.99499,47.04851]},"properties":{"id":"nacei-5904","kind":"plant","cat":"wind","name":"North Cape","province":"Prince Edward Island","place":"North Cape","mw":10.6,"renewMw":10.6,"totalMw":10.6,"hydroMw":0,"pumpedMw":0,"solarMw":0,"windMw":10.6,"geoMw":0,"bioMw":0,"tidalMw":0,"owner":"PEI Energy Corp","operator":"PEI Energy Corp","agency":"CanWEA","period":"201612","sourceUrl":"https://open.canada.ca/data/en/dataset/490db619-ab58-4a2a-a245-2376ce1840de","sourceTitle":"Renewable Energy Power Plants, 1 MW or more","licence":"Open Government Licence - Canada","vintage":"201612"}},{"type":"Feature","geometry":{"type":"Point","coordinates":[-82.84784,42.15379]},"properties":{"id":"nacei-5905","kind":"plant","cat":"wind","name":"North Maiden","province":"Ontario","place":"Essex","mw":10,"renewMw":10,"totalMw":10,"hydroMw":0,"pumpedMw":0,"solarMw":0,"windMw":10,"geoMw":0,"bioMw":0,"tidalMw":0,"owner":"","operator":"Gengrowth LP1","agency":"CanWEA","period":"201612","sourceUrl":"https://open.canada.ca/data/en/dataset/490db619-ab58-4a2a-a245-2376ce1840de","sourceTitle":"Renewable Energy Power Plants, 1 MW or more","licence":"Open Government Licence - Canada","vintage":"201612"}},{"type":"Feature","geometry":{"type":"Point","coordinates":[-62.7183,45.6533]},"properties":{"id":"nacei-5906","kind":"plant","cat":"biomass","name":"Northern Pulp Nova Scotia Pictou Mill","province":"Nova Scotia","place":"Pictou County","mw":26,"renewMw":26,"totalMw":26,"hydroMw":0,"pumpedMw":0,"solarMw":0,"windMw":0,"geoMw":0,"bioMw":26,"tidalMw":0,"owner":"","operator":"Paper Excellence Canada Holdings","agency":"Canadian Bioenergy Association","period":"201512","sourceUrl":"https://open.canada.ca/data/en/dataset/490db619-ab58-4a2a-a245-2376ce1840de","sourceTitle":"Renewable Energy Power Plants, 1 MW or more","licence":"Open Government Licence - Canada","vintage":"201512"}},{"type":"Feature","geometry":{"type":"Point","coordinates":[-79.42618,45.60805]},"properties":{"id":"nacei-5907","kind":"plant","cat":"solar","name":"Northland Power Burks Falls West","province":"Ontario","place":"Burks Falls","mw":10,"renewMw":10,"totalMw":10,"hydroMw":0,"pumpedMw":0,"solarMw":10,"windMw":0,"geoMw":0,"bioMw":0,"tidalMw":0,"owner":"Northland Power Solar Burks Falls West LP","operator":"Northland Power Solar Burks Falls West LP","agency":"IESO","period":"201703","sourceUrl":"https://open.canada.ca/data/en/dataset/490db619-ab58-4a2a-a245-2376ce1840de","sourceTitle":"Renewable Energy Power Plants, 1 MW or more","licence":"Open Government Licence - Canada","vintage":"201703"}},{"type":"Feature","geometry":{"type":"Point","coordinates":[-80.97173,49.14436]},"properties":{"id":"nacei-5908","kind":"plant","cat":"solar","name":"Northland Power Solar Abitibi","province":"Ontario","place":"Cochrane","mw":10,"renewMw":10,"totalMw":10,"hydroMw":0,"pumpedMw":0,"solarMw":10,"windMw":0,"geoMw":0,"bioMw":0,"tidalMw":0,"owner":"Northland Power Solar Abitibi LP","operator":"Northland Power Solar Abitibi LP","agency":"IESO","period":"201703","sourceUrl":"https://open.canada.ca/data/en/dataset/490db619-ab58-4a2a-a245-2376ce1840de","sourceTitle":"Renewable Energy Power Plants, 1 MW or more","licence":"Open Government Licence - Canada","vintage":"201703"}},{"type":"Feature","geometry":{"type":"Point","coordinates":[-77.33155,44.05904]},"properties":{"id":"nacei-5909","kind":"plant","cat":"solar","name":"Northland Power Solar Belleville North","province":"Ontario","place":"Ameliasburgh","mw":10,"renewMw":10,"totalMw":10,"hydroMw":0,"pumpedMw":0,"solarMw":10,"windMw":0,"geoMw":0,"bioMw":0,"tidalMw":0,"owner":"Northland Power Solar Belleville North LP","operator":"Northland Power Solar Belleville North LP","agency":"IESO","period":"201703","sourceUrl":"https://open.canada.ca/data/en/dataset/490db619-ab58-4a2a-a245-2376ce1840de","sourceTitle":"Renewable Energy Power Plants, 1 MW or more","licence":"Open Government Licence - Canada","vintage":"201703"}},{"type":"Feature","geometry":{"type":"Point","coordinates":[-77.31509,44.06605]},"properties":{"id":"nacei-5910","kind":"plant","cat":"solar","name":"Northland Power Solar Belleville South","province":"Ontario","place":"Ameliasburgh","mw":10,"renewMw":10,"totalMw":10,"hydroMw":0,"pumpedMw":0,"solarMw":10,"windMw":0,"geoMw":0,"bioMw":0,"tidalMw":0,"owner":"Northland Power Solar Belleville South LP","operator":"Northland Power Solar Belleville South LP","agency":"IESO","period":"201703","sourceUrl":"https://open.canada.ca/data/en/dataset/490db619-ab58-4a2a-a245-2376ce1840de","sourceTitle":"Renewable Energy Power Plants, 1 MW or more","licence":"Open Government Licence - Canada","vintage":"201703"}},{"type":"Feature","geometry":{"type":"Point","coordinates":[-79.35722,45.61196]},"properties":{"id":"nacei-5911","kind":"plant","cat":"solar","name":"Northland Power Solar Burks Falls East","province":"Ontario","place":"Burks Falls","mw":10,"renewMw":10,"totalMw":10,"hydroMw":0,"pumpedMw":0,"solarMw":10,"windMw":0,"geoMw":0,"bioMw":0,"tidalMw":0,"owner":"Northland Power Solar Burks Falls East LP","operator":"Northland Power Solar Burks Falls East LP","agency":"IESO","period":"201703","sourceUrl":"https://open.canada.ca/data/en/dataset/490db619-ab58-4a2a-a245-2376ce1840de","sourceTitle":"Renewable Energy Power Plants, 1 MW or more","licence":"Open Government Licence - Canada","vintage":"201703"}},{"type":"Feature","geometry":{"type":"Point","coordinates":[-76.30441,44.67072]},"properties":{"id":"nacei-5912","kind":"plant","cat":"solar","name":"Northland Power Solar Crosby","province":"Ontario","place":"Portland","mw":10,"renewMw":10,"totalMw":10,"hydroMw":0,"pumpedMw":0,"solarMw":10,"windMw":0,"geoMw":0,"bioMw":0,"tidalMw":0,"owner":"Northland Power Solar Crosby LP","operator":"Northland Power Solar Crosby LP","agency":"IESO","period":"201703","sourceUrl":"https://open.canada.ca/data/en/dataset/490db619-ab58-4a2a-a245-2376ce1840de","sourceTitle":"Renewable Energy Power Plants, 1 MW or more","licence":"Open Government Licence - Canada","vintage":"201703"}},{"type":"Feature","geometry":{"type":"Point","coordinates":[-80.99149,49.12584]},"properties":{"id":"nacei-5913","kind":"plant","cat":"solar","name":"Northland Power Solar Empire","province":"Ontario","place":"Cochrane","mw":10,"renewMw":10,"totalMw":10,"hydroMw":0,"pumpedMw":0,"solarMw":10,"windMw":0,"geoMw":0,"bioMw":0,"tidalMw":0,"owner":"Northland Power Solar Empire LP","operator":"Northland Power Solar Empire LP","agency":"IESO","period":"201703","sourceUrl":"https://open.canada.ca/data/en/dataset/490db619-ab58-4a2a-a245-2376ce1840de","sourceTitle":"Renewable Energy Power Plants, 1 MW or more","licence":"Open Government Licence - Canada","vintage":"201703"}},{"type":"Feature","geometry":{"type":"Point","coordinates":[-74.71672,45.09648]},"properties":{"id":"nacei-5914","kind":"plant","cat":"solar","name":"Northland Power Solar Glendale","province":"Ontario","place":"Cornwall","mw":10,"renewMw":10,"totalMw":10,"hydroMw":0,"pumpedMw":0,"solarMw":10,"windMw":0,"geoMw":0,"bioMw":0,"tidalMw":0,"owner":"Northland Power Solar Glendale LP","operator":"Northland Power Solar Glendale LP","agency":"IESO","period":"201703","sourceUrl":"https://open.canada.ca/data/en/dataset/490db619-ab58-4a2a-a245-2376ce1840de","sourceTitle":"Renewable Energy Power Plants, 1 MW or more","licence":"Open Government Licence - Canada","vintage":"201703"}},{"type":"Feature","geometry":{"type":"Point","coordinates":[-81.28537,49.14016]},"properties":{"id":"nacei-5915","kind":"plant","cat":"solar","name":"Northland Power Solar Long Lake","province":"Ontario","place":"Hunta","mw":10,"renewMw":10,"totalMw":10,"hydroMw":0,"pumpedMw":0,"solarMw":10,"windMw":0,"geoMw":0,"bioMw":0,"tidalMw":0,"owner":"Northland Power Solar Long Lake LP","operator":"Northland Power Solar Long Lake LP","agency":"IESO","period":"201703","sourceUrl":"https://open.canada.ca/data/en/dataset/490db619-ab58-4a2a-a245-2376ce1840de","sourceTitle":"Renewable Energy Power Plants, 1 MW or more","licence":"Open Government Licence - Canada","vintage":"201703"}},{"type":"Feature","geometry":{"type":"Point","coordinates":[-80.98885,49.14328]},"properties":{"id":"nacei-5916","kind":"plant","cat":"solar","name":"Northland Power Solar Martin's Meadows","province":"Ontario","place":"Cochrane","mw":10,"renewMw":10,"totalMw":10,"hydroMw":0,"pumpedMw":0,"solarMw":10,"windMw":0,"geoMw":0,"bioMw":0,"tidalMw":0,"owner":"Northland Power Solar Martin's Meadows LP","operator":"Northland Power Solar Martin's Meadows LP","agency":"IESO","period":"201703","sourceUrl":"https://open.canada.ca/data/en/dataset/490db619-ab58-4a2a-a245-2376ce1840de","sourceTitle":"Renewable Energy Power Plants, 1 MW or more","licence":"Open Government Licence - Canada","vintage":"201703"}},{"type":"Feature","geometry":{"type":"Point","coordinates":[-76.27265,44.68244]},"properties":{"id":"nacei-5917","kind":"plant","cat":"solar","name":"Northland Power Solar Mccann LP","province":"Ontario","place":"Westport","mw":10,"renewMw":10,"totalMw":10,"hydroMw":0,"pumpedMw":0,"solarMw":10,"windMw":0,"geoMw":0,"bioMw":0,"tidalMw":0,"owner":"Northland Power Solar Mccann LP","operator":"Northland Power Solar Mccann LP","agency":"IESO","period":"201703","sourceUrl":"https://open.canada.ca/data/en/dataset/490db619-ab58-4a2a-a245-2376ce1840de","sourceTitle":"Renewable Energy Power Plants, 1 MW or more","licence":"Open Government Licence - Canada","vintage":"201703"}},{"type":"Feature","geometry":{"type":"Point","coordinates":[-76.30697,44.82055]},"properties":{"id":"nacei-5918","kind":"plant","cat":"solar","name":"Northland Power Solar North Burgess","province":"Ontario","place":"Perth","mw":10,"renewMw":10,"totalMw":10,"hydroMw":0,"pumpedMw":0,"solarMw":10,"windMw":0,"geoMw":0,"bioMw":0,"tidalMw":0,"owner":"Northland Power Solar North Burgess LP","operator":"Northland Power Solar North Burgess LP","agency":"IESO","period":"201703","sourceUrl":"https://open.canada.ca/data/en/dataset/490db619-ab58-4a2a-a245-2376ce1840de","sourceTitle":"Renewable Energy Power Plants, 1 MW or more","licence":"Open Government Licence - Canada","vintage":"201703"}},{"type":"Feature","geometry":{"type":"Point","coordinates":[-76.27396,44.66922]},"properties":{"id":"nacei-5919","kind":"plant","cat":"solar","name":"Northland Power Solar Rideau Lakes","province":"Ontario","place":"Portland","mw":10,"renewMw":10,"totalMw":10,"hydroMw":0,"pumpedMw":0,"solarMw":10,"windMw":0,"geoMw":0,"bioMw":0,"tidalMw":0,"owner":"Northland Power Solar Rideau Lakes LP","operator":"Northland Power Solar Rideau Lakes LP","agency":"IESO","period":"201703","sourceUrl":"https://open.canada.ca/data/en/dataset/490db619-ab58-4a2a-a245-2376ce1840de","sourceTitle":"Renewable Energy Power Plants, 1 MW or more","licence":"Open Government Licence - Canada","vintage":"201703"}},{"type":"Feature","geometry":{"type":"Point","coordinates":[-122.46253,49.62806]},"properties":{"id":"nacei-5920","kind":"plant","cat":"hydro","name":"Northwest Stave River","province":"British Columbia","place":"Mission","mw":17.5,"renewMw":17.5,"totalMw":17.5,"hydroMw":17.5,"pumpedMw":0,"solarMw":0,"windMw":0,"geoMw":0,"bioMw":0,"tidalMw":0,"owner":"Innergex Inc","operator":"Innergex Inc","agency":"Innergex","period":"201708","sourceUrl":"https://open.canada.ca/data/en/dataset/490db619-ab58-4a2a-a245-2376ce1840de","sourceTitle":"Renewable Energy Power Plants, 1 MW or more","licence":"Open Government Licence - Canada","vintage":"201708"}},{"type":"Feature","geometry":{"type":"Point","coordinates":[-122.69364,53.97919]},"properties":{"id":"nacei-5921","kind":"plant","cat":"biomass","name":"Northwood Green Power","province":"British Columbia","place":"Prince George","mw":63,"renewMw":63,"totalMw":63,"hydroMw":0,"pumpedMw":0,"solarMw":0,"windMw":0,"geoMw":0,"bioMw":63,"tidalMw":0,"owner":"","operator":"Canfor Pulp Ltd","agency":"BC Hydro IPP supply","period":"201704","sourceUrl":"https://open.canada.ca/data/en/dataset/490db619-ab58-4a2a-a245-2376ce1840de","sourceTitle":"Renewable Energy Power Plants, 1 MW or more","licence":"Open Government Licence - Canada","vintage":"201704"}},{"type":"Feature","geometry":{"type":"Point","coordinates":[-64.02056,47.00778]},"properties":{"id":"nacei-5922","kind":"plant","cat":"wind","name":"Norway","province":"Prince Edward Island","place":"Norway","mw":9,"renewMw":9,"totalMw":9,"hydroMw":0,"pumpedMw":0,"solarMw":0,"windMw":9,"geoMw":0,"bioMw":0,"tidalMw":0,"owner":"Suez Renewable Energy","operator":"Suez Renewable Energy","agency":"CanWEA","period":"201612","sourceUrl":"https://open.canada.ca/data/en/dataset/490db619-ab58-4a2a-a245-2376ce1840de","sourceTitle":"Renewable Energy Power Plants, 1 MW or more","licence":"Open Government Licence - Canada","vintage":"201612"}},{"type":"Feature","geometry":{"type":"Point","coordinates":[-63.21944,45.5599]},"properties":{"id":"nacei-5923","kind":"plant","cat":"wind","name":"Nuttby Mountain","province":"Nova Scotia","place":"","mw":50.6,"renewMw":50.6,"totalMw":50.6,"hydroMw":0,"pumpedMw":0,"solarMw":0,"windMw":50.6,"geoMw":0,"bioMw":0,"tidalMw":0,"owner":"","operator":"Nova Scotia Power Inc","agency":"CanWEA","period":"201612","sourceUrl":"https://open.canada.ca/data/en/dataset/490db619-ab58-4a2a-a245-2376ce1840de","sourceTitle":"Renewable Energy Power Plants, 1 MW or more","licence":"Open Government Licence - Canada","vintage":"201612"}},{"type":"Feature","geometry":{"type":"Point","coordinates":[-127.68615,52.35108]},"properties":{"id":"nacei-5924","kind":"plant","cat":"hydro","name":"Ocean Falls","province":"British Columbia","place":"Link Lake","mw":15,"renewMw":15,"totalMw":15,"hydroMw":15,"pumpedMw":0,"solarMw":0,"windMw":0,"geoMw":0,"bioMw":0,"tidalMw":0,"owner":"","operator":"Boralex Ocean Falls LP","agency":"BC Hydro IPP supply","period":"201704","sourceUrl":"https://open.canada.ca/data/en/dataset/490db619-ab58-4a2a-a245-2376ce1840de","sourceTitle":"Renewable Energy Power Plants, 1 MW or more","licence":"Open Government Licence - Canada","vintage":"201704"}},{"type":"Feature","geometry":{"type":"Point","coordinates":[-80.01445,46.12376]},"properties":{"id":"nacei-5925","kind":"plant","cat":"hydro","name":"Okikendawt","province":"Ontario","place":"Monetville","mw":10,"renewMw":10,"totalMw":10,"hydroMw":10,"pumpedMw":0,"solarMw":0,"windMw":0,"geoMw":0,"bioMw":0,"tidalMw":0,"owner":"Okikendawt Hydro LP","operator":"Okikendawt Hydro LP","agency":"IESO","period":"201703","sourceUrl":"https://open.canada.ca/data/en/dataset/490db619-ab58-4a2a-a245-2376ce1840de","sourceTitle":"Renewable Energy Power Plants, 1 MW or more","licence":"Open Government Licence - Canada","vintage":"201703"}},{"type":"Feature","geometry":{"type":"Point","coordinates":[-113.85344,49.57077]},"properties":{"id":"nacei-5926","kind":"plant","cat":"wind","name":"Old Man 2","province":"Alberta","place":"Pincher Creek","mw":46,"renewMw":46,"totalMw":46,"hydroMw":0,"pumpedMw":0,"solarMw":0,"windMw":46,"geoMw":0,"bioMw":0,"tidalMw":0,"owner":"Mainstream","operator":"Mainstream","agency":"CanWEA","period":"201612","sourceUrl":"https://open.canada.ca/data/en/dataset/490db619-ab58-4a2a-a245-2376ce1840de","sourceTitle":"Renewable Energy Power Plants, 1 MW or more","licence":"Open Government Licence - Canada","vintage":"201612"}},{"type":"Feature","geometry":{"type":"Point","coordinates":[-113.87024,49.57772]},"properties":{"id":"nacei-5927","kind":"plant","cat":"wind","name":"Old Man River","province":"Alberta","place":"Old Man River","mw":3.6,"renewMw":3.6,"totalMw":3.6,"hydroMw":0,"pumpedMw":0,"solarMw":0,"windMw":3.6,"geoMw":0,"bioMw":0,"tidalMw":0,"owner":"","operator":"","agency":"CanWEA","period":"201612","sourceUrl":"https://open.canada.ca/data/en/dataset/490db619-ab58-4a2a-a245-2376ce1840de","sourceTitle":"Renewable Energy Power Plants, 1 MW or more","licence":"Open Government Licence - Canada","vintage":"201612"}},{"type":"Feature","geometry":{"type":"Point","coordinates":[-82.71356,49.16506]},"properties":{"id":"nacei-5928","kind":"plant","cat":"hydro","name":"Old Woman Falls","province":"Ontario","place":"Kapuskasing","mw":5.5,"renewMw":5.5,"totalMw":5.5,"hydroMw":5.5,"pumpedMw":0,"solarMw":0,"windMw":0,"geoMw":0,"bioMw":0,"tidalMw":0,"owner":"Nipiy-Owf Hydrokap LP","operator":"Nipiy-Owf Hydrokap LP","agency":"IESO","period":"201703","sourceUrl":"https://open.canada.ca/data/en/dataset/490db619-ab58-4a2a-a245-2376ce1840de","sourceTitle":"Renewable Energy Power Plants, 1 MW or more","licence":"Open Government Licence - Canada","vintage":"201703"}},{"type":"Feature","geometry":{"type":"Point","coordinates":[-113.89604,49.56101]},"properties":{"id":"nacei-5929","kind":"plant","cat":"hydro","name":"Oldman River","province":"Alberta","place":"Pincher Creek","mw":32,"renewMw":32,"totalMw":32,"hydroMw":32,"pumpedMw":0,"solarMw":0,"windMw":0,"geoMw":0,"bioMw":0,"tidalMw":0,"owner":"ATCO Power","operator":"ATCO Power","agency":"Alberta Energy","period":"201708","sourceUrl":"https://open.canada.ca/data/en/dataset/490db619-ab58-4a2a-a245-2376ce1840de","sourceTitle":"Renewable Energy Power Plants, 1 MW or more","licence":"Open Government Licence - Canada","vintage":"201708"}},{"type":"Feature","geometry":{"type":"Point","coordinates":[-79.07398,43.81229]},"properties":{"id":"nacei-5930","kind":"plant","cat":"wind","name":"OPG 7 Gomberg","province":"Ontario","place":"Pickering","mw":1.8,"renewMw":1.8,"totalMw":1.8,"hydroMw":0,"pumpedMw":0,"solarMw":0,"windMw":1.8,"geoMw":0,"bioMw":0,"tidalMw":0,"owner":"","operator":"Ontario Power Generation Inc","agency":"CanWEA","period":"201612","sourceUrl":"https://open.canada.ca/data/en/dataset/490db619-ab58-4a2a-a245-2376ce1840de","sourceTitle":"Renewable Energy Power Plants, 1 MW or more","licence":"Open Government Licence - Canada","vintage":"201612"}},{"type":"Feature","geometry":{"type":"Point","coordinates":[-114.0538,49.53116]},"properties":{"id":"nacei-5931","kind":"plant","cat":"wind","name":"Optimist","province":"Alberta","place":"Pincher Creek","mw":1,"renewMw":1,"totalMw":1,"hydroMw":0,"pumpedMw":0,"solarMw":0,"windMw":1,"geoMw":0,"bioMw":0,"tidalMw":0,"owner":"","operator":"","agency":"CanWEA","period":"201612","sourceUrl":"https://open.canada.ca/data/en/dataset/490db619-ab58-4a2a-a245-2376ce1840de","sourceTitle":"Renewable Energy Power Plants, 1 MW or more","licence":"Open Government Licence - Canada","vintage":"201612"}},{"type":"Feature","geometry":{"type":"Point","coordinates":[-79.49808,44.58251]},"properties":{"id":"nacei-5932","kind":"plant","cat":"solar","name":"Orillia 1","province":"Ontario","place":"Hawkestone","mw":10,"renewMw":10,"totalMw":10,"hydroMw":0,"pumpedMw":0,"solarMw":10,"windMw":0,"geoMw":0,"bioMw":0,"tidalMw":0,"owner":"Met Fiera Solar Orillia 1 LP","operator":"Met Fiera Solar Orillia 1 LP","agency":"IESO","period":"201703","sourceUrl":"https://open.canada.ca/data/en/dataset/490db619-ab58-4a2a-a245-2376ce1840de","sourceTitle":"Renewable Energy Power Plants, 1 MW or more","licence":"Open Government Licence - Canada","vintage":"201703"}},{"type":"Feature","geometry":{"type":"Point","coordinates":[-79.49839,44.58088]},"properties":{"id":"nacei-5933","kind":"plant","cat":"solar","name":"Orillia 2","province":"Ontario","place":"Hawkestone","mw":10,"renewMw":10,"totalMw":10,"hydroMw":0,"pumpedMw":0,"solarMw":10,"windMw":0,"geoMw":0,"bioMw":0,"tidalMw":0,"owner":"Met Fiera Solar Orillia 2 LP","operator":"Met Fiera Solar Orillia 2 LP","agency":"IESO","period":"201703","sourceUrl":"https://open.canada.ca/data/en/dataset/490db619-ab58-4a2a-a245-2376ce1840de","sourceTitle":"Renewable Energy Power Plants, 1 MW or more","licence":"Open Government Licence - Canada","vintage":"201703"}},{"type":"Feature","geometry":{"type":"Point","coordinates":[-79.4995,44.58602]},"properties":{"id":"nacei-5934","kind":"plant","cat":"solar","name":"Orillia 3","province":"Ontario","place":"Hawkestone","mw":6.5,"renewMw":6.5,"totalMw":6.5,"hydroMw":0,"pumpedMw":0,"solarMw":6.5,"windMw":0,"geoMw":0,"bioMw":0,"tidalMw":0,"owner":"Fiera Solar Orillia 3 LP","operator":"Fiera Solar Orillia 3 LP","agency":"IESO","period":"201703","sourceUrl":"https://open.canada.ca/data/en/dataset/490db619-ab58-4a2a-a245-2376ce1840de","sourceTitle":"Renewable Energy Power Plants, 1 MW or more","licence":"Open Government Licence - Canada","vintage":"201703"}},{"type":"Feature","geometry":{"type":"Point","coordinates":[-81.63732,50.18122]},"properties":{"id":"nacei-5935","kind":"plant","cat":"hydro","name":"Otter Rapids","province":"Ontario","place":"Cochrane","mw":182,"renewMw":182,"totalMw":182,"hydroMw":182,"pumpedMw":0,"solarMw":0,"windMw":0,"geoMw":0,"bioMw":0,"tidalMw":0,"owner":"","operator":"Ontario Power Generation Inc","agency":"OPG","period":"201708","sourceUrl":"https://open.canada.ca/data/en/dataset/490db619-ab58-4a2a-a245-2376ce1840de","sourceTitle":"Renewable Energy Power Plants, 1 MW or more","licence":"Open Government Licence - Canada","vintage":"201708"}},{"type":"Feature","geometry":{"type":"Point","coordinates":[-78.72759,46.37841]},"properties":{"id":"nacei-5936","kind":"plant","cat":"hydro","name":"Otto Holden","province":"Ontario","place":"Mattawan","mw":243,"renewMw":243,"totalMw":243,"hydroMw":243,"pumpedMw":0,"solarMw":0,"windMw":0,"geoMw":0,"bioMw":0,"tidalMw":0,"owner":"Ontario Power Generation (OPG)","operator":"Ontario Power Generation (OPG)","agency":"OPG","period":"201708","sourceUrl":"https://open.canada.ca/data/en/dataset/490db619-ab58-4a2a-a245-2376ce1840de","sourceTitle":"Renewable Energy Power Plants, 1 MW or more","licence":"Open Government Licence - Canada","vintage":"201708"}},{"type":"Feature","geometry":{"type":"Point","coordinates":[-68.38937,49.14482]},"properties":{"id":"nacei-5937","kind":"plant","cat":"hydro","name":"Outardes-2","province":"Québec","place":"Aux Outardes","mw":523,"renewMw":523,"totalMw":523,"hydroMw":523,"pumpedMw":0,"solarMw":0,"windMw":0,"geoMw":0,"bioMw":0,"tidalMw":0,"owner":"Hydro-Québec","operator":"Hydro-Québec","agency":"Hydro-Québec","period":"201708","sourceUrl":"https://open.canada.ca/data/en/dataset/490db619-ab58-4a2a-a245-2376ce1840de","sourceTitle":"Renewable Energy Power Plants, 1 MW or more","licence":"Open Government Licence - Canada","vintage":"201708"}},{"type":"Feature","geometry":{"type":"Point","coordinates":[-68.72555,49.5576]},"properties":{"id":"nacei-5938","kind":"plant","cat":"hydro","name":"Outardes-3","province":"Québec","place":"Aux Outardes","mw":1026,"renewMw":1026,"totalMw":1026,"hydroMw":1026,"pumpedMw":0,"solarMw":0,"windMw":0,"geoMw":0,"bioMw":0,"tidalMw":0,"owner":"Hydro-Québec","operator":"Hydro-Québec","agency":"Hydro-Québec","period":"201708","sourceUrl":"https://open.canada.ca/data/en/dataset/490db619-ab58-4a2a-a245-2376ce1840de","sourceTitle":"Renewable Energy Power Plants, 1 MW or more","licence":"Open Government Licence - Canada","vintage":"201708"}},{"type":"Feature","geometry":{"type":"Point","coordinates":[-68.90375,49.70365]},"properties":{"id":"nacei-5939","kind":"plant","cat":"hydro","name":"Outardes-4","province":"Québec","place":"Aux Outardes","mw":785,"renewMw":785,"totalMw":785,"hydroMw":785,"pumpedMw":0,"solarMw":0,"windMw":0,"geoMw":0,"bioMw":0,"tidalMw":0,"owner":"Hydro-Québec","operator":"Hydro-Québec","agency":"Hydro-Québec","period":"201708","sourceUrl":"https://open.canada.ca/data/en/dataset/490db619-ab58-4a2a-a245-2376ce1840de","sourceTitle":"Renewable Energy Power Plants, 1 MW or more","licence":"Open Government Licence - Canada","vintage":"201708"}},{"type":"Feature","geometry":{"type":"Point","coordinates":[-115.58911,52.96262]},"properties":{"id":"nacei-5940","kind":"plant","cat":"hydro","name":"Outlet Works","province":"Alberta","place":"Brazeau River","mw":20.5,"renewMw":20.5,"totalMw":20.5,"hydroMw":20.5,"pumpedMw":0,"solarMw":0,"windMw":0,"geoMw":0,"bioMw":0,"tidalMw":0,"owner":"","operator":"TransAlta","agency":"Statistics Canada","period":"2000","sourceUrl":"https://open.canada.ca/data/en/dataset/490db619-ab58-4a2a-a245-2376ce1840de","sourceTitle":"Renewable Energy Power Plants, 1 MW or more","licence":"Open Government Licence - Canada","vintage":"2000"}},{"type":"Feature","geometry":{"type":"Point","coordinates":[-82.88025,42.0066]},"properties":{"id":"nacei-5941","kind":"plant","cat":"wind","name":"Oxley","province":"Ontario","place":"Essex","mw":6,"renewMw":6,"totalMw":6,"hydroMw":0,"pumpedMw":0,"solarMw":0,"windMw":6,"geoMw":0,"bioMw":0,"tidalMw":0,"owner":"Henry Verhoeven","operator":"Oxley","agency":"CanWEA","period":"201612","sourceUrl":"https://open.canada.ca/data/en/dataset/490db619-ab58-4a2a-a245-2376ce1840de","sourceTitle":"Renewable Energy Power Plants, 1 MW or more","licence":"Open Government Licence - Canada","vintage":"201612"}},{"type":"Feature","geometry":{"type":"Point","coordinates":[-65.21856,44.81169]},"properties":{"id":"nacei-5942","kind":"plant","cat":"hydro","name":"Paradise","province":"Nova Scotia","place":"Paradise Brook","mw":4.2,"renewMw":4.2,"totalMw":4.2,"hydroMw":4.2,"pumpedMw":0,"solarMw":0,"windMw":0,"geoMw":0,"bioMw":0,"tidalMw":0,"owner":"","operator":"Nova Scotia Power Inc","agency":"Statistics Canada","period":"2000","sourceUrl":"https://open.canada.ca/data/en/dataset/490db619-ab58-4a2a-a245-2376ce1840de","sourceTitle":"Renewable Energy Power Plants, 1 MW or more","licence":"Open Government Licence - Canada","vintage":"2000"}},{"type":"Feature","geometry":{"type":"Point","coordinates":[-54.43145,47.61823]},"properties":{"id":"nacei-5943","kind":"plant","cat":"hydro","name":"Paradise River","province":"Newfoundland and Labrador","place":"Burnt Ile System","mw":8,"renewMw":8,"totalMw":8,"hydroMw":8,"pumpedMw":0,"solarMw":0,"windMw":0,"geoMw":0,"bioMw":0,"tidalMw":0,"owner":"","operator":"Newfoundland Labrador Hydroelectric Corp (Nalcor Energy)","agency":"NL Hydro","period":"201708","sourceUrl":"https://open.canada.ca/data/en/dataset/490db619-ab58-4a2a-a245-2376ce1840de","sourceTitle":"Renewable Energy Power Plants, 1 MW or more","licence":"Open Government Licence - Canada","vintage":"201708"}},{"type":"Feature","geometry":{"type":"Point","coordinates":[-65.49046,44.78604]},"properties":{"id":"nacei-5944","kind":"plant","cat":"wind","name":"Parker Mountain","province":"Nova Scotia","place":"","mw":2,"renewMw":2,"totalMw":2,"hydroMw":0,"pumpedMw":0,"solarMw":0,"windMw":2,"geoMw":0,"bioMw":0,"tidalMw":0,"owner":"","operator":"Scotia Windfields Inc","agency":"CanWEA","period":"201612","sourceUrl":"https://open.canada.ca/data/en/dataset/490db619-ab58-4a2a-a245-2376ce1840de","sourceTitle":"Renewable Energy Power Plants, 1 MW or more","licence":"Open Government Licence - Canada","vintage":"201612"}},{"type":"Feature","geometry":{"type":"Point","coordinates":[-71.89964,45.39939]},"properties":{"id":"nacei-5945","kind":"plant","cat":"hydro","name":"Paton","province":"Québec","place":"Sherbrooke","mw":1.6,"renewMw":1.6,"totalMw":1.6,"hydroMw":1.6,"pumpedMw":0,"solarMw":0,"windMw":0,"geoMw":0,"bioMw":0,"tidalMw":0,"owner":"Ville de Sherbrooke /Hydro Sherbrooke","operator":"Ville de Sherbrooke /Hydro Sherbrooke","agency":"MERN","period":"201708","sourceUrl":"https://open.canada.ca/data/en/dataset/490db619-ab58-4a2a-a245-2376ce1840de","sourceTitle":"Renewable Energy Power Plants, 1 MW or more","licence":"Open Government Licence - Canada","vintage":"201708"}},{"type":"Feature","geometry":{"type":"Point","coordinates":[-75.93092,45.80975]},"properties":{"id":"nacei-5946","kind":"plant","cat":"hydro","name":"Paugan","province":"Québec","place":"Outaouais","mw":226,"renewMw":226,"totalMw":226,"hydroMw":226,"pumpedMw":0,"solarMw":0,"windMw":0,"geoMw":0,"bioMw":0,"tidalMw":0,"owner":"Hydro-Québec","operator":"Hydro-Québec","agency":"Hydro-Québec","period":"201708","sourceUrl":"https://open.canada.ca/data/en/dataset/490db619-ab58-4a2a-a245-2376ce1840de","sourceTitle":"Renewable Energy Power Plants, 1 MW or more","licence":"Open Government Licence - Canada","vintage":"201708"}},{"type":"Feature","geometry":{"type":"Point","coordinates":[-121.99497,55.98257]},"properties":{"id":"nacei-5947","kind":"plant","cat":"hydro","name":"Peace Canyon","province":"British Columbia","place":"Peace River","mw":694,"renewMw":694,"totalMw":694,"hydroMw":694,"pumpedMw":0,"solarMw":0,"windMw":0,"geoMw":0,"bioMw":0,"tidalMw":0,"owner":"BC Hydro","operator":"BC Hydro","agency":"BC Hydro","period":"201708","sourceUrl":"https://open.canada.ca/data/en/dataset/490db619-ab58-4a2a-a245-2376ce1840de","sourceTitle":"Renewable Energy Power Plants, 1 MW or more","licence":"Open Government Licence - Canada","vintage":"201708"}},{"type":"Feature","geometry":{"type":"Point","coordinates":[-117.18558,56.37108]},"properties":{"id":"nacei-5948","kind":"plant","cat":"biomass","name":"Peace River Pulp","province":"Alberta","place":"St Isidore","mw":30,"renewMw":30,"totalMw":30,"hydroMw":0,"pumpedMw":0,"solarMw":0,"windMw":0,"geoMw":0,"bioMw":30,"tidalMw":0,"owner":"Daishowa-Marubeni","operator":"Daishowa-Marubeni","agency":"Alberta Energy","period":"201708","sourceUrl":"https://open.canada.ca/data/en/dataset/490db619-ab58-4a2a-a245-2376ce1840de","sourceTitle":"Renewable Energy Power Plants, 1 MW or more","licence":"Open Government Licence - Canada","vintage":"201708"}},{"type":"Feature","geometry":{"type":"Point","coordinates":[-80.38828,43.04896]},"properties":{"id":"nacei-5949","kind":"plant","cat":"solar","name":"Penn Energy - Brantgate","province":"Ontario","place":"Scotland","mw":8,"renewMw":8,"totalMw":8,"hydroMw":0,"pumpedMw":0,"solarMw":8,"windMw":0,"geoMw":0,"bioMw":0,"tidalMw":0,"owner":"Brantgate Solar Farm Partnership","operator":"Brantgate Solar Farm Partnership","agency":"IESO","period":"201703","sourceUrl":"https://open.canada.ca/data/en/dataset/490db619-ab58-4a2a-a245-2376ce1840de","sourceTitle":"Renewable Energy Power Plants, 1 MW or more","licence":"Open Government Licence - Canada","vintage":"201703"}},{"type":"Feature","geometry":{"type":"Point","coordinates":[-75.49276,44.72572]},"properties":{"id":"nacei-5950","kind":"plant","cat":"solar","name":"Penn Energy - Edwardsburgh Morrisburg-1","province":"Ontario","place":"Prescott","mw":9.3,"renewMw":9.3,"totalMw":9.3,"hydroMw":0,"pumpedMw":0,"solarMw":9.3,"windMw":0,"geoMw":0,"bioMw":0,"tidalMw":0,"owner":"Edwardsburgh Solar Farm Partnership","operator":"Edwardsburgh Solar Farm Partnership","agency":"IESO","period":"201703","sourceUrl":"https://open.canada.ca/data/en/dataset/490db619-ab58-4a2a-a245-2376ce1840de","sourceTitle":"Renewable Energy Power Plants, 1 MW or more","licence":"Open Government Licence - Canada","vintage":"201703"}},{"type":"Feature","geometry":{"type":"Point","coordinates":[-78.12083,44.02463]},"properties":{"id":"nacei-5951","kind":"plant","cat":"solar","name":"Penn Energy - Hamilton Port Hope-4","province":"Ontario","place":"Baltimore","mw":10,"renewMw":10,"totalMw":10,"hydroMw":0,"pumpedMw":0,"solarMw":10,"windMw":0,"geoMw":0,"bioMw":0,"tidalMw":0,"owner":"Hamilton Solar Farm Partnership","operator":"Hamilton Solar Farm Partnership","agency":"IESO","period":"201703","sourceUrl":"https://open.canada.ca/data/en/dataset/490db619-ab58-4a2a-a245-2376ce1840de","sourceTitle":"Renewable Energy Power Plants, 1 MW or more","licence":"Open Government Licence - Canada","vintage":"201703"}},{"type":"Feature","geometry":{"type":"Point","coordinates":[-78.68645,44.44327]},"properties":{"id":"nacei-5952","kind":"plant","cat":"solar","name":"Penn Energy - Ridgefield","province":"Ontario","place":"Dunsford","mw":8,"renewMw":8,"totalMw":8,"hydroMw":0,"pumpedMw":0,"solarMw":8,"windMw":0,"geoMw":0,"bioMw":0,"tidalMw":0,"owner":"Ridgefield Solar Farm Partnership","operator":"Ridgefield Solar Farm Partnership","agency":"IESO","period":"201703","sourceUrl":"https://open.canada.ca/data/en/dataset/490db619-ab58-4a2a-a245-2376ce1840de","sourceTitle":"Renewable Energy Power Plants, 1 MW or more","licence":"Open Government Licence - Canada","vintage":"201703"}},{"type":"Feature","geometry":{"type":"Point","coordinates":[-79.18157,44.06161]},"properties":{"id":"nacei-5953","kind":"plant","cat":"solar","name":"Penn Energy - Roseplain","province":"Ontario","place":"Goodwood","mw":6.5,"renewMw":6.5,"totalMw":6.5,"hydroMw":0,"pumpedMw":0,"solarMw":6.5,"windMw":0,"geoMw":0,"bioMw":0,"tidalMw":0,"owner":"Roseplain Solar Farm Partnership","operator":"Roseplain Solar Farm Partnership","agency":"IESO","period":"201703","sourceUrl":"https://open.canada.ca/data/en/dataset/490db619-ab58-4a2a-a245-2376ce1840de","sourceTitle":"Renewable Energy Power Plants, 1 MW or more","licence":"Open Government Licence - Canada","vintage":"201703"}},{"type":"Feature","geometry":{"type":"Point","coordinates":[-74.68218,45.10659]},"properties":{"id":"nacei-5954","kind":"plant","cat":"solar","name":"Penn Energy - S. Glengarry St. Lawrence-1","province":"Ontario","place":"Williamstown","mw":9.3,"renewMw":9.3,"totalMw":9.3,"hydroMw":0,"pumpedMw":0,"solarMw":9.3,"windMw":0,"geoMw":0,"bioMw":0,"tidalMw":0,"owner":"South Glengarry Solar Farm Partnership","operator":"South Glengarry Solar Farm Partnership","agency":"IESO","period":"201703","sourceUrl":"https://open.canada.ca/data/en/dataset/490db619-ab58-4a2a-a245-2376ce1840de","sourceTitle":"Renewable Energy Power Plants, 1 MW or more","licence":"Open Government Licence - Canada","vintage":"201703"}},{"type":"Feature","geometry":{"type":"Point","coordinates":[-78.38774,43.9459]},"properties":{"id":"nacei-5955","kind":"plant","cat":"solar","name":"Penn Energy - Vandorp","province":"Ontario","place":"Port Hope","mw":10,"renewMw":10,"totalMw":10,"hydroMw":0,"pumpedMw":0,"solarMw":10,"windMw":0,"geoMw":0,"bioMw":0,"tidalMw":0,"owner":"Port Hope Solar Farm Partnership","operator":"Port Hope Solar Farm Partnership","agency":"IESO","period":"201703","sourceUrl":"https://open.canada.ca/data/en/dataset/490db619-ab58-4a2a-a245-2376ce1840de","sourceTitle":"Renewable Energy Power Plants, 1 MW or more","licence":"Open Government Licence - Canada","vintage":"201703"}},{"type":"Feature","geometry":{"type":"Point","coordinates":[-67.15702,49.7858]},"properties":{"id":"nacei-5956","kind":"plant","cat":"hydro","name":"Pentecôte","province":"Québec","place":"Port Cartier","mw":2,"renewMw":2,"totalMw":2,"hydroMw":2,"pumpedMw":0,"solarMw":0,"windMw":0,"geoMw":0,"bioMw":0,"tidalMw":0,"owner":"Pouvoir Riverin Inc (Société en Commandite) /Algonquin Power Fund (Canada)  Inc","operator":"Pouvoir Riverin Inc (Société en Commandite) /Algonquin Power Fund (Canada)  Inc","agency":"MERN","period":"201708","sourceUrl":"https://open.canada.ca/data/en/dataset/490db619-ab58-4a2a-a245-2376ce1840de","sourceTitle":"Renewable Energy Power Plants, 1 MW or more","licence":"Open Government Licence - Canada","vintage":"201708"}},{"type":"Feature","geometry":{"type":"Point","coordinates":[-71.18238,49.5077]},"properties":{"id":"nacei-5957","kind":"plant","cat":"hydro","name":"Péribonka","province":"Québec","place":"Péribonka","mw":385,"renewMw":385,"totalMw":385,"hydroMw":385,"pumpedMw":0,"solarMw":0,"windMw":0,"geoMw":0,"bioMw":0,"tidalMw":0,"owner":"Hydro-Québec","operator":"Hydro-Québec","agency":"Hydro-Québec","period":"201708","sourceUrl":"https://open.canada.ca/data/en/dataset/490db619-ab58-4a2a-a245-2376ce1840de","sourceTitle":"Renewable Energy Power Plants, 1 MW or more","licence":"Open Government Licence - Canada","vintage":"201708"}},{"type":"Feature","geometry":{"type":"Point","coordinates":[-78.69401,44.43074]},"properties":{"id":"nacei-5958","kind":"plant","cat":"solar","name":"Perpetual Cleanpower Lindsay","province":"Ontario","place":"Lindsay","mw":10,"renewMw":10,"totalMw":10,"hydroMw":0,"pumpedMw":0,"solarMw":10,"windMw":0,"geoMw":0,"bioMw":0,"tidalMw":0,"owner":"Lindsay Solar LP","operator":"Lindsay Solar Farm Inc","agency":"IESO","period":"201703","sourceUrl":"https://open.canada.ca/data/en/dataset/490db619-ab58-4a2a-a245-2376ce1840de","sourceTitle":"Renewable Energy Power Plants, 1 MW or more","licence":"Open Government Licence - Canada","vintage":"201703"}},{"type":"Feature","geometry":{"type":"Point","coordinates":[-79.61328,44.50061]},"properties":{"id":"nacei-5959","kind":"plant","cat":"solar","name":"Perpetual Cleanpower Oro 4 Line","province":"Ontario","place":"Hawkestone","mw":10,"renewMw":10,"totalMw":10,"hydroMw":0,"pumpedMw":0,"solarMw":10,"windMw":0,"geoMw":0,"bioMw":0,"tidalMw":0,"owner":"Oro-Medonte Solar Farm Inc","operator":"Oro-Medonte Solar Farm Inc","agency":"IESO","period":"201703","sourceUrl":"https://open.canada.ca/data/en/dataset/490db619-ab58-4a2a-a245-2376ce1840de","sourceTitle":"Renewable Energy Power Plants, 1 MW or more","licence":"Open Government Licence - Canada","vintage":"201703"}},{"type":"Feature","geometry":{"type":"Point","coordinates":[-78.29281,44.36531]},"properties":{"id":"nacei-5960","kind":"plant","cat":"hydro","name":"Peterborough Robert G. Lake","province":"Ontario","place":"Peterborough","mw":8,"renewMw":8,"totalMw":8,"hydroMw":8,"pumpedMw":0,"solarMw":0,"windMw":0,"geoMw":0,"bioMw":0,"tidalMw":0,"owner":"","operator":"Peterborough Utilities Inc","agency":"Statistics Canada","period":"2000","sourceUrl":"https://open.canada.ca/data/en/dataset/490db619-ab58-4a2a-a245-2376ce1840de","sourceTitle":"Renewable Energy Power Plants, 1 MW or more","licence":"Open Government Licence - Canada","vintage":"2000"}},{"type":"Feature","geometry":{"type":"Point","coordinates":[-69.62649,48.26136]},"properties":{"id":"nacei-5961","kind":"plant","cat":"hydro","name":"Petites-Bergeronnes","province":"Québec","place":"Grandes Bergeronnes","mw":4.2,"renewMw":4.2,"totalMw":4.2,"hydroMw":4.2,"pumpedMw":0,"solarMw":0,"windMw":0,"geoMw":0,"bioMw":0,"tidalMw":0,"owner":"Société d'Énergie Columbus Inc","operator":"Société d'Énergie Columbus Inc","agency":"MERN","period":"201708","sourceUrl":"https://open.canada.ca/data/en/dataset/490db619-ab58-4a2a-a245-2376ce1840de","sourceTitle":"Renewable Energy Power Plants, 1 MW or more","licence":"Open Government Licence - Canada","vintage":"201708"}},{"type":"Feature","geometry":{"type":"Point","coordinates":[-52.71226,47.4654]},"properties":{"id":"nacei-5962","kind":"plant","cat":"hydro","name":"Petty Harbour","province":"Newfoundland and Labrador","place":"Second Pond","mw":5.3,"renewMw":5.3,"totalMw":4.9,"hydroMw":4.9,"pumpedMw":0,"solarMw":0,"windMw":0,"geoMw":0,"bioMw":0,"tidalMw":0,"owner":"","operator":"Newfoundland Light & Power Co Ltd","agency":"Government of Newfoundland and Labrador","period":"201409","sourceUrl":"https://open.canada.ca/data/en/dataset/490db619-ab58-4a2a-a245-2376ce1840de","sourceTitle":"Renewable Energy Power Plants, 1 MW or more","licence":"Open Government Licence - Canada","vintage":"201409"}},{"type":"Feature","geometry":{"type":"Point","coordinates":[-52.82103,47.28838]},"properties":{"id":"nacei-5963","kind":"plant","cat":"hydro","name":"Pierres Brook","province":"Newfoundland and Labrador","place":"Pierres Brook","mw":4.3,"renewMw":4.3,"totalMw":4.3,"hydroMw":4.3,"pumpedMw":0,"solarMw":0,"windMw":0,"geoMw":0,"bioMw":0,"tidalMw":0,"owner":"","operator":"Newfoundland Light & Power Co Ltd","agency":"Government of Newfoundland and Labrador","period":"201409","sourceUrl":"https://open.canada.ca/data/en/dataset/490db619-ab58-4a2a-a245-2376ce1840de","sourceTitle":"Renewable Energy Power Plants, 1 MW or more","licence":"Open Government Licence - Canada","vintage":"201409"}},{"type":"Feature","geometry":{"type":"Point","coordinates":[-133.64475,59.58249]},"properties":{"id":"nacei-5964","kind":"plant","cat":"hydro","name":"Pine Creek (Atlin)","province":"British Columbia","place":"Atlin","mw":2.1,"renewMw":2.1,"totalMw":2.1,"hydroMw":2.1,"pumpedMw":0,"solarMw":0,"windMw":0,"geoMw":0,"bioMw":0,"tidalMw":0,"owner":"Xeitl LP","operator":"Xeitl LP","agency":"BC Hydro IPP supply","period":"201704","sourceUrl":"https://open.canada.ca/data/en/dataset/490db619-ab58-4a2a-a245-2376ce1840de","sourceTitle":"Renewable Energy Power Plants, 1 MW or more","licence":"Open Government Licence - Canada","vintage":"201704"}},{"type":"Feature","geometry":{"type":"Point","coordinates":[-96.17835,50.56714]},"properties":{"id":"nacei-5965","kind":"plant","cat":"hydro","name":"Pine Falls","province":"Manitoba","place":"Alexander","mw":84,"renewMw":84,"totalMw":84,"hydroMw":84,"pumpedMw":0,"solarMw":0,"windMw":0,"geoMw":0,"bioMw":0,"tidalMw":0,"owner":"","operator":"Tembec Inc","agency":"MB Hydro","period":"201708","sourceUrl":"https://open.canada.ca/data/en/dataset/490db619-ab58-4a2a-a245-2376ce1840de","sourceTitle":"Renewable Energy Power Plants, 1 MW or more","licence":"Open Government Licence - Canada","vintage":"201708"}},{"type":"Feature","geometry":{"type":"Point","coordinates":[-88.31033,49.30737]},"properties":{"id":"nacei-5966","kind":"plant","cat":"hydro","name":"Pine Portage","province":"Ontario","place":"Thunder Bay","mw":144,"renewMw":144,"totalMw":144,"hydroMw":144,"pumpedMw":0,"solarMw":0,"windMw":0,"geoMw":0,"bioMw":0,"tidalMw":0,"owner":"","operator":"Ontario Power Generation Inc","agency":"OPG","period":"201708","sourceUrl":"https://open.canada.ca/data/en/dataset/490db619-ab58-4a2a-a245-2376ce1840de","sourceTitle":"Renewable Energy Power Plants, 1 MW or more","licence":"Open Government Licence - Canada","vintage":"201708"}},{"type":"Feature","geometry":{"type":"Point","coordinates":[-117.94841,50.55007]},"properties":{"id":"nacei-5967","kind":"plant","cat":"hydro","name":"Pingston Creek","province":"British Columbia","place":"Revelstoke","mw":45,"renewMw":45,"totalMw":45,"hydroMw":45,"pumpedMw":0,"solarMw":0,"windMw":0,"geoMw":0,"bioMw":0,"tidalMw":0,"owner":"TransAlta (50%)","operator":"TransAlta (50%)","agency":"TransAlta","period":"201708","sourceUrl":"https://open.canada.ca/data/en/dataset/490db619-ab58-4a2a-a245-2376ce1840de","sourceTitle":"Renewable Energy Power Plants, 1 MW or more","licence":"Open Government Licence - Canada","vintage":"201708"}},{"type":"Feature","geometry":{"type":"Point","coordinates":[-80.39442,44.247]},"properties":{"id":"nacei-5968","kind":"plant","cat":"wind","name":"Plateau I / II","province":"Ontario","place":"Dundalk","mw":18,"renewMw":18,"totalMw":18,"hydroMw":0,"pumpedMw":0,"solarMw":0,"windMw":18,"geoMw":0,"bioMw":0,"tidalMw":0,"owner":"Plateau Wind LP","operator":"Plateau Wind LP","agency":"CanWEA","period":"201612","sourceUrl":"https://open.canada.ca/data/en/dataset/490db619-ab58-4a2a-a245-2376ce1840de","sourceTitle":"Renewable Energy Power Plants, 1 MW or more","licence":"Open Government Licence - Canada","vintage":"201612"}},{"type":"Feature","geometry":{"type":"Point","coordinates":[-80.30882,44.18859]},"properties":{"id":"nacei-5969","kind":"plant","cat":"wind","name":"Plateau III","province":"Ontario","place":"Dundalk","mw":9,"renewMw":9,"totalMw":9,"hydroMw":0,"pumpedMw":0,"solarMw":0,"windMw":9,"geoMw":0,"bioMw":0,"tidalMw":0,"owner":"Plateau Wind LP","operator":"Plateau Wind LP","agency":"CanWEA","period":"201612","sourceUrl":"https://open.canada.ca/data/en/dataset/490db619-ab58-4a2a-a245-2376ce1840de","sourceTitle":"Renewable Energy Power Plants, 1 MW or more","licence":"Open Government Licence - Canada","vintage":"201612"}},{"type":"Feature","geometry":{"type":"Point","coordinates":[-115.11938,50.69932]},"properties":{"id":"nacei-5970","kind":"plant","cat":"hydro","name":"Pocaterra","province":"Alberta","place":"Kananaskis","mw":15,"renewMw":15,"totalMw":15,"hydroMw":15,"pumpedMw":0,"solarMw":0,"windMw":0,"geoMw":0,"bioMw":0,"tidalMw":0,"owner":"TransAlta (100%)","operator":"TransAlta (100%)","agency":"TransAlta","period":"201708","sourceUrl":"https://open.canada.ca/data/en/dataset/490db619-ab58-4a2a-a245-2376ce1840de","sourceTitle":"Renewable Energy Power Plants, 1 MW or more","licence":"Open Government Licence - Canada","vintage":"201708"}},{"type":"Feature","geometry":{"type":"Point","coordinates":[-61.31117,45.57197]},"properties":{"id":"nacei-5971","kind":"plant","cat":"wind","name":"Point Tupper","province":"Nova Scotia","place":"Point Tupper","mw":23.4,"renewMw":23.4,"totalMw":23.4,"hydroMw":0,"pumpedMw":0,"solarMw":0,"windMw":23.4,"geoMw":0,"bioMw":0,"tidalMw":0,"owner":"","operator":"Renewable Energy Services Ltd / Nova Scotia Power (49%)","agency":"CanWEA","period":"201612","sourceUrl":"https://open.canada.ca/data/en/dataset/490db619-ab58-4a2a-a245-2376ce1840de","sourceTitle":"Renewable Energy Power Plants, 1 MW or more","licence":"Open Government Licence - Canada","vintage":"201612"}},{"type":"Feature","geometry":{"type":"Point","coordinates":[-95.54806,50.2981]},"properties":{"id":"nacei-5972","kind":"plant","cat":"hydro","name":"Pointe du Bois","province":"Manitoba","place":"Pointe du Bois","mw":75,"renewMw":75,"totalMw":75,"hydroMw":75,"pumpedMw":0,"solarMw":0,"windMw":0,"geoMw":0,"bioMw":0,"tidalMw":0,"owner":"","operator":"Manitoba Hydro","agency":"MB Hydro","period":"201708","sourceUrl":"https://open.canada.ca/data/en/dataset/490db619-ab58-4a2a-a245-2376ce1840de","sourceTitle":"Renewable Energy Power Plants, 1 MW or more","licence":"Open Government Licence - Canada","vintage":"201708"}},{"type":"Feature","geometry":{"type":"Point","coordinates":[-82.52837,42.28411]},"properties":{"id":"nacei-5973","kind":"plant","cat":"wind","name":"Pointes aux Roches","province":"Ontario","place":"Comber","mw":48.6,"renewMw":48.6,"totalMw":48.6,"hydroMw":0,"pumpedMw":0,"solarMw":0,"windMw":48.6,"geoMw":0,"bioMw":0,"tidalMw":0,"owner":"Pointe-aux-Roches Wind LP","operator":"Pointe-aux-Roches Wind LP","agency":"CanWEA","period":"201612","sourceUrl":"https://open.canada.ca/data/en/dataset/490db619-ab58-4a2a-a245-2376ce1840de","sourceTitle":"Renewable Energy Power Plants, 1 MW or more","licence":"Open Government Licence - Canada","vintage":"201612"}},{"type":"Feature","geometry":{"type":"Point","coordinates":[-71.12319,48.40693]},"properties":{"id":"nacei-5974","kind":"plant","cat":"hydro","name":"Pont-Arnaud","province":"Québec","place":"Rivière Chicoutimi","mw":8,"renewMw":8,"totalMw":8,"hydroMw":8,"pumpedMw":0,"solarMw":0,"windMw":0,"geoMw":0,"bioMw":0,"tidalMw":0,"owner":"Ville de Saguenay /Hydro-Jonquière","operator":"Ville de Saguenay /Hydro-Jonquière","agency":"MERN","period":"201708","sourceUrl":"https://open.canada.ca/data/en/dataset/490db619-ab58-4a2a-a245-2376ce1840de","sourceTitle":"Renewable Energy Power Plants, 1 MW or more","licence":"Open Government Licence - Canada","vintage":"201708"}},{"type":"Feature","geometry":{"type":"Point","coordinates":[-127.45087,50.38389]},"properties":{"id":"nacei-5975","kind":"plant","cat":"biomass","name":"Port Alice","province":"British Columbia","place":"Port Alice","mw":26.1,"renewMw":26.1,"totalMw":26.1,"hydroMw":0,"pumpedMw":0,"solarMw":0,"windMw":0,"geoMw":0,"bioMw":26.1,"tidalMw":0,"owner":"Neucel","operator":"Western Pulp Ltd Partnership","agency":"Statistics Canada","period":"2000","sourceUrl":"https://open.canada.ca/data/en/dataset/490db619-ab58-4a2a-a245-2376ce1840de","sourceTitle":"Renewable Energy Power Plants, 1 MW or more","licence":"Open Government Licence - Canada","vintage":"2000"}},{"type":"Feature","geometry":{"type":"Point","coordinates":[-82.28512,42.18389]},"properties":{"id":"nacei-5976","kind":"plant","cat":"wind","name":"Port Alma","province":"Ontario","place":"Port Alma","mw":101.2,"renewMw":101.2,"totalMw":101.2,"hydroMw":0,"pumpedMw":0,"solarMw":0,"windMw":101.2,"geoMw":0,"bioMw":0,"tidalMw":0,"owner":"Kruger Energy Port Alma LP","operator":"Kruger Energy Port Alma LP","agency":"CanWEA","period":"201612","sourceUrl":"https://open.canada.ca/data/en/dataset/490db619-ab58-4a2a-a245-2376ce1840de","sourceTitle":"Renewable Energy Power Plants, 1 MW or more","licence":"Open Government Licence - Canada","vintage":"201612"}},{"type":"Feature","geometry":{"type":"Point","coordinates":[-80.0274,42.83918]},"properties":{"id":"nacei-5977","kind":"plant","cat":"wind","name":"Port Dover / Nanticoke","province":"Ontario","place":"Nanticoke","mw":104.4,"renewMw":104.4,"totalMw":104.4,"hydroMw":0,"pumpedMw":0,"solarMw":0,"windMw":104.4,"geoMw":0,"bioMw":0,"tidalMw":0,"owner":"Capital Power (PDN) LP","operator":"Capital Power (PDN) LP","agency":"CanWEA","period":"201612","sourceUrl":"https://open.canada.ca/data/en/dataset/490db619-ab58-4a2a-a245-2376ce1840de","sourceTitle":"Renewable Energy Power Plants, 1 MW or more","licence":"Open Government Licence - Canada","vintage":"201612"}},{"type":"Feature","geometry":{"type":"Point","coordinates":[-61.3601,45.5982]},"properties":{"id":"nacei-5978","kind":"plant","cat":"biomass","name":"Port Hawkesbury","province":"Nova Scotia","place":"Point Tupper","mw":60,"renewMw":60,"totalMw":60,"hydroMw":0,"pumpedMw":0,"solarMw":0,"windMw":0,"geoMw":0,"bioMw":60,"tidalMw":0,"owner":"Nova Scotia Power Inc","operator":"Nova Scotia Power Inc","agency":"NS Power","period":"201708","sourceUrl":"https://open.canada.ca/data/en/dataset/490db619-ab58-4a2a-a245-2376ce1840de","sourceTitle":"Renewable Energy Power Plants, 1 MW or more","licence":"Open Government Licence - Canada","vintage":"201708"}},{"type":"Feature","geometry":{"type":"Point","coordinates":[-80.25207,42.76772]},"properties":{"id":"nacei-5979","kind":"plant","cat":"wind","name":"Port Ryerse","province":"Ontario","place":"Port Ryerse","mw":10,"renewMw":10,"totalMw":10,"hydroMw":0,"pumpedMw":0,"solarMw":0,"windMw":10,"geoMw":0,"bioMw":0,"tidalMw":0,"owner":"Boralex","operator":"Boralex","agency":"CanWEA","period":"201612","sourceUrl":"https://open.canada.ca/data/en/dataset/490db619-ab58-4a2a-a245-2376ce1840de","sourceTitle":"Renewable Energy Power Plants, 1 MW or more","licence":"Open Government Licence - Canada","vintage":"201612"}},{"type":"Feature","geometry":{"type":"Point","coordinates":[-69.13255,48.65851]},"properties":{"id":"nacei-5980","kind":"plant","cat":"hydro","name":"Portneuf-1 (Chute du 4 Milles)","province":"Québec","place":"Sainte Anne de Portneuf","mw":7.5,"renewMw":7.5,"totalMw":7.5,"hydroMw":7.5,"pumpedMw":0,"solarMw":0,"windMw":0,"geoMw":0,"bioMw":0,"tidalMw":0,"owner":"Innergex (Société en Commandite)/Innergex Inc","operator":"Innergex (Société en Commandite)/Innergex Inc","agency":"MERN","period":"201708","sourceUrl":"https://open.canada.ca/data/en/dataset/490db619-ab58-4a2a-a245-2376ce1840de","sourceTitle":"Renewable Energy Power Plants, 1 MW or more","licence":"Open Government Licence - Canada","vintage":"201708"}},{"type":"Feature","geometry":{"type":"Point","coordinates":[-69.17621,48.65479]},"properties":{"id":"nacei-5981","kind":"plant","cat":"hydro","name":"Portneuf-2 (Chute Phillias)","province":"Québec","place":"Sainte Anne de Portneuf","mw":11.7,"renewMw":11.7,"totalMw":11.7,"hydroMw":11.7,"pumpedMw":0,"solarMw":0,"windMw":0,"geoMw":0,"bioMw":0,"tidalMw":0,"owner":"Innergex (Société en Commandite)/Innergex Inc","operator":"Innergex (Société en Commandite)/Innergex Inc","agency":"MERN","period":"201708","sourceUrl":"https://open.canada.ca/data/en/dataset/490db619-ab58-4a2a-a245-2376ce1840de","sourceTitle":"Renewable Energy Power Plants, 1 MW or more","licence":"Open Government Licence - Canada","vintage":"201708"}},{"type":"Feature","geometry":{"type":"Point","coordinates":[-69.33893,48.6913]},"properties":{"id":"nacei-5982","kind":"plant","cat":"hydro","name":"Portneuf-3 (Les Crans Serrés)","province":"Québec","place":"Sainte Anne de Portneuf","mw":8.7,"renewMw":8.7,"totalMw":8.7,"hydroMw":8.7,"pumpedMw":0,"solarMw":0,"windMw":0,"geoMw":0,"bioMw":0,"tidalMw":0,"owner":"Innergex (Société en Commandite)/Innergex Inc","operator":"Innergex (Société en Commandite)/Innergex Inc","agency":"MERN","period":"201708","sourceUrl":"https://open.canada.ca/data/en/dataset/490db619-ab58-4a2a-a245-2376ce1840de","sourceTitle":"Renewable Energy Power Plants, 1 MW or more","licence":"Open Government Licence - Canada","vintage":"201708"}},{"type":"Feature","geometry":{"type":"Point","coordinates":[-124.5577,49.87235]},"properties":{"id":"nacei-5983","kind":"plant","cat":"hydro","name":"Powell Lake","province":"British Columbia","place":"Powell Lake","mw":38,"renewMw":38,"totalMw":38,"hydroMw":38,"pumpedMw":0,"solarMw":0,"windMw":0,"geoMw":0,"bioMw":0,"tidalMw":0,"owner":"","operator":"Brookfield Renewable Energy Partners","agency":"Brookfield Renewable","period":"201708","sourceUrl":"https://open.canada.ca/data/en/dataset/490db619-ab58-4a2a-a245-2376ce1840de","sourceTitle":"Renewable Energy Power Plants, 1 MW or more","licence":"Open Government Licence - Canada","vintage":"201708"}},{"type":"Feature","geometry":{"type":"Point","coordinates":[-124.55445,49.87313]},"properties":{"id":"nacei-5984","kind":"plant","cat":"biomass","name":"Powell River","province":"British Columbia","place":"Powell River","mw":48,"renewMw":48,"totalMw":48,"hydroMw":0,"pumpedMw":0,"solarMw":0,"windMw":0,"geoMw":0,"bioMw":48,"tidalMw":0,"owner":"","operator":"Catalyst Paper","agency":"BC Hydro IPP supply","period":"201704","sourceUrl":"https://open.canada.ca/data/en/dataset/490db619-ab58-4a2a-a245-2376ce1840de","sourceTitle":"Renewable Energy Power Plants, 1 MW or more","licence":"Open Government Licence - Canada","vintage":"201704"}},{"type":"Feature","geometry":{"type":"Point","coordinates":[-79.4524,47.60066]},"properties":{"id":"nacei-5985","kind":"plant","cat":"hydro","name":"Première-Chute","province":"Québec","place":"Outaouais","mw":131,"renewMw":131,"totalMw":131,"hydroMw":131,"pumpedMw":0,"solarMw":0,"windMw":0,"geoMw":0,"bioMw":0,"tidalMw":0,"owner":"Hydro-Québec","operator":"Hydro-Québec","agency":"Hydro-Québec","period":"201708","sourceUrl":"https://open.canada.ca/data/en/dataset/490db619-ab58-4a2a-a245-2376ce1840de","sourceTitle":"Renewable Energy Power Plants, 1 MW or more","licence":"Open Government Licence - Canada","vintage":"201708"}},{"type":"Feature","geometry":{"type":"Point","coordinates":[-84.47917,46.61255]},"properties":{"id":"nacei-5986","kind":"plant","cat":"wind","name":"Prince","province":"Ontario","place":"Sault Ste. Marie","mw":189,"renewMw":189,"totalMw":189,"hydroMw":0,"pumpedMw":0,"solarMw":0,"windMw":189,"geoMw":0,"bioMw":0,"tidalMw":0,"owner":"Brookfield Power Wind Prince LP","operator":"Brookfield Renewable Energy Partners","agency":"CanWEA","period":"201612","sourceUrl":"https://open.canada.ca/data/en/dataset/490db619-ab58-4a2a-a245-2376ce1840de","sourceTitle":"Renewable Energy Power Plants, 1 MW or more","licence":"Open Government Licence - Canada","vintage":"201612"}},{"type":"Feature","geometry":{"type":"Point","coordinates":[-122.68507,53.92183]},"properties":{"id":"nacei-5987","kind":"plant","cat":"biomass","name":"Prince George Pulp and Paper Mill","province":"British Columbia","place":"Prince George","mw":60,"renewMw":60,"totalMw":60,"hydroMw":0,"pumpedMw":0,"solarMw":0,"windMw":0,"geoMw":0,"bioMw":60,"tidalMw":0,"owner":"Canadian Forest Products Ltd","operator":"Canadian Forest Products Ltd","agency":"BC Hydro IPP supply","period":"201704","sourceUrl":"https://open.canada.ca/data/en/dataset/490db619-ab58-4a2a-a245-2376ce1840de","sourceTitle":"Renewable Energy Power Plants, 1 MW or more","licence":"Open Government Licence - Canada","vintage":"201704"}},{"type":"Feature","geometry":{"type":"Point","coordinates":[-82.01841,43.15711]},"properties":{"id":"nacei-5988","kind":"plant","cat":"wind","name":"Proof Line","province":"Ontario","place":"Lambton Shores","mw":6.6,"renewMw":6.6,"totalMw":6.6,"hydroMw":0,"pumpedMw":0,"solarMw":0,"windMw":6.6,"geoMw":0,"bioMw":0,"tidalMw":0,"owner":"","operator":"Sky Generation Inc","agency":"CanWEA","period":"201612","sourceUrl":"https://open.canada.ca/data/en/dataset/490db619-ab58-4a2a-a245-2376ce1840de","sourceTitle":"Renewable Energy Power Plants, 1 MW or more","licence":"Open Government Licence - Canada","vintage":"201612"}},{"type":"Feature","geometry":{"type":"Point","coordinates":[-82.29496,45.72909]},"properties":{"id":"nacei-5989","kind":"plant","cat":"wind","name":"Providence Bay","province":"Ontario","place":"Spring Bay","mw":1.6,"renewMw":1.6,"totalMw":1.6,"hydroMw":0,"pumpedMw":0,"solarMw":0,"windMw":1.6,"geoMw":0,"bioMw":0,"tidalMw":0,"owner":"Schneider Power Providence Bay Inc","operator":"Schneider Power Providence Bay Inc","agency":"CanWEA","period":"201612","sourceUrl":"https://open.canada.ca/data/en/dataset/490db619-ab58-4a2a-a245-2376ce1840de","sourceTitle":"Renewable Energy Power Plants, 1 MW or more","licence":"Open Government Licence - Canada","vintage":"201612"}},{"type":"Feature","geometry":{"type":"Point","coordinates":[-120.911,53.67854]},"properties":{"id":"nacei-5990","kind":"plant","cat":"hydro","name":"Ptarmigan Creek","province":"British Columbia","place":"","mw":3.3,"renewMw":3.3,"totalMw":3.3,"hydroMw":3.3,"pumpedMw":0,"solarMw":0,"windMw":0,"geoMw":0,"bioMw":0,"tidalMw":0,"owner":"Synex (11%)","operator":"Synex","agency":"Synex","period":"201708","sourceUrl":"https://open.canada.ca/data/en/dataset/490db619-ab58-4a2a-a245-2376ce1840de","sourceTitle":"Renewable Energy Power Plants, 1 MW or more","licence":"Open Government Licence - Canada","vintage":"201708"}},{"type":"Feature","geometry":{"type":"Point","coordinates":[-65.80383,43.603]},"properties":{"id":"nacei-5991","kind":"plant","cat":"wind","name":"Pubnico Point 1 / 2","province":"Nova Scotia","place":"Pubnico","mw":30.6,"renewMw":30.6,"totalMw":30.6,"hydroMw":0,"pumpedMw":0,"solarMw":0,"windMw":30.6,"geoMw":0,"bioMw":0,"tidalMw":0,"owner":"","operator":"Atlantic Wind Power Corp","agency":"CanWEA","period":"201612","sourceUrl":"https://open.canada.ca/data/en/dataset/490db619-ab58-4a2a-a245-2376ce1840de","sourceTitle":"Renewable Energy Power Plants, 1 MW or more","licence":"Open Government Licence - Canada","vintage":"201612"}},{"type":"Feature","geometry":{"type":"Point","coordinates":[-125.09391,49.66496]},"properties":{"id":"nacei-5992","kind":"plant","cat":"hydro","name":"Puntledge","province":"British Columbia","place":"Puntledge River","mw":24,"renewMw":24,"totalMw":24,"hydroMw":24,"pumpedMw":0,"solarMw":0,"windMw":0,"geoMw":0,"bioMw":0,"tidalMw":0,"owner":"BC Hydro","operator":"BC Hydro","agency":"BC Hydro","period":"201708","sourceUrl":"https://open.canada.ca/data/en/dataset/490db619-ab58-4a2a-a245-2376ce1840de","sourceTitle":"Renewable Energy Power Plants, 1 MW or more","licence":"Open Government Licence - Canada","vintage":"201708"}},{"type":"Feature","geometry":{"type":"Point","coordinates":[-120.85468,55.1846]},"properties":{"id":"nacei-5993","kind":"plant","cat":"wind","name":"Quality Wind","province":"British Columbia","place":"Tumbler Ridge","mw":142.2,"renewMw":142.2,"totalMw":142.2,"hydroMw":0,"pumpedMw":0,"solarMw":0,"windMw":142.2,"geoMw":0,"bioMw":0,"tidalMw":0,"owner":"Capital Power","operator":"Capital Power","agency":"CanWEA","period":"201612","sourceUrl":"https://open.canada.ca/data/en/dataset/490db619-ab58-4a2a-a245-2376ce1840de","sourceTitle":"Renewable Energy Power Plants, 1 MW or more","licence":"Open Government Licence - Canada","vintage":"201612"}},{"type":"Feature","geometry":{"type":"Point","coordinates":[-81.57942,44.27335]},"properties":{"id":"nacei-5994","kind":"plant","cat":"wind","name":"Quixote","province":"Ontario","place":"Tiverton","mw":2.3,"renewMw":2.3,"totalMw":2.3,"hydroMw":0,"pumpedMw":0,"solarMw":0,"windMw":2.3,"geoMw":0,"bioMw":0,"tidalMw":0,"owner":"Quixote One Wind Energy Corp","operator":"Leader Resources Services Corp","agency":"IESO","period":"201703","sourceUrl":"https://open.canada.ca/data/en/dataset/490db619-ab58-4a2a-a245-2376ce1840de","sourceTitle":"Renewable Energy Power Plants, 1 MW or more","licence":"Open Government Licence - Canada","vintage":"201703"}},{"type":"Feature","geometry":{"type":"Point","coordinates":[-79.67137,47.27634]},"properties":{"id":"nacei-5995","kind":"plant","cat":"hydro","name":"Ragged Chute","province":"Ontario","place":"Haileybury","mw":6.6,"renewMw":6.6,"totalMw":6.6,"hydroMw":6.6,"pumpedMw":0,"solarMw":0,"windMw":0,"geoMw":0,"bioMw":0,"tidalMw":0,"owner":"Ragged Chute Energy Inc","operator":"TransAlta (100%)","agency":"IESO","period":"201703","sourceUrl":"https://open.canada.ca/data/en/dataset/490db619-ab58-4a2a-a245-2376ce1840de","sourceTitle":"Renewable Energy Power Plants, 1 MW or more","licence":"Open Government Licence - Canada","vintage":"201703"}},{"type":"Feature","geometry":{"type":"Point","coordinates":[-79.68829,45.01795]},"properties":{"id":"nacei-5996","kind":"plant","cat":"hydro","name":"Ragged Rapids","province":"Ontario","place":"Bala","mw":8,"renewMw":8,"totalMw":8,"hydroMw":8,"pumpedMw":0,"solarMw":0,"windMw":0,"geoMw":0,"bioMw":0,"tidalMw":0,"owner":"","operator":"Ontario Power Generation Inc","agency":"OPG","period":"201708","sourceUrl":"https://open.canada.ca/data/en/dataset/490db619-ab58-4a2a-a245-2376ce1840de","sourceTitle":"Renewable Energy Power Plants, 1 MW or more","licence":"Open Government Licence - Canada","vintage":"201708"}},{"type":"Feature","geometry":{"type":"Point","coordinates":[-127.23347,50.38842]},"properties":{"id":"nacei-5997","kind":"plant","cat":"hydro","name":"Raging River 2","province":"British Columbia","place":"Port Alice","mw":8,"renewMw":8,"totalMw":8,"hydroMw":8,"pumpedMw":0,"solarMw":0,"windMw":0,"geoMw":0,"bioMw":0,"tidalMw":0,"owner":"Aquila Infrastructure","operator":"Raging River Power & Mining Inc","agency":"BC Hydro IPP supply","period":"201704","sourceUrl":"https://open.canada.ca/data/en/dataset/490db619-ab58-4a2a-a245-2376ce1840de","sourceTitle":"Renewable Energy Power Plants, 1 MW or more","licence":"Open Government Licence - Canada","vintage":"201704"}},{"type":"Feature","geometry":{"type":"Point","coordinates":[-73.67618,61.70281]},"properties":{"id":"nacei-5998","kind":"plant","cat":"wind","name":"Raglan Mine","province":"Québec","place":"Raglan","mw":3,"renewMw":3,"totalMw":3,"hydroMw":0,"pumpedMw":0,"solarMw":0,"windMw":3,"geoMw":0,"bioMw":0,"tidalMw":0,"owner":"Glencore","operator":"Glencore","agency":"CanWEA","period":"201612","sourceUrl":"https://open.canada.ca/data/en/dataset/490db619-ab58-4a2a-a245-2376ce1840de","sourceTitle":"Renewable Energy Power Plants, 1 MW or more","licence":"Open Government Licence - Canada","vintage":"201612"}},{"type":"Feature","geometry":{"type":"Point","coordinates":[-82.18238,42.27429]},"properties":{"id":"nacei-5999","kind":"plant","cat":"wind","name":"Raleigh","province":"Ontario","place":"Chatham","mw":78,"renewMw":78,"totalMw":78,"hydroMw":0,"pumpedMw":0,"solarMw":0,"windMw":78,"geoMw":0,"bioMw":0,"tidalMw":0,"owner":"Terraform Iwg Ontario Holdings, LLC","operator":"Raleigh Wind Power Partnership","agency":"CanWEA","period":"201612","sourceUrl":"https://open.canada.ca/data/en/dataset/490db619-ab58-4a2a-a245-2376ce1840de","sourceTitle":"Renewable Energy Power Plants, 1 MW or more","licence":"Open Government Licence - Canada","vintage":"201612"}},{"type":"Feature","geometry":{"type":"Point","coordinates":[-80.32563,48.43928]},"properties":{"id":"nacei-6000","kind":"plant","cat":"solar","name":"Ramore","province":"Ontario","place":"Ramore","mw":8,"renewMw":8,"totalMw":8,"hydroMw":0,"pumpedMw":0,"solarMw":8,"windMw":0,"geoMw":0,"bioMw":0,"tidalMw":0,"owner":"New Ospvf 11 LP","operator":"New Ospvf 11 LP","agency":"IESO","period":"201703","sourceUrl":"https://open.canada.ca/data/en/dataset/490db619-ab58-4a2a-a245-2376ce1840de","sourceTitle":"Renewable Energy Power Plants, 1 MW or more","licence":"Open Government Licence - Canada","vintage":"201703"}},{"type":"Feature","geometry":{"type":"Point","coordinates":[-77.80195,44.29208]},"properties":{"id":"nacei-6001","kind":"plant","cat":"hydro","name":"Ranney Falls","province":"Ontario","place":"Campbellford","mw":10,"renewMw":10,"totalMw":10,"hydroMw":10,"pumpedMw":0,"solarMw":0,"windMw":0,"geoMw":0,"bioMw":0,"tidalMw":0,"owner":"","operator":"Ontario Power Generation Inc","agency":"OPG","period":"201708","sourceUrl":"https://open.canada.ca/data/en/dataset/490db619-ab58-4a2a-a245-2376ce1840de","sourceTitle":"Renewable Energy Power Plants, 1 MW or more","licence":"Open Government Licence - Canada","vintage":"201708"}},{"type":"Feature","geometry":{"type":"Point","coordinates":[-78.57615,47.93365]},"properties":{"id":"nacei-6002","kind":"plant","cat":"hydro","name":"Rapide-2","province":"Québec","place":"Outaouais","mw":67,"renewMw":67,"totalMw":67,"hydroMw":67,"pumpedMw":0,"solarMw":0,"windMw":0,"geoMw":0,"bioMw":0,"tidalMw":0,"owner":"Hydro-Québec","operator":"Hydro-Québec","agency":"Hydro-Québec","period":"201708","sourceUrl":"https://open.canada.ca/data/en/dataset/490db619-ab58-4a2a-a245-2376ce1840de","sourceTitle":"Renewable Energy Power Plants, 1 MW or more","licence":"Open Government Licence - Canada","vintage":"201708"}},{"type":"Feature","geometry":{"type":"Point","coordinates":[-78.31017,47.76847]},"properties":{"id":"nacei-6003","kind":"plant","cat":"hydro","name":"Rapide-7","province":"Québec","place":"Outaouais","mw":67,"renewMw":67,"totalMw":67,"hydroMw":67,"pumpedMw":0,"solarMw":0,"windMw":0,"geoMw":0,"bioMw":0,"tidalMw":0,"owner":"Hydro-Québec","operator":"Hydro-Québec","agency":"Hydro-Québec","period":"201708","sourceUrl":"https://open.canada.ca/data/en/dataset/490db619-ab58-4a2a-a245-2376ce1840de","sourceTitle":"Renewable Energy Power Plants, 1 MW or more","licence":"Open Government Licence - Canada","vintage":"201708"}},{"type":"Feature","geometry":{"type":"Point","coordinates":[-72.97348,47.79638]},"properties":{"id":"nacei-6004","kind":"plant","cat":"hydro","name":"Rapide-Blanc","province":"Québec","place":"Saint-Maurice","mw":204,"renewMw":204,"totalMw":204,"hydroMw":204,"pumpedMw":0,"solarMw":0,"windMw":0,"geoMw":0,"bioMw":0,"tidalMw":0,"owner":"Hydro-Québec","operator":"Hydro-Québec","agency":"Hydro-Québec","period":"201708","sourceUrl":"https://open.canada.ca/data/en/dataset/490db619-ab58-4a2a-a245-2376ce1840de","sourceTitle":"Renewable Energy Power Plants, 1 MW or more","licence":"Open Government Licence - Canada","vintage":"201708"}},{"type":"Feature","geometry":{"type":"Point","coordinates":[-73.3753,47.78658]},"properties":{"id":"nacei-6005","kind":"plant","cat":"hydro","name":"Rapide-des-Cœurs","province":"Québec","place":"Saint-Maurice","mw":76,"renewMw":76,"totalMw":76,"hydroMw":76,"pumpedMw":0,"solarMw":0,"windMw":0,"geoMw":0,"bioMw":0,"tidalMw":0,"owner":"Hydro-Québec","operator":"Hydro-Québec","agency":"Hydro-Québec","period":"201708","sourceUrl":"https://open.canada.ca/data/en/dataset/490db619-ab58-4a2a-a245-2376ce1840de","sourceTitle":"Renewable Energy Power Plants, 1 MW or more","licence":"Open Government Licence - Canada","vintage":"201708"}},{"type":"Feature","geometry":{"type":"Point","coordinates":[-75.64804,46.1009]},"properties":{"id":"nacei-6006","kind":"plant","cat":"hydro","name":"Rapides-des-Cèdres","province":"Québec","place":"Notre Dame du Laus","mw":9.3,"renewMw":9.3,"totalMw":9.3,"hydroMw":9.3,"pumpedMw":0,"solarMw":0,"windMw":0,"geoMw":0,"bioMw":0,"tidalMw":0,"owner":"Énergie La Lièvre, SEC","operator":"Énergie La Lièvre, SEC","agency":"MERN","period":"201708","sourceUrl":"https://open.canada.ca/data/en/dataset/490db619-ab58-4a2a-a245-2376ce1840de","sourceTitle":"Renewable Energy Power Plants, 1 MW or more","licence":"Open Government Licence - Canada","vintage":"201708"}},{"type":"Feature","geometry":{"type":"Point","coordinates":[-79.35463,47.57684]},"properties":{"id":"nacei-6007","kind":"plant","cat":"hydro","name":"Rapides-des-Îles","province":"Québec","place":"Outaouais","mw":176,"renewMw":176,"totalMw":176,"hydroMw":176,"pumpedMw":0,"solarMw":0,"windMw":0,"geoMw":0,"bioMw":0,"tidalMw":0,"owner":"Hydro-Québec","operator":"Hydro-Québec","agency":"Hydro-Québec","period":"201708","sourceUrl":"https://open.canada.ca/data/en/dataset/490db619-ab58-4a2a-a245-2376ce1840de","sourceTitle":"Renewable Energy Power Plants, 1 MW or more","licence":"Open Government Licence - Canada","vintage":"201708"}},{"type":"Feature","geometry":{"type":"Point","coordinates":[-79.29439,47.59059]},"properties":{"id":"nacei-6008","kind":"plant","cat":"hydro","name":"Rapides-des-Quinze","province":"Québec","place":"Outaouais","mw":103,"renewMw":103,"totalMw":103,"hydroMw":103,"pumpedMw":0,"solarMw":0,"windMw":0,"geoMw":0,"bioMw":0,"tidalMw":0,"owner":"Hydro-Québec","operator":"Hydro-Québec","agency":"Hydro-Québec","period":"201708","sourceUrl":"https://open.canada.ca/data/en/dataset/490db619-ab58-4a2a-a245-2376ce1840de","sourceTitle":"Renewable Energy Power Plants, 1 MW or more","licence":"Open Government Licence - Canada","vintage":"201708"}},{"type":"Feature","geometry":{"type":"Point","coordinates":[-75.76323,45.49892]},"properties":{"id":"nacei-6009","kind":"plant","cat":"hydro","name":"Rapides-Farmer","province":"Québec","place":"Outaouais","mw":104,"renewMw":104,"totalMw":104,"hydroMw":104,"pumpedMw":0,"solarMw":0,"windMw":0,"geoMw":0,"bioMw":0,"tidalMw":0,"owner":"Hydro-Québec","operator":"Hydro-Québec","agency":"Hydro-Québec","period":"201708","sourceUrl":"https://open.canada.ca/data/en/dataset/490db619-ab58-4a2a-a245-2376ce1840de","sourceTitle":"Renewable Energy Power Plants, 1 MW or more","licence":"Open Government Licence - Canada","vintage":"201708"}},{"type":"Feature","geometry":{"type":"Point","coordinates":[-56.83588,49.88763]},"properties":{"id":"nacei-6010","kind":"plant","cat":"hydro","name":"Rattle Brook","province":"Newfoundland and Labrador","place":"Rattlebrook River","mw":4,"renewMw":4,"totalMw":4,"hydroMw":4,"pumpedMw":0,"solarMw":0,"windMw":0,"geoMw":0,"bioMw":0,"tidalMw":0,"owner":"","operator":"Algonquin Power Corp","agency":"Statistics Canada","period":"2000","sourceUrl":"https://open.canada.ca/data/en/dataset/490db619-ab58-4a2a-a245-2376ce1840de","sourceTitle":"Renewable Energy Power Plants, 1 MW or more","licence":"Open Government Licence - Canada","vintage":"2000"}},{"type":"Feature","geometry":{"type":"Point","coordinates":[-55.298,49.06754]},"properties":{"id":"nacei-6011","kind":"plant","cat":"hydro","name":"Rattling Brook","province":"Newfoundland and Labrador","place":"Rattling Brook","mw":15.1,"renewMw":15.1,"totalMw":15.1,"hydroMw":15.1,"pumpedMw":0,"solarMw":0,"windMw":0,"geoMw":0,"bioMw":0,"tidalMw":0,"owner":"","operator":"Newfoundland Labrador Hydroelectric Corp (Nalcor Energy)","agency":"Government of Newfoundland and Labrador","period":"201409","sourceUrl":"https://open.canada.ca/data/en/dataset/490db619-ab58-4a2a-a245-2376ce1840de","sourceTitle":"Renewable Energy Power Plants, 1 MW or more","licence":"Open Government Licence - Canada","vintage":"201409"}},{"type":"Feature","geometry":{"type":"Point","coordinates":[-81.98124,43.17508]},"properties":{"id":"nacei-6012","kind":"plant","cat":"wind","name":"Ravenswood","province":"Ontario","place":"Lambton Shores","mw":9.9,"renewMw":9.9,"totalMw":9.9,"hydroMw":0,"pumpedMw":0,"solarMw":0,"windMw":9.9,"geoMw":0,"bioMw":0,"tidalMw":0,"owner":"","operator":"Sky Generation Inc","agency":"CanWEA","period":"201612","sourceUrl":"https://open.canada.ca/data/en/dataset/490db619-ab58-4a2a-a245-2376ce1840de","sourceTitle":"Renewable Energy Power Plants, 1 MW or more","licence":"Open Government Licence - Canada","vintage":"201612"}},{"type":"Feature","geometry":{"type":"Point","coordinates":[-73.72938,46.04583]},"properties":{"id":"nacei-6013","kind":"plant","cat":"hydro","name":"Rawdon","province":"Québec","place":"Rawdon","mw":2.5,"renewMw":2.5,"totalMw":2.5,"hydroMw":2.5,"pumpedMw":0,"solarMw":0,"windMw":0,"geoMw":0,"bioMw":0,"tidalMw":0,"owner":"Algonquin Power","operator":"Algonquin Power","agency":"Algonquin Power","period":"201708","sourceUrl":"https://open.canada.ca/data/en/dataset/490db619-ab58-4a2a-a245-2376ce1840de","sourceTitle":"Renewable Energy Power Plants, 1 MW or more","licence":"Open Government Licence - Canada","vintage":"201708"}},{"type":"Feature","geometry":{"type":"Point","coordinates":[-79.84227,44.69815]},"properties":{"id":"nacei-6014","kind":"plant","cat":"solar","name":"Raylight","province":"Ontario","place":"Wyebridge","mw":10,"renewMw":10,"totalMw":10,"hydroMw":0,"pumpedMw":0,"solarMw":10,"windMw":0,"geoMw":0,"bioMw":0,"tidalMw":0,"owner":"Concord Raylight Partnership","operator":"Raylight LP","agency":"IESO","period":"201703","sourceUrl":"https://open.canada.ca/data/en/dataset/490db619-ab58-4a2a-a245-2376ce1840de","sourceTitle":"Renewable Energy Power Plants, 1 MW or more","licence":"Open Government Licence - Canada","vintage":"201703"}},{"type":"Feature","geometry":{"type":"Point","coordinates":[-112.6924,49.4071]},"properties":{"id":"nacei-6015","kind":"plant","cat":"hydro","name":"Raymond","province":"Alberta","place":"Raymond","mw":18,"renewMw":18,"totalMw":18,"hydroMw":18,"pumpedMw":0,"solarMw":0,"windMw":0,"geoMw":0,"bioMw":0,"tidalMw":0,"owner":"","operator":"Irrican Power","agency":"Irrican Power","period":"2012","sourceUrl":"https://open.canada.ca/data/en/dataset/490db619-ab58-4a2a-a245-2376ce1840de","sourceTitle":"Renewable Energy Power Plants, 1 MW or more","licence":"Open Government Licence - Canada","vintage":"2012"}},{"type":"Feature","geometry":{"type":"Point","coordinates":[-83.38384,46.43371]},"properties":{"id":"nacei-6016","kind":"plant","cat":"hydro","name":"Rayner","province":"Ontario","place":"Thessalon","mw":46,"renewMw":46,"totalMw":46,"hydroMw":46,"pumpedMw":0,"solarMw":0,"windMw":0,"geoMw":0,"bioMw":0,"tidalMw":0,"owner":"Brookfield Renewable Power Inc","operator":"Brookfield Renewable Energy Partners","agency":"IESO","period":"201703","sourceUrl":"https://open.canada.ca/data/en/dataset/490db619-ab58-4a2a-a245-2376ce1840de","sourceTitle":"Renewable Energy Power Plants, 1 MW or more","licence":"Open Government Licence - Canada","vintage":"201703"}},{"type":"Feature","geometry":{"type":"Point","coordinates":[-101.74329,50.19191]},"properties":{"id":"nacei-6017","kind":"plant","cat":"wind","name":"Red Lily","province":"Saskatchewan","place":"Moosomin","mw":26.4,"renewMw":26.4,"totalMw":26.4,"hydroMw":0,"pumpedMw":0,"solarMw":0,"windMw":26.4,"geoMw":0,"bioMw":0,"tidalMw":0,"owner":"Algonquin Power","operator":"Algonquin Power","agency":"CanWEA","period":"201612","sourceUrl":"https://open.canada.ca/data/en/dataset/490db619-ab58-4a2a-a245-2376ce1840de","sourceTitle":"Renewable Energy Power Plants, 1 MW or more","licence":"Open Government Licence - Canada","vintage":"201612"}},{"type":"Feature","geometry":{"type":"Point","coordinates":[-83.29052,46.31495]},"properties":{"id":"nacei-6018","kind":"plant","cat":"hydro","name":"Red Rock Falls","province":"Ontario","place":"Thessalon","mw":41,"renewMw":41,"totalMw":41,"hydroMw":41,"pumpedMw":0,"solarMw":0,"windMw":0,"geoMw":0,"bioMw":0,"tidalMw":0,"owner":"Brookfield Renewable Power Inc","operator":"Brookfield Renewable Energy Partners","agency":"IESO","period":"201703","sourceUrl":"https://open.canada.ca/data/en/dataset/490db619-ab58-4a2a-a245-2376ce1840de","sourceTitle":"Renewable Energy Power Plants, 1 MW or more","licence":"Open Government Licence - Canada","vintage":"201703"}},{"type":"Feature","geometry":{"type":"Point","coordinates":[-68.59447,49.74077]},"properties":{"id":"nacei-6019","kind":"plant","cat":"hydro","name":"René-Lévesque (Manic-3)","province":"Québec","place":"Manicouagan","mw":1326,"renewMw":1326,"totalMw":1326,"hydroMw":1326,"pumpedMw":0,"solarMw":0,"windMw":0,"geoMw":0,"bioMw":0,"tidalMw":0,"owner":"Hydro-Québec","operator":"Hydro-Québec","agency":"Hydro-Québec","period":"201708","sourceUrl":"https://open.canada.ca/data/en/dataset/490db619-ab58-4a2a-a245-2376ce1840de","sourceTitle":"Renewable Energy Power Plants, 1 MW or more","licence":"Open Government Licence - Canada","vintage":"201708"}},{"type":"Feature","geometry":{"type":"Point","coordinates":[-118.19394,51.04856]},"properties":{"id":"nacei-6020","kind":"plant","cat":"hydro","name":"Revelstoke","province":"British Columbia","place":"Columbia River","mw":2480,"renewMw":2480,"totalMw":2480,"hydroMw":2480,"pumpedMw":0,"solarMw":0,"windMw":0,"geoMw":0,"bioMw":0,"tidalMw":0,"owner":"BC Hydro","operator":"BC Hydro","agency":"BC Hydro","period":"201708","sourceUrl":"https://open.canada.ca/data/en/dataset/490db619-ab58-4a2a-a245-2376ce1840de","sourceTitle":"Renewable Energy Power Plants, 1 MW or more","licence":"Open Government Licence - Canada","vintage":"201708"}},{"type":"Feature","geometry":{"type":"Point","coordinates":[-118.19761,50.98661]},"properties":{"id":"nacei-6021","kind":"plant","cat":"biomass","name":"Revelstoke District","province":"British Columbia","place":"Revelstoke","mw":1.5,"renewMw":1.5,"totalMw":1.5,"hydroMw":0,"pumpedMw":0,"solarMw":0,"windMw":0,"geoMw":0,"bioMw":1.5,"tidalMw":0,"owner":"City of Revelstoke","operator":"British Columbia","agency":"CIEEDAC","period":"201512","sourceUrl":"https://open.canada.ca/data/en/dataset/490db619-ab58-4a2a-a245-2376ce1840de","sourceTitle":"Renewable Energy Power Plants, 1 MW or more","licence":"Open Government Licence - Canada","vintage":"201512"}},{"type":"Feature","geometry":{"type":"Point","coordinates":[-82.45664,42.23637]},"properties":{"id":"nacei-6022","kind":"plant","cat":"wind","name":"Richardson","province":"Ontario","place":"Lakeshore","mw":10,"renewMw":10,"totalMw":10,"hydroMw":0,"pumpedMw":0,"solarMw":0,"windMw":10,"geoMw":0,"bioMw":0,"tidalMw":0,"owner":"","operator":"Gengrowth LP1","agency":"CanWEA","period":"201612","sourceUrl":"https://open.canada.ca/data/en/dataset/490db619-ab58-4a2a-a245-2376ce1840de","sourceTitle":"Renewable Energy Power Plants, 1 MW or more","licence":"Open Government Licence - Canada","vintage":"201612"}},{"type":"Feature","geometry":{"type":"Point","coordinates":[-75.69594,45.44216]},"properties":{"id":"nacei-6023","kind":"plant","cat":"hydro","name":"Rideau Falls","province":"Ontario","place":"Ottawa","mw":2,"renewMw":2,"totalMw":2,"hydroMw":2,"pumpedMw":0,"solarMw":0,"windMw":0,"geoMw":0,"bioMw":0,"tidalMw":0,"owner":"Fortis Generation East LP","operator":"Fortis Properties Corp","agency":"IESO","period":"201703","sourceUrl":"https://open.canada.ca/data/en/dataset/490db619-ab58-4a2a-a245-2376ce1840de","sourceTitle":"Renewable Energy Power Plants, 1 MW or more","licence":"Open Government Licence - Canada","vintage":"201703"}},{"type":"Feature","geometry":{"type":"Point","coordinates":[-65.58296,44.55375]},"properties":{"id":"nacei-6024","kind":"plant","cat":"hydro","name":"Ridge","province":"Nova Scotia","place":"Bear River","mw":3.5,"renewMw":3.5,"totalMw":3.5,"hydroMw":3.5,"pumpedMw":0,"solarMw":0,"windMw":0,"geoMw":0,"bioMw":0,"tidalMw":0,"owner":"","operator":"Nova Scotia Power Inc","agency":"Statistics Canada","period":"2000","sourceUrl":"https://open.canada.ca/data/en/dataset/490db619-ab58-4a2a-a245-2376ce1840de","sourceTitle":"Renewable Energy Power Plants, 1 MW or more","licence":"Open Government Licence - Canada","vintage":"2000"}},{"type":"Feature","geometry":{"type":"Point","coordinates":[-68.55318,48.41123]},"properties":{"id":"nacei-6025","kind":"plant","cat":"hydro","name":"Rimouski (La Pulpe)","province":"Québec","place":"Sainte Odile sur Rimouski","mw":3.7,"renewMw":3.7,"totalMw":3.7,"hydroMw":3.7,"pumpedMw":0,"solarMw":0,"windMw":0,"geoMw":0,"bioMw":0,"tidalMw":0,"owner":"Fiducie Boralex Énergie/Boralex Inc","operator":"Fiducie Boralex Énergie/Boralex Inc","agency":"MERN","period":"201708","sourceUrl":"https://open.canada.ca/data/en/dataset/490db619-ab58-4a2a-a245-2376ce1840de","sourceTitle":"Renewable Energy Power Plants, 1 MW or more","licence":"Open Government Licence - Canada","vintage":"201708"}},{"type":"Feature","geometry":{"type":"Point","coordinates":[-81.65579,44.05237]},"properties":{"id":"nacei-6026","kind":"plant","cat":"wind","name":"Ripley","province":"Ontario","place":"Ripley","mw":76,"renewMw":76,"totalMw":76,"hydroMw":0,"pumpedMw":0,"solarMw":0,"windMw":76,"geoMw":0,"bioMw":0,"tidalMw":0,"owner":"Suncor Energy Products Inc & Acciona Wind Energy Canada Inc","operator":"Suncor Energy Products Inc and","agency":"CanWEA","period":"201612","sourceUrl":"https://open.canada.ca/data/en/dataset/490db619-ab58-4a2a-a245-2376ce1840de","sourceTitle":"Renewable Energy Power Plants, 1 MW or more","licence":"Open Government Licence - Canada","vintage":"201612"}},{"type":"Feature","geometry":{"type":"Point","coordinates":[-71.09956,47.97448]},"properties":{"id":"nacei-6027","kind":"plant","cat":"wind","name":"Rivière du Moulin 1","province":"Québec","place":"TNO Lac Pikauba","mw":150,"renewMw":150,"totalMw":150,"hydroMw":0,"pumpedMw":0,"solarMw":0,"windMw":150,"geoMw":0,"bioMw":0,"tidalMw":0,"owner":"EDF Energies Nouvelles","operator":"EDF Energies Nouvelles","agency":"CanWEA","period":"201612","sourceUrl":"https://open.canada.ca/data/en/dataset/490db619-ab58-4a2a-a245-2376ce1840de","sourceTitle":"Renewable Energy Power Plants, 1 MW or more","licence":"Open Government Licence - Canada","vintage":"201612"}},{"type":"Feature","geometry":{"type":"Point","coordinates":[-71.05603,47.99697]},"properties":{"id":"nacei-6028","kind":"plant","cat":"wind","name":"Rivière du Moulin 2","province":"Québec","place":"","mw":200,"renewMw":200,"totalMw":200,"hydroMw":0,"pumpedMw":0,"solarMw":0,"windMw":200,"geoMw":0,"bioMw":0,"tidalMw":0,"owner":"EDF Energies Nouvelles","operator":"EDF Energies Nouvelles","agency":"CanWEA","period":"201612","sourceUrl":"https://open.canada.ca/data/en/dataset/490db619-ab58-4a2a-a245-2376ce1840de","sourceTitle":"Renewable Energy Power Plants, 1 MW or more","licence":"Open Government Licence - Canada","vintage":"201612"}},{"type":"Feature","geometry":{"type":"Point","coordinates":[-73.65719,45.58946]},"properties":{"id":"nacei-6029","kind":"plant","cat":"hydro","name":"Rivière-des-Prairies","province":"Québec","place":"St. Lawrence River","mw":54,"renewMw":54,"totalMw":54,"hydroMw":54,"pumpedMw":0,"solarMw":0,"windMw":0,"geoMw":0,"bioMw":0,"tidalMw":0,"owner":"Hydro-Québec","operator":"Hydro-Québec","agency":"Hydro-Québec","period":"201708","sourceUrl":"https://open.canada.ca/data/en/dataset/490db619-ab58-4a2a-a245-2376ce1840de","sourceTitle":"Renewable Energy Power Plants, 1 MW or more","licence":"Open Government Licence - Canada","vintage":"201708"}},{"type":"Feature","geometry":{"type":"Point","coordinates":[-69.53002,47.83052]},"properties":{"id":"nacei-6030","kind":"plant","cat":"hydro","name":"Rivière-du-Loup","province":"Québec","place":"Riviere du loup","mw":2.6,"renewMw":2.6,"totalMw":2.6,"hydroMw":2.6,"pumpedMw":0,"solarMw":0,"windMw":0,"geoMw":0,"bioMw":0,"tidalMw":0,"owner":"Algonquin Power","operator":"Algonquin Power","agency":"Algonquin Power","period":"201708","sourceUrl":"https://open.canada.ca/data/en/dataset/490db619-ab58-4a2a-a245-2376ce1840de","sourceTitle":"Renewable Energy Power Plants, 1 MW or more","licence":"Open Government Licence - Canada","vintage":"201708"}},{"type":"Feature","geometry":{"type":"Point","coordinates":[-74.7905,45.00885]},"properties":{"id":"nacei-6031","kind":"plant","cat":"hydro","name":"Robert H Saunders","province":"Ontario","place":"Cornwall","mw":1045,"renewMw":1045,"totalMw":1045,"hydroMw":1045,"pumpedMw":0,"solarMw":0,"windMw":0,"geoMw":0,"bioMw":0,"tidalMw":0,"owner":"","operator":"Ontario Power Generation Inc","agency":"OPG","period":"201708","sourceUrl":"https://open.canada.ca/data/en/dataset/490db619-ab58-4a2a-a245-2376ce1840de","sourceTitle":"Renewable Energy Power Plants, 1 MW or more","licence":"Open Government Licence - Canada","vintage":"201708"}},{"type":"Feature","geometry":{"type":"Point","coordinates":[-75.58751,45.46251]},"properties":{"id":"nacei-6032","kind":"plant","cat":"biomass","name":"Robert O. Pickard","province":"Ontario","place":"Ottawa","mw":2.4,"renewMw":2.4,"totalMw":2.4,"hydroMw":0,"pumpedMw":0,"solarMw":0,"windMw":0,"geoMw":0,"bioMw":2.4,"tidalMw":0,"owner":"","operator":"The City of Ottawa","agency":"Canadian Bioenergy Association","period":"201512","sourceUrl":"https://open.canada.ca/data/en/dataset/490db619-ab58-4a2a-a245-2376ce1840de","sourceTitle":"Renewable Energy Power Plants, 1 MW or more","licence":"Open Government Licence - Canada","vintage":"201512"}},{"type":"Feature","geometry":{"type":"Point","coordinates":[-77.53055,53.78178]},"properties":{"id":"nacei-6033","kind":"plant","cat":"hydro","name":"Robert-Bourassa","province":"Québec","place":"La Grande","mw":5616,"renewMw":5616,"totalMw":5616,"hydroMw":5616,"pumpedMw":0,"solarMw":0,"windMw":0,"geoMw":0,"bioMw":0,"tidalMw":0,"owner":"Hydro-Québec","operator":"Hydro-Québec","agency":"Hydro-Québec","period":"201708","sourceUrl":"https://open.canada.ca/data/en/dataset/490db619-ab58-4a2a-a245-2376ce1840de","sourceTitle":"Renewable Energy Power Plants, 1 MW or more","licence":"Open Government Licence - Canada","vintage":"201708"}},{"type":"Feature","geometry":{"type":"Point","coordinates":[-72.67513,46.61386]},"properties":{"id":"nacei-6034","kind":"plant","cat":"hydro","name":"Rocher-de-Grand-Mère","province":"Québec","place":"Saint-Maurice","mw":230,"renewMw":230,"totalMw":230,"hydroMw":230,"pumpedMw":0,"solarMw":0,"windMw":0,"geoMw":0,"bioMw":0,"tidalMw":0,"owner":"Hydroelectric","operator":"Hydro-Québec","agency":"Hydro-Québec","period":"201708","sourceUrl":"https://open.canada.ca/data/en/dataset/490db619-ab58-4a2a-a245-2376ce1840de","sourceTitle":"Renewable Energy Power Plants, 1 MW or more","licence":"Open Government Licence - Canada","vintage":"201708"}},{"type":"Feature","geometry":{"type":"Point","coordinates":[-71.99353,45.34178]},"properties":{"id":"nacei-6035","kind":"plant","cat":"hydro","name":"Rock Forest","province":"Québec","place":"Sherbrooke","mw":2.9,"renewMw":2.9,"totalMw":2.9,"hydroMw":2.9,"pumpedMw":0,"solarMw":0,"windMw":0,"geoMw":0,"bioMw":0,"tidalMw":0,"owner":"Ville de Sherbrooke /Hydro Sherbrooke","operator":"Ville de Sherbrooke /Hydro Sherbrooke","agency":"MERN","period":"201708","sourceUrl":"https://open.canada.ca/data/en/dataset/490db619-ab58-4a2a-a245-2376ce1840de","sourceTitle":"Renewable Energy Power Plants, 1 MW or more","licence":"Open Government Licence - Canada","vintage":"201708"}},{"type":"Feature","geometry":{"type":"Point","coordinates":[-52.89504,47.21043]},"properties":{"id":"nacei-6036","kind":"plant","cat":"hydro","name":"Rocky Pond","province":"Newfoundland and Labrador","place":"Lamanche Canal","mw":3.3,"renewMw":3.3,"totalMw":3.3,"hydroMw":3.3,"pumpedMw":0,"solarMw":0,"windMw":0,"geoMw":0,"bioMw":0,"tidalMw":0,"owner":"","operator":"Newfoundland Light & Power Co Ltd","agency":"Government of Newfoundland and Labrador","period":"201409","sourceUrl":"https://open.canada.ca/data/en/dataset/490db619-ab58-4a2a-a245-2376ce1840de","sourceTitle":"Renewable Energy Power Plants, 1 MW or more","licence":"Open Government Licence - Canada","vintage":"201409"}},{"type":"Feature","geometry":{"type":"Point","coordinates":[-63.26066,50.38538]},"properties":{"id":"nacei-6037","kind":"plant","cat":"hydro","name":"Romaine-1","province":"Québec","place":"Romaine","mw":270,"renewMw":270,"totalMw":270,"hydroMw":270,"pumpedMw":0,"solarMw":0,"windMw":0,"geoMw":0,"bioMw":0,"tidalMw":0,"owner":"","operator":"","agency":"Hydro-Québec","period":"201708","sourceUrl":"https://open.canada.ca/data/en/dataset/490db619-ab58-4a2a-a245-2376ce1840de","sourceTitle":"Renewable Energy Power Plants, 1 MW or more","licence":"Open Government Licence - Canada","vintage":"201708"}},{"type":"Feature","geometry":{"type":"Point","coordinates":[-63.19405,50.62456]},"properties":{"id":"nacei-6038","kind":"plant","cat":"hydro","name":"Romaine-2","province":"Québec","place":"Romaine","mw":640,"renewMw":640,"totalMw":640,"hydroMw":640,"pumpedMw":0,"solarMw":0,"windMw":0,"geoMw":0,"bioMw":0,"tidalMw":0,"owner":"Hydro-Québec","operator":"Hydro-Québec","agency":"Hydro-Québec","period":"201708","sourceUrl":"https://open.canada.ca/data/en/dataset/490db619-ab58-4a2a-a245-2376ce1840de","sourceTitle":"Renewable Energy Power Plants, 1 MW or more","licence":"Open Government Licence - Canada","vintage":"201708"}},{"type":"Feature","geometry":{"type":"Point","coordinates":[-58.71303,47.65189]},"properties":{"id":"nacei-6039","kind":"plant","cat":"hydro","name":"Rose Blanche","province":"Newfoundland and Labrador","place":"Rose Blanche Brook","mw":6,"renewMw":6,"totalMw":6,"hydroMw":6,"pumpedMw":0,"solarMw":0,"windMw":0,"geoMw":0,"bioMw":0,"tidalMw":0,"owner":"","operator":"Newfoundland Light & Power Co Ltd","agency":"Government of Newfoundland and Labrador","period":"201409","sourceUrl":"https://open.canada.ca/data/en/dataset/490db619-ab58-4a2a-a245-2376ce1840de","sourceTitle":"Renewable Energy Power Plants, 1 MW or more","licence":"Open Government Licence - Canada","vintage":"201409"}},{"type":"Feature","geometry":{"type":"Point","coordinates":[-65.34388,43.78231]},"properties":{"id":"nacei-6040","kind":"plant","cat":"hydro","name":"Roseway","province":"Nova Scotia","place":"","mw":2,"renewMw":2,"totalMw":2,"hydroMw":2,"pumpedMw":0,"solarMw":0,"windMw":0,"geoMw":0,"bioMw":0,"tidalMw":0,"owner":"Nova Scotia Power Inc","operator":"Nova Scotia Power Inc","agency":"","period":"201601","sourceUrl":"https://open.canada.ca/data/en/dataset/490db619-ab58-4a2a-a245-2376ce1840de","sourceTitle":"Renewable Energy Power Plants, 1 MW or more","licence":"Open Government Licence - Canada","vintage":"201601"}},{"type":"Feature","geometry":{"type":"Point","coordinates":[-69.17058,48.73187]},"properties":{"id":"nacei-6041","kind":"plant","cat":"hydro","name":"RSP-2","province":"Québec","place":"","mw":6.5,"renewMw":6.5,"totalMw":6.5,"hydroMw":6.5,"pumpedMw":0,"solarMw":0,"windMw":0,"geoMw":0,"bioMw":0,"tidalMw":0,"owner":"Fiducie Boralex Énergie/Boralex Inc","operator":"Fiducie Boralex Énergie/Boralex Inc","agency":"MERN","period":"201708","sourceUrl":"https://open.canada.ca/data/en/dataset/490db619-ab58-4a2a-a245-2376ce1840de","sourceTitle":"Renewable Energy Power Plants, 1 MW or more","licence":"Open Government Licence - Canada","vintage":"201708"}},{"type":"Feature","geometry":{"type":"Point","coordinates":[-69.06482,48.73514]},"properties":{"id":"nacei-6042","kind":"plant","cat":"hydro","name":"RSP-3","province":"Québec","place":"","mw":5.3,"renewMw":5.3,"totalMw":5.3,"hydroMw":5.3,"pumpedMw":0,"solarMw":0,"windMw":0,"geoMw":0,"bioMw":0,"tidalMw":0,"owner":"Fiducie Boralex Énergie/Boralex Inc","operator":"Fiducie Boralex Énergie/Boralex Inc","agency":"MERN","period":"201708","sourceUrl":"https://open.canada.ca/data/en/dataset/490db619-ab58-4a2a-a245-2376ce1840de","sourceTitle":"Renewable Energy Power Plants, 1 MW or more","licence":"Open Government Licence - Canada","vintage":"201708"}},{"type":"Feature","geometry":{"type":"Point","coordinates":[-81.66928,42.95481]},"properties":{"id":"nacei-6043","kind":"plant","cat":"solar","name":"Ruby Farms","province":"Ontario","place":"Strathroy","mw":2,"renewMw":2,"totalMw":2,"hydroMw":0,"pumpedMw":0,"solarMw":2,"windMw":0,"geoMw":0,"bioMw":0,"tidalMw":0,"owner":"Vine Fresh Produce Limited","operator":"Vine Fresh Produce Limited","agency":"IESO","period":"201703","sourceUrl":"https://open.canada.ca/data/en/dataset/490db619-ab58-4a2a-a245-2376ce1840de","sourceTitle":"Renewable Energy Power Plants, 1 MW or more","licence":"Open Government Licence - Canada","vintage":"201703"}},{"type":"Feature","geometry":{"type":"Point","coordinates":[-115.37355,51.08868]},"properties":{"id":"nacei-6044","kind":"plant","cat":"hydro","name":"Rundle","province":"Alberta","place":"Canmore","mw":50,"renewMw":50,"totalMw":50,"hydroMw":50,"pumpedMw":0,"solarMw":0,"windMw":0,"geoMw":0,"bioMw":0,"tidalMw":0,"owner":"TransAlta (100%)","operator":"TransAlta (100%)","agency":"TransAlta","period":"201708","sourceUrl":"https://open.canada.ca/data/en/dataset/490db619-ab58-4a2a-a245-2376ce1840de","sourceTitle":"Renewable Energy Power Plants, 1 MW or more","licence":"Open Government Licence - Canada","vintage":"201708"}},{"type":"Feature","geometry":{"type":"Point","coordinates":[-122.40834,49.19497]},"properties":{"id":"nacei-6045","kind":"plant","cat":"hydro","name":"Ruskin","province":"British Columbia","place":"Hayward Lake","mw":105,"renewMw":105,"totalMw":105,"hydroMw":105,"pumpedMw":0,"solarMw":0,"windMw":0,"geoMw":0,"bioMw":0,"tidalMw":0,"owner":"BC Hydro","operator":"BC Hydro","agency":"BC Hydro","period":"201708","sourceUrl":"https://open.canada.ca/data/en/dataset/490db619-ab58-4a2a-a245-2376ce1840de","sourceTitle":"Renewable Energy Power Plants, 1 MW or more","licence":"Open Government Licence - Canada","vintage":"201708"}},{"type":"Feature","geometry":{"type":"Point","coordinates":[-62.5005,44.93407]},"properties":{"id":"nacei-6046","kind":"plant","cat":"hydro","name":"Ruth Falls","province":"Nova Scotia","place":"East River","mw":7.1,"renewMw":7.1,"totalMw":7.1,"hydroMw":7.1,"pumpedMw":0,"solarMw":0,"windMw":0,"geoMw":0,"bioMw":0,"tidalMw":0,"owner":"","operator":"Nova Scotia Power Inc","agency":"Statistics Canada","period":"2000","sourceUrl":"https://open.canada.ca/data/en/dataset/490db619-ab58-4a2a-a245-2376ce1840de","sourceTitle":"Renewable Energy Power Plants, 1 MW or more","licence":"Open Government Licence - Canada","vintage":"2000"}},{"type":"Feature","geometry":{"type":"Point","coordinates":[-122.86695,50.2727]},"properties":{"id":"nacei-6047","kind":"plant","cat":"hydro","name":"Rutherford Creek","province":"British Columbia","place":"Pemberton","mw":49.9,"renewMw":49.9,"totalMw":49.9,"hydroMw":49.9,"pumpedMw":0,"solarMw":0,"windMw":0,"geoMw":0,"bioMw":0,"tidalMw":0,"owner":"Innergex Inc","operator":"Innergex Inc","agency":"Innergex","period":"201708","sourceUrl":"https://open.canada.ca/data/en/dataset/490db619-ab58-4a2a-a245-2376ce1840de","sourceTitle":"Renewable Energy Power Plants, 1 MW or more","licence":"Open Government Licence - Canada","vintage":"201708"}},{"type":"Feature","geometry":{"type":"Point","coordinates":[-80.26555,42.78408]},"properties":{"id":"nacei-6048","kind":"plant","cat":"solar","name":"Ryerse","province":"Ontario","place":"Simcoe","mw":9.1,"renewMw":9.1,"totalMw":9.1,"hydroMw":0,"pumpedMw":0,"solarMw":9.1,"windMw":0,"geoMw":0,"bioMw":0,"tidalMw":0,"owner":"Skypower Ltd / Sunedison","operator":"Skypower Ltd / Sunedison","agency":"CSSKY","period":"201302","sourceUrl":"https://open.canada.ca/data/en/dataset/490db619-ab58-4a2a-a245-2376ce1840de","sourceTitle":"Renewable Energy Power Plants, 1 MW or more","licence":"Open Government Licence - Canada","vintage":"201302"}},{"type":"Feature","geometry":{"type":"Point","coordinates":[-71.08391,48.42117]},"properties":{"id":"nacei-6049","kind":"plant","cat":"hydro","name":"S.P.C.","province":"Québec","place":"Chicoutimi","mw":38,"renewMw":38,"totalMw":38,"hydroMw":38,"pumpedMw":0,"solarMw":0,"windMw":0,"geoMw":0,"bioMw":0,"tidalMw":0,"owner":"Centrale S.P.C. Inc","operator":"Centrale S.P.C. Inc","agency":"MERN","period":"201708","sourceUrl":"https://open.canada.ca/data/en/dataset/490db619-ab58-4a2a-a245-2376ce1840de","sourceTitle":"Renewable Energy Power Plants, 1 MW or more","licence":"Open Government Licence - Canada","vintage":"201708"}},{"type":"Feature","geometry":{"type":"Point","coordinates":[-60.99951,45.31609]},"properties":{"id":"nacei-6050","kind":"plant","cat":"wind","name":"Sable","province":"Nova Scotia","place":"","mw":13.8,"renewMw":13.8,"totalMw":13.8,"hydroMw":0,"pumpedMw":0,"solarMw":0,"windMw":13.8,"geoMw":0,"bioMw":0,"tidalMw":0,"owner":"Municipality of the District of Guysborough","operator":"Municipality of the District of Guysborough","agency":"CanWEA","period":"201612","sourceUrl":"https://open.canada.ca/data/en/dataset/490db619-ab58-4a2a-a245-2376ce1840de","sourceTitle":"Renewable Energy Power Plants, 1 MW or more","licence":"Open Government Licence - Canada","vintage":"201612"}},{"type":"Feature","geometry":{"type":"Point","coordinates":[-66.09454,45.25892]},"properties":{"id":"nacei-6051","kind":"plant","cat":"biomass","name":"Saint John","province":"New Brunswick","place":"","mw":29.7,"renewMw":29.7,"totalMw":29.7,"hydroMw":0,"pumpedMw":0,"solarMw":0,"windMw":0,"geoMw":0,"bioMw":29.7,"tidalMw":0,"owner":"","operator":"Irving Pulp & Paper Ltd","agency":"Statistics Canada","period":"2000","sourceUrl":"https://open.canada.ca/data/en/dataset/490db619-ab58-4a2a-a245-2376ce1840de","sourceTitle":"Renewable Energy Power Plants, 1 MW or more","licence":"Open Government Licence - Canada","vintage":"2000"}},{"type":"Feature","geometry":{"type":"Point","coordinates":[-61.17683,46.33074]},"properties":{"id":"nacei-6052","kind":"plant","cat":"wind","name":"Saint Rose","province":"Nova Scotia","place":"","mw":2,"renewMw":2,"totalMw":2,"hydroMw":0,"pumpedMw":0,"solarMw":0,"windMw":2,"geoMw":0,"bioMw":0,"tidalMw":0,"owner":"","operator":"","agency":"CanWEA","period":"201612","sourceUrl":"https://open.canada.ca/data/en/dataset/490db619-ab58-4a2a-a245-2376ce1840de","sourceTitle":"Renewable Energy Power Plants, 1 MW or more","licence":"Open Government Licence - Canada","vintage":"201612"}},{"type":"Feature","geometry":{"type":"Point","coordinates":[-72.07682,46.70998]},"properties":{"id":"nacei-6053","kind":"plant","cat":"hydro","name":"Saint-Alban","province":"Québec","place":"Saint Alban","mw":8.2,"renewMw":8.2,"totalMw":8.2,"hydroMw":8.2,"pumpedMw":0,"solarMw":0,"windMw":0,"geoMw":0,"bioMw":0,"tidalMw":0,"owner":"Algonquin Power","operator":"Algonquin Power","agency":"Algonquin Power","period":"201708","sourceUrl":"https://open.canada.ca/data/en/dataset/490db619-ab58-4a2a-a245-2376ce1840de","sourceTitle":"Renewable Energy Power Plants, 1 MW or more","licence":"Open Government Licence - Canada","vintage":"201708"}},{"type":"Feature","geometry":{"type":"Point","coordinates":[-67.86738,48.62481]},"properties":{"id":"nacei-6054","kind":"plant","cat":"wind","name":"Saint-Damase","province":"Québec","place":"Saint-Damase","mw":23.5,"renewMw":23.5,"totalMw":23.5,"hydroMw":0,"pumpedMw":0,"solarMw":0,"windMw":23.5,"geoMw":0,"bioMw":0,"tidalMw":0,"owner":"Algonquin Power","operator":"Algonquin Power","agency":"CanWEA","period":"201612","sourceUrl":"https://open.canada.ca/data/en/dataset/490db619-ab58-4a2a-a245-2376ce1840de","sourceTitle":"Renewable Energy Power Plants, 1 MW or more","licence":"Open Government Licence - Canada","vintage":"201612"}},{"type":"Feature","geometry":{"type":"Point","coordinates":[-72.47908,46.03115]},"properties":{"id":"nacei-6055","kind":"plant","cat":"hydro","name":"Sainte-Brigitte-des-Saults","province":"Québec","place":"Ste Brigitte des Saults","mw":4.2,"renewMw":4.2,"totalMw":4.2,"hydroMw":4.2,"pumpedMw":0,"solarMw":0,"windMw":0,"geoMw":0,"bioMw":0,"tidalMw":0,"owner":"Algonquin Power","operator":"Algonquin Power","agency":"Algonquin Power","period":"201708","sourceUrl":"https://open.canada.ca/data/en/dataset/490db619-ab58-4a2a-a245-2376ce1840de","sourceTitle":"Renewable Energy Power Plants, 1 MW or more","licence":"Open Government Licence - Canada","vintage":"201708"}},{"type":"Feature","geometry":{"type":"Point","coordinates":[-66.63618,50.19714]},"properties":{"id":"nacei-6056","kind":"plant","cat":"hydro","name":"Sainte-Marguerite-1-1a","province":"Québec","place":"Sept Iles","mw":30.5,"renewMw":30.5,"totalMw":30.5,"hydroMw":30.5,"pumpedMw":0,"solarMw":0,"windMw":0,"geoMw":0,"bioMw":0,"tidalMw":0,"owner":"Innergex Inc (50%) / Desjardins Group Pension Plan (50%)","operator":"Innergex Inc (50%) / Desjardins Group Pension Plan (50%)","agency":"Innergex","period":"201708","sourceUrl":"https://open.canada.ca/data/en/dataset/490db619-ab58-4a2a-a245-2376ce1840de","sourceTitle":"Renewable Energy Power Plants, 1 MW or more","licence":"Open Government Licence - Canada","vintage":"201708"}},{"type":"Feature","geometry":{"type":"Point","coordinates":[-66.65834,50.21229]},"properties":{"id":"nacei-6057","kind":"plant","cat":"hydro","name":"Sainte-Marguerite-2","province":"Québec","place":"Sept Iles","mw":24,"renewMw":24,"totalMw":24,"hydroMw":24,"pumpedMw":0,"solarMw":0,"windMw":0,"geoMw":0,"bioMw":0,"tidalMw":0,"owner":"Compagnie Gulf Power","operator":"Compagnie Gulf Power","agency":"MERN","period":"201708","sourceUrl":"https://open.canada.ca/data/en/dataset/490db619-ab58-4a2a-a245-2376ce1840de","sourceTitle":"Renewable Energy Power Plants, 1 MW or more","licence":"Open Government Licence - Canada","vintage":"201708"}},{"type":"Feature","geometry":{"type":"Point","coordinates":[-66.78139,50.71278]},"properties":{"id":"nacei-6058","kind":"plant","cat":"hydro","name":"Sainte-Marguerite-3","province":"Québec","place":"Sainte-Marguerite","mw":882,"renewMw":882,"totalMw":882,"hydroMw":882,"pumpedMw":0,"solarMw":0,"windMw":0,"geoMw":0,"bioMw":0,"tidalMw":0,"owner":"Hydroelectric","operator":"Hydro-Québec","agency":"Hydro-Québec","period":"201708","sourceUrl":"https://open.canada.ca/data/en/dataset/490db619-ab58-4a2a-a245-2376ce1840de","sourceTitle":"Renewable Energy Power Plants, 1 MW or more","licence":"Open Government Licence - Canada","vintage":"201708"}},{"type":"Feature","geometry":{"type":"Point","coordinates":[-72.51278,48.74648]},"properties":{"id":"nacei-6059","kind":"plant","cat":"biomass","name":"Saint-Félicien (Fibrek)","province":"Québec","place":"Saint-Félicien","mw":42.7,"renewMw":42.7,"totalMw":42.7,"hydroMw":0,"pumpedMw":0,"solarMw":0,"windMw":0,"geoMw":0,"bioMw":42.7,"tidalMw":0,"owner":"PF Résolu Canada Inc","operator":"PF Résolu Canada Inc","agency":"Hydro-Québec","period":"201708","sourceUrl":"https://open.canada.ca/data/en/dataset/490db619-ab58-4a2a-a245-2376ce1840de","sourceTitle":"Renewable Energy Power Plants, 1 MW or more","licence":"Open Government Licence - Canada","vintage":"201708"}},{"type":"Feature","geometry":{"type":"Point","coordinates":[-73.51533,45.49586]},"properties":{"id":"nacei-6060","kind":"plant","cat":"hydro","name":"Saint-Lambert","province":"Québec","place":"St Lambert","mw":5.8,"renewMw":5.8,"totalMw":5.8,"hydroMw":5.8,"pumpedMw":0,"solarMw":0,"windMw":0,"geoMw":0,"bioMw":0,"tidalMw":0,"owner":"Placements Énergétiques Blx Inc/Boralex Inc","operator":"Placements Énergétiques Blx Inc/Boralex Inc","agency":"MERN","period":"201708","sourceUrl":"https://open.canada.ca/data/en/dataset/490db619-ab58-4a2a-a245-2376ce1840de","sourceTitle":"Renewable Energy Power Plants, 1 MW or more","licence":"Open Government Licence - Canada","vintage":"201708"}},{"type":"Feature","geometry":{"type":"Point","coordinates":[-72.41018,46.54837]},"properties":{"id":"nacei-6061","kind":"plant","cat":"hydro","name":"Saint-Narcisse","province":"Québec","place":"Batiscan","mw":15,"renewMw":15,"totalMw":15,"hydroMw":15,"pumpedMw":0,"solarMw":0,"windMw":0,"geoMw":0,"bioMw":0,"tidalMw":0,"owner":"Hydro-Québec","operator":"Hydro-Québec","agency":"Hydro-Québec","period":"201708","sourceUrl":"https://open.canada.ca/data/en/dataset/490db619-ab58-4a2a-a245-2376ce1840de","sourceTitle":"Renewable Energy Power Plants, 1 MW or more","licence":"Open Government Licence - Canada","vintage":"201708"}},{"type":"Feature","geometry":{"type":"Point","coordinates":[-72.36876,45.82276]},"properties":{"id":"nacei-6062","kind":"plant","cat":"biomass","name":"Saint-Nicéphore LFG","province":"Québec","place":"Drummondville","mw":7.6,"renewMw":7.6,"totalMw":7.6,"hydroMw":0,"pumpedMw":0,"solarMw":0,"windMw":0,"geoMw":0,"bioMw":7.6,"tidalMw":0,"owner":"","operator":"Waste Management Québec Inc","agency":"Hydro-Québec","period":"201708","sourceUrl":"https://open.canada.ca/data/en/dataset/490db619-ab58-4a2a-a245-2376ce1840de","sourceTitle":"Renewable Energy Power Plants, 1 MW or more","licence":"Open Government Licence - Canada","vintage":"201708"}},{"type":"Feature","geometry":{"type":"Point","coordinates":[-70.73663,46.79823]},"properties":{"id":"nacei-6063","kind":"plant","cat":"hydro","name":"Saint-Raphaël","province":"Québec","place":"Riviere Sainte Anne de la Perade","mw":3.5,"renewMw":3.5,"totalMw":3.5,"hydroMw":3.5,"pumpedMw":0,"solarMw":0,"windMw":0,"geoMw":0,"bioMw":0,"tidalMw":0,"owner":"Algonquin Power","operator":"Algonquin Power","agency":"Algonquin Power","period":"201708","sourceUrl":"https://open.canada.ca/data/en/dataset/490db619-ab58-4a2a-a245-2376ce1840de","sourceTitle":"Renewable Energy Power Plants, 1 MW or more","licence":"Open Government Licence - Canada","vintage":"201708"}},{"type":"Feature","geometry":{"type":"Point","coordinates":[-70.57514,45.67463]},"properties":{"id":"nacei-6064","kind":"plant","cat":"wind","name":"Saint-Robert-Bellarmin","province":"Québec","place":"St-Robert-Bellarmin","mw":80,"renewMw":80,"totalMw":80,"hydroMw":0,"pumpedMw":0,"solarMw":0,"windMw":80,"geoMw":0,"bioMw":0,"tidalMw":0,"owner":"Enbridge (50%) / EDF Energies Nouvelles (20%) / Fiera Axium & Régime & Desjardins (30%)","operator":"","agency":"CanWEA","period":"201612","sourceUrl":"https://open.canada.ca/data/en/dataset/490db619-ab58-4a2a-a245-2376ce1840de","sourceTitle":"Renewable Energy Power Plants, 1 MW or more","licence":"Open Government Licence - Canada","vintage":"201612"}},{"type":"Feature","geometry":{"type":"Point","coordinates":[-123.54809,49.67746]},"properties":{"id":"nacei-6065","kind":"plant","cat":"hydro","name":"Salmon Inlet (Sechelt Creek)","province":"British Columbia","place":"Sechelt","mw":17,"renewMw":17,"totalMw":17,"hydroMw":17,"pumpedMw":0,"solarMw":0,"windMw":0,"geoMw":0,"bioMw":0,"tidalMw":0,"owner":"","operator":"MPT Hydro LP","agency":"BC Hydro IPP supply","period":"201704","sourceUrl":"https://open.canada.ca/data/en/dataset/490db619-ab58-4a2a-a245-2376ce1840de","sourceTitle":"Renewable Energy Power Plants, 1 MW or more","licence":"Open Government Licence - Canada","vintage":"201704"}},{"type":"Feature","geometry":{"type":"Point","coordinates":[-55.82278,48.89099]},"properties":{"id":"nacei-6066","kind":"plant","cat":"hydro","name":"Sandy Brook","province":"Newfoundland and Labrador","place":"Sandy Brook","mw":5.5,"renewMw":5.5,"totalMw":5.5,"hydroMw":5.5,"pumpedMw":0,"solarMw":0,"windMw":0,"geoMw":0,"bioMw":0,"tidalMw":0,"owner":"","operator":"Newfoundland Light & Power Co Ltd","agency":"Government of Newfoundland and Labrador","period":"201409","sourceUrl":"https://open.canada.ca/data/en/dataset/490db619-ab58-4a2a-a245-2376ce1840de","sourceTitle":"Renewable Energy Power Plants, 1 MW or more","licence":"Open Government Licence - Canada","vintage":"201409"}},{"type":"Feature","geometry":{"type":"Point","coordinates":[-81.44342,48.51135]},"properties":{"id":"nacei-6067","kind":"plant","cat":"hydro","name":"Sandy Falls","province":"Ontario","place":"Timmins","mw":6,"renewMw":6,"totalMw":6,"hydroMw":6,"pumpedMw":0,"solarMw":0,"windMw":0,"geoMw":0,"bioMw":0,"tidalMw":0,"owner":"Umh Energy Partnership, An Ontario General Partnership of Ontario Power Generation Inc and Umh Energy Inc","operator":"Ontario Power Generation Inc","agency":"OPG","period":"201708","sourceUrl":"https://open.canada.ca/data/en/dataset/490db619-ab58-4a2a-a245-2376ce1840de","sourceTitle":"Renewable Energy Power Plants, 1 MW or more","licence":"Open Government Licence - Canada","vintage":"201708"}},{"type":"Feature","geometry":{"type":"Point","coordinates":[-63.89604,44.71164]},"properties":{"id":"nacei-6068","kind":"plant","cat":"hydro","name":"Sandy Lake","province":"Nova Scotia","place":"Indian River","mw":3.6,"renewMw":3.6,"totalMw":3.6,"hydroMw":3.6,"pumpedMw":0,"solarMw":0,"windMw":0,"geoMw":0,"bioMw":0,"tidalMw":0,"owner":"","operator":"Nova Scotia Power Inc","agency":"Statistics Canada","period":"2000","sourceUrl":"https://open.canada.ca/data/en/dataset/490db619-ab58-4a2a-a245-2376ce1840de","sourceTitle":"Renewable Energy Power Plants, 1 MW or more","licence":"Open Government Licence - Canada","vintage":"2000"}},{"type":"Feature","geometry":{"type":"Point","coordinates":[-76.63264,52.66776]},"properties":{"id":"nacei-6069","kind":"plant","cat":"hydro","name":"Sarcelle","province":"Québec","place":"La Grande","mw":150,"renewMw":150,"totalMw":150,"hydroMw":150,"pumpedMw":0,"solarMw":0,"windMw":0,"geoMw":0,"bioMw":0,"tidalMw":0,"owner":"Hydroelectric","operator":"Hydro-Québec","agency":"Hydro-Québec","period":"201708","sourceUrl":"https://open.canada.ca/data/en/dataset/490db619-ab58-4a2a-a245-2376ce1840de","sourceTitle":"Renewable Energy Power Plants, 1 MW or more","licence":"Open Government Licence - Canada","vintage":"201708"}},{"type":"Feature","geometry":{"type":"Point","coordinates":[-82.33936,42.94167]},"properties":{"id":"nacei-6070","kind":"plant","cat":"solar","name":"Sarnia 1","province":"Ontario","place":"Sarnia","mw":20,"renewMw":20,"totalMw":20,"hydroMw":0,"pumpedMw":0,"solarMw":20,"windMw":0,"geoMw":0,"bioMw":0,"tidalMw":0,"owner":"Enbridge","operator":"First Solar o & M","agency":"Enbridge","period":"201512","sourceUrl":"https://open.canada.ca/data/en/dataset/490db619-ab58-4a2a-a245-2376ce1840de","sourceTitle":"Renewable Energy Power Plants, 1 MW or more","licence":"Open Government Licence - Canada","vintage":"201512"}},{"type":"Feature","geometry":{"type":"Point","coordinates":[-82.3199,42.94978]},"properties":{"id":"nacei-6071","kind":"plant","cat":"solar","name":"Sarnia 2","province":"Ontario","place":"Sarnia","mw":60,"renewMw":60,"totalMw":60,"hydroMw":0,"pumpedMw":0,"solarMw":60,"windMw":0,"geoMw":0,"bioMw":0,"tidalMw":0,"owner":"Enbridge","operator":"First Solar o & M","agency":"Enbridge","period":"201512","sourceUrl":"https://open.canada.ca/data/en/dataset/490db619-ab58-4a2a-a245-2376ce1840de","sourceTitle":"Renewable Energy Power Plants, 1 MW or more","licence":"Open Government Licence - Canada","vintage":"201512"}},{"type":"Feature","geometry":{"type":"Point","coordinates":[-82.56377,42.02787]},"properties":{"id":"nacei-6072","kind":"plant","cat":"biomass","name":"Sarnia LFG","province":"Ontario","place":"Leamington","mw":1.6,"renewMw":1.6,"totalMw":1.6,"hydroMw":0,"pumpedMw":0,"solarMw":0,"windMw":0,"geoMw":0,"bioMw":1.6,"tidalMw":0,"owner":"","operator":"Seacliff Energy","agency":"SeacliffEnergy","period":"201512","sourceUrl":"https://open.canada.ca/data/en/dataset/490db619-ab58-4a2a-a245-2376ce1840de","sourceTitle":"Renewable Energy Power Plants, 1 MW or more","licence":"Open Government Licence - Canada","vintage":"201512"}},{"type":"Feature","geometry":{"type":"Point","coordinates":[-106.70566,52.09971]},"properties":{"id":"nacei-6073","kind":"plant","cat":"biomass","name":"Saskatoon Landfill","province":"Saskatchewan","place":"Saskatoon","mw":1.6,"renewMw":1.6,"totalMw":1.6,"hydroMw":0,"pumpedMw":0,"solarMw":0,"windMw":0,"geoMw":0,"bioMw":1.6,"tidalMw":0,"owner":"Saskatoon Light & Power","operator":"Saskatoon Light & Power","agency":"Saskatoon.ca","period":"201207","sourceUrl":"https://open.canada.ca/data/en/dataset/490db619-ab58-4a2a-a245-2376ce1840de","sourceTitle":"Renewable Energy Power Plants, 1 MW or more","licence":"Open Government Licence - Canada","vintage":"201207"}},{"type":"Feature","geometry":{"type":"Point","coordinates":[-83.01265,46.26592]},"properties":{"id":"nacei-6074","kind":"plant","cat":"hydro","name":"Scarfe Lake","province":"Ontario","place":"Blind River","mw":2.3,"renewMw":2.3,"totalMw":2.3,"hydroMw":2.3,"pumpedMw":0,"solarMw":0,"windMw":0,"geoMw":0,"bioMw":0,"tidalMw":0,"owner":"1149377 Ontario Limited","operator":"1149377 Ontario Limited","agency":"IESO","period":"201703","sourceUrl":"https://open.canada.ca/data/en/dataset/490db619-ab58-4a2a-a245-2376ce1840de","sourceTitle":"Renewable Energy Power Plants, 1 MW or more","licence":"Open Government Licence - Canada","vintage":"201703"}},{"type":"Feature","geometry":{"type":"Point","coordinates":[-84.7447,47.9101]},"properties":{"id":"nacei-6075","kind":"plant","cat":"hydro","name":"Scott Falls","province":"Ontario","place":"Wawa","mw":22,"renewMw":22,"totalMw":22,"hydroMw":22,"pumpedMw":0,"solarMw":0,"windMw":0,"geoMw":0,"bioMw":0,"tidalMw":0,"owner":"Brookfield Renewable Power Inc","operator":"Brookfield Renewable Energy Partners","agency":"IESO","period":"201703","sourceUrl":"https://open.canada.ca/data/en/dataset/490db619-ab58-4a2a-a245-2376ce1840de","sourceTitle":"Renewable Energy Power Plants, 1 MW or more","licence":"Open Government Licence - Canada","vintage":"201703"}},{"type":"Feature","geometry":{"type":"Point","coordinates":[-53.06782,47.45743]},"properties":{"id":"nacei-6076","kind":"plant","cat":"hydro","name":"Seal Cove","province":"Newfoundland and Labrador","place":"Seal Cove Brook","mw":3.5,"renewMw":3.5,"totalMw":3.5,"hydroMw":3.5,"pumpedMw":0,"solarMw":0,"windMw":0,"geoMw":0,"bioMw":0,"tidalMw":0,"owner":"","operator":"Newfoundland Light & Power Co Ltd","agency":"Government of Newfoundland and Labrador","period":"201409","sourceUrl":"https://open.canada.ca/data/en/dataset/490db619-ab58-4a2a-a245-2376ce1840de","sourceTitle":"Renewable Energy Power Plants, 1 MW or more","licence":"Open Government Licence - Canada","vintage":"201409"}},{"type":"Feature","geometry":{"type":"Point","coordinates":[-72.0077,45.558]},"properties":{"id":"nacei-6077","kind":"plant","cat":"hydro","name":"SEC Windsor","province":"Québec","place":"","mw":5.7,"renewMw":5.7,"totalMw":5.7,"hydroMw":5.7,"pumpedMw":0,"solarMw":0,"windMw":0,"geoMw":0,"bioMw":0,"tidalMw":0,"owner":"Hydro-Windsor (Société en Commandite) /Innergex","operator":"Hydro-Windsor (Société en Commandite) /Innergex","agency":"MERN","period":"201708","sourceUrl":"https://open.canada.ca/data/en/dataset/490db619-ab58-4a2a-a245-2376ce1840de","sourceTitle":"Renewable Energy Power Plants, 1 MW or more","licence":"Open Government Licence - Canada","vintage":"201708"}},{"type":"Feature","geometry":{"type":"Point","coordinates":[-122.97772,49.18636]},"properties":{"id":"nacei-6078","kind":"plant","cat":"biomass","name":"Seegen 2 (Burnaby Incinerator)","province":"British Columbia","place":"Burnaby","mw":25,"renewMw":25,"totalMw":25,"hydroMw":0,"pumpedMw":0,"solarMw":0,"windMw":0,"geoMw":0,"bioMw":25,"tidalMw":0,"owner":"","operator":"Covanta Burnaby Renewable Energy ULC","agency":"BC Hydro IPP supply","period":"201704","sourceUrl":"https://open.canada.ca/data/en/dataset/490db619-ab58-4a2a-a245-2376ce1840de","sourceTitle":"Renewable Energy Power Plants, 1 MW or more","licence":"Open Government Licence - Canada","vintage":"201704"}},{"type":"Feature","geometry":{"type":"Point","coordinates":[-70.86976,47.3715]},"properties":{"id":"nacei-6079","kind":"plant","cat":"wind","name":"Seigneurie de Beaupré 2","province":"Québec","place":"TNO du Lac Jacques-Cartier","mw":131.2,"renewMw":131.2,"totalMw":131.2,"hydroMw":0,"pumpedMw":0,"solarMw":0,"windMw":131.2,"geoMw":0,"bioMw":0,"tidalMw":0,"owner":"Boralex Inc / Gazmetro","operator":"Boralex Inc / Gazmetro","agency":"CanWEA","period":"201612","sourceUrl":"https://open.canada.ca/data/en/dataset/490db619-ab58-4a2a-a245-2376ce1840de","sourceTitle":"Renewable Energy Power Plants, 1 MW or more","licence":"Open Government Licence - Canada","vintage":"201612"}},{"type":"Feature","geometry":{"type":"Point","coordinates":[-70.89055,47.33172]},"properties":{"id":"nacei-6080","kind":"plant","cat":"wind","name":"Seigneurie de Beaupré 3","province":"Québec","place":"TNO du Lac Jacques-Cartier","mw":140.6,"renewMw":140.6,"totalMw":140.6,"hydroMw":0,"pumpedMw":0,"solarMw":0,"windMw":140.6,"geoMw":0,"bioMw":0,"tidalMw":0,"owner":"Boralex Inc / Gazmetro","operator":"Boralex Inc / Gazmetro","agency":"CanWEA","period":"201612","sourceUrl":"https://open.canada.ca/data/en/dataset/490db619-ab58-4a2a-a245-2376ce1840de","sourceTitle":"Renewable Energy Power Plants, 1 MW or more","licence":"Open Government Licence - Canada","vintage":"201612"}},{"type":"Feature","geometry":{"type":"Point","coordinates":[-70.94559,47.26652]},"properties":{"id":"nacei-6081","kind":"plant","cat":"wind","name":"Seigneurie de Beaupré 4","province":"Québec","place":"TNO du Lac Jacques-Cartier","mw":67.9,"renewMw":67.9,"totalMw":67.9,"hydroMw":0,"pumpedMw":0,"solarMw":0,"windMw":67.9,"geoMw":0,"bioMw":0,"tidalMw":0,"owner":"Boralex Inc / Gazmetro","operator":"Boralex Inc / Gazmetro","agency":"CanWEA","period":"201612","sourceUrl":"https://open.canada.ca/data/en/dataset/490db619-ab58-4a2a-a245-2376ce1840de","sourceTitle":"Renewable Energy Power Plants, 1 MW or more","licence":"Open Government Licence - Canada","vintage":"201612"}},{"type":"Feature","geometry":{"type":"Point","coordinates":[-77.22304,48.38383]},"properties":{"id":"nacei-6082","kind":"plant","cat":"biomass","name":"Senneterre","province":"Québec","place":"Senneterre","mw":35,"renewMw":35,"totalMw":35,"hydroMw":0,"pumpedMw":0,"solarMw":0,"windMw":0,"geoMw":0,"bioMw":35,"tidalMw":0,"owner":"Boralex Inc","operator":"Boralex Inc","agency":"Boralex","period":"201708","sourceUrl":"https://open.canada.ca/data/en/dataset/490db619-ab58-4a2a-a245-2376ce1840de","sourceTitle":"Renewable Energy Power Plants, 1 MW or more","licence":"Open Government Licence - Canada","vintage":"201708"}},{"type":"Feature","geometry":{"type":"Point","coordinates":[-70.82859,47.12266]},"properties":{"id":"nacei-6083","kind":"plant","cat":"hydro","name":"Sept-Chutes","province":"Québec","place":"Sainte-Anne","mw":22,"renewMw":22,"totalMw":22,"hydroMw":22,"pumpedMw":0,"solarMw":0,"windMw":0,"geoMw":0,"bioMw":0,"tidalMw":0,"owner":"Hydro-Québec","operator":"Hydro-Québec","agency":"Hydro-Québec","period":"201708","sourceUrl":"https://open.canada.ca/data/en/dataset/490db619-ab58-4a2a-a245-2376ce1840de","sourceTitle":"Renewable Energy Power Plants, 1 MW or more","licence":"Open Government Licence - Canada","vintage":"201708"}},{"type":"Feature","geometry":{"type":"Point","coordinates":[-82.44093,46.21903]},"properties":{"id":"nacei-6084","kind":"plant","cat":"hydro","name":"Serpent","province":"Ontario","place":"Spanish","mw":7.2,"renewMw":7.2,"totalMw":7.2,"hydroMw":7.2,"pumpedMw":0,"solarMw":0,"windMw":0,"geoMw":0,"bioMw":0,"tidalMw":0,"owner":"","operator":"Brookfield Renewable Energy Partners","agency":"Brookfield Renewable","period":"201708","sourceUrl":"https://open.canada.ca/data/en/dataset/490db619-ab58-4a2a-a245-2376ce1840de","sourceTitle":"Renewable Energy Power Plants, 1 MW or more","licence":"Open Government Licence - Canada","vintage":"201708"}},{"type":"Feature","geometry":{"type":"Point","coordinates":[-121.92412,50.67274]},"properties":{"id":"nacei-6085","kind":"plant","cat":"hydro","name":"Seton","province":"British Columbia","place":"Seton Creek","mw":48,"renewMw":48,"totalMw":48,"hydroMw":48,"pumpedMw":0,"solarMw":0,"windMw":0,"geoMw":0,"bioMw":0,"tidalMw":0,"owner":"BC Hydro","operator":"BC Hydro","agency":"BC Hydro","period":"201708","sourceUrl":"https://open.canada.ca/data/en/dataset/490db619-ab58-4a2a-a245-2376ce1840de","sourceTitle":"Renewable Energy Power Plants, 1 MW or more","licence":"Open Government Licence - Canada","vintage":"201708"}},{"type":"Feature","geometry":{"type":"Point","coordinates":[-117.5041,49.03016]},"properties":{"id":"nacei-6086","kind":"plant","cat":"hydro","name":"Seven Mile","province":"British Columbia","place":"Pend D'Oreille River","mw":805,"renewMw":805,"totalMw":805,"hydroMw":805,"pumpedMw":0,"solarMw":0,"windMw":0,"geoMw":0,"bioMw":0,"tidalMw":0,"owner":"BC Hydro","operator":"BC Hydro","agency":"BC Hydro","period":"201708","sourceUrl":"https://open.canada.ca/data/en/dataset/490db619-ab58-4a2a-a245-2376ce1840de","sourceTitle":"Renewable Energy Power Plants, 1 MW or more","licence":"Open Government Licence - Canada","vintage":"201708"}},{"type":"Feature","geometry":{"type":"Point","coordinates":[-96.0177,50.12039]},"properties":{"id":"nacei-6087","kind":"plant","cat":"hydro","name":"Seven Sisters","province":"Manitoba","place":"Seven Sisters","mw":165,"renewMw":165,"totalMw":165,"hydroMw":165,"pumpedMw":0,"solarMw":0,"windMw":0,"geoMw":0,"bioMw":0,"tidalMw":0,"owner":"","operator":"Manitoba Hydro","agency":"MB Hydro","period":"201708","sourceUrl":"https://open.canada.ca/data/en/dataset/490db619-ab58-4a2a-a245-2376ce1840de","sourceTitle":"Renewable Energy Power Plants, 1 MW or more","licence":"Open Government Licence - Canada","vintage":"201708"}},{"type":"Feature","geometry":{"type":"Point","coordinates":[-77.78195,44.3215]},"properties":{"id":"nacei-6088","kind":"plant","cat":"hydro","name":"Seymour","province":"Ontario","place":"Campbellford","mw":6,"renewMw":6,"totalMw":6,"hydroMw":6,"pumpedMw":0,"solarMw":0,"windMw":0,"geoMw":0,"bioMw":0,"tidalMw":0,"owner":"","operator":"Ontario Power Generation Inc","agency":"OPG","period":"201708","sourceUrl":"https://open.canada.ca/data/en/dataset/490db619-ab58-4a2a-a245-2376ce1840de","sourceTitle":"Renewable Energy Power Plants, 1 MW or more","licence":"Open Government Licence - Canada","vintage":"201708"}},{"type":"Feature","geometry":{"type":"Point","coordinates":[-72.76729,46.53588]},"properties":{"id":"nacei-6089","kind":"plant","cat":"hydro","name":"Shawinigan-2","province":"Québec","place":"Saint-Maurice","mw":200,"renewMw":200,"totalMw":200,"hydroMw":200,"pumpedMw":0,"solarMw":0,"windMw":0,"geoMw":0,"bioMw":0,"tidalMw":0,"owner":"Hydro-Québec","operator":"Hydro-Québec","agency":"Hydro-Québec","period":"201708","sourceUrl":"https://open.canada.ca/data/en/dataset/490db619-ab58-4a2a-a245-2376ce1840de","sourceTitle":"Renewable Energy Power Plants, 1 MW or more","licence":"Open Government Licence - Canada","vintage":"201708"}},{"type":"Feature","geometry":{"type":"Point","coordinates":[-72.76558,46.53378]},"properties":{"id":"nacei-6090","kind":"plant","cat":"hydro","name":"Shawinigan-3","province":"Québec","place":"Saint-Maurice","mw":194,"renewMw":194,"totalMw":194,"hydroMw":194,"pumpedMw":0,"solarMw":0,"windMw":0,"geoMw":0,"bioMw":0,"tidalMw":0,"owner":"Hydro-Québec","operator":"Hydro-Québec","agency":"Hydro-Québec","period":"201708","sourceUrl":"https://open.canada.ca/data/en/dataset/490db619-ab58-4a2a-a245-2376ce1840de","sourceTitle":"Renewable Energy Power Plants, 1 MW or more","licence":"Open Government Licence - Canada","vintage":"201708"}},{"type":"Feature","geometry":{"type":"Point","coordinates":[-62.49825,44.95585]},"properties":{"id":"nacei-6091","kind":"plant","cat":"hydro","name":"Sheet Harbour","province":"Nova Scotia","place":"","mw":10,"renewMw":10,"totalMw":10,"hydroMw":10,"pumpedMw":0,"solarMw":0,"windMw":0,"geoMw":0,"bioMw":0,"tidalMw":0,"owner":"","operator":"Nova Scotia Power Inc","agency":"NS Power","period":"201512","sourceUrl":"https://open.canada.ca/data/en/dataset/490db619-ab58-4a2a-a245-2376ce1840de","sourceTitle":"Renewable Energy Power Plants, 1 MW or more","licence":"Open Government Licence - Canada","vintage":"201512"}},{"type":"Feature","geometry":{"type":"Point","coordinates":[-84.49899,49.80869]},"properties":{"id":"nacei-6092","kind":"plant","cat":"hydro","name":"Shekak (Nagagami)","province":"Ontario","place":"Palmquist","mw":18,"renewMw":18,"totalMw":18,"hydroMw":18,"pumpedMw":0,"solarMw":0,"windMw":0,"geoMw":0,"bioMw":0,"tidalMw":0,"owner":"","operator":"Brookfield Renewable Energy Partners","agency":"IESO Capability Report","period":"201708","sourceUrl":"https://open.canada.ca/data/en/dataset/490db619-ab58-4a2a-a245-2376ce1840de","sourceTitle":"Renewable Energy Power Plants, 1 MW or more","licence":"Open Government Licence - Canada","vintage":"201708"}},{"type":"Feature","geometry":{"type":"Point","coordinates":[-71.21484,48.44835]},"properties":{"id":"nacei-6093","kind":"plant","cat":"hydro","name":"Shipshaw","province":"Québec","place":"Saint Charles de Bourget","mw":959.1,"renewMw":959.1,"totalMw":959.1,"hydroMw":959.1,"pumpedMw":0,"solarMw":0,"windMw":0,"geoMw":0,"bioMw":0,"tidalMw":0,"owner":"Rio Tinto (Rt)","operator":"Rio Tinto (Rt)","agency":"MERN","period":"201708","sourceUrl":"https://open.canada.ca/data/en/dataset/490db619-ab58-4a2a-a245-2376ce1840de","sourceTitle":"Renewable Energy Power Plants, 1 MW or more","licence":"Open Government Licence - Canada","vintage":"201708"}},{"type":"Feature","geometry":{"type":"Point","coordinates":[-118.81333,50.29601]},"properties":{"id":"nacei-6094","kind":"plant","cat":"hydro","name":"Shuswap Falls","province":"British Columbia","place":"Shuswap River","mw":6,"renewMw":6,"totalMw":6,"hydroMw":6,"pumpedMw":0,"solarMw":0,"windMw":0,"geoMw":0,"bioMw":0,"tidalMw":0,"owner":"BC Hydro","operator":"BC Hydro","agency":"BC Hydro Quick Facts","period":"201506","sourceUrl":"https://open.canada.ca/data/en/dataset/490db619-ab58-4a2a-a245-2376ce1840de","sourceTitle":"Renewable Energy Power Plants, 1 MW or more","licence":"Open Government Licence - Canada","vintage":"201506"}},{"type":"Feature","geometry":{"type":"Point","coordinates":[-77.5934,44.13147]},"properties":{"id":"nacei-6095","kind":"plant","cat":"hydro","name":"Sidney","province":"Ontario","place":"Quinte West","mw":4,"renewMw":4,"totalMw":4,"hydroMw":4,"pumpedMw":0,"solarMw":0,"windMw":0,"geoMw":0,"bioMw":0,"tidalMw":0,"owner":"","operator":"Ontario Power Generation Inc","agency":"OPG","period":"201708","sourceUrl":"https://open.canada.ca/data/en/dataset/490db619-ab58-4a2a-a245-2376ce1840de","sourceTitle":"Renewable Energy Power Plants, 1 MW or more","licence":"Open Government Licence - Canada","vintage":"201708"}},{"type":"Feature","geometry":{"type":"Point","coordinates":[-77.59747,44.21]},"properties":{"id":"nacei-6096","kind":"plant","cat":"hydro","name":"Sills Island","province":"Ontario","place":"Quinte West","mw":2,"renewMw":2,"totalMw":2,"hydroMw":2,"pumpedMw":0,"solarMw":0,"windMw":0,"geoMw":0,"bioMw":0,"tidalMw":0,"owner":"","operator":"Ontario Power Generation Inc","agency":"OPG","period":"201708","sourceUrl":"https://open.canada.ca/data/en/dataset/490db619-ab58-4a2a-a245-2376ce1840de","sourceTitle":"Renewable Energy Power Plants, 1 MW or more","licence":"Open Government Licence - Canada","vintage":"201708"}},{"type":"Feature","geometry":{"type":"Point","coordinates":[-89.5974,48.66094]},"properties":{"id":"nacei-6097","kind":"plant","cat":"hydro","name":"Silver Falls","province":"Ontario","place":"Kaministiquia","mw":48,"renewMw":48,"totalMw":48,"hydroMw":48,"pumpedMw":0,"solarMw":0,"windMw":0,"geoMw":0,"bioMw":0,"tidalMw":0,"owner":"","operator":"Ontario Power Generation Inc","agency":"OPG","period":"201708","sourceUrl":"https://open.canada.ca/data/en/dataset/490db619-ab58-4a2a-a245-2376ce1840de","sourceTitle":"Renewable Energy Power Plants, 1 MW or more","licence":"Open Government Licence - Canada","vintage":"201708"}},{"type":"Feature","geometry":{"type":"Point","coordinates":[-80.97906,42.69502]},"properties":{"id":"nacei-6098","kind":"plant","cat":"solar","name":"Silvercreek","province":"Ontario","place":"Aylmer","mw":10,"renewMw":10,"totalMw":10,"hydroMw":0,"pumpedMw":0,"solarMw":10,"windMw":0,"geoMw":0,"bioMw":0,"tidalMw":0,"owner":"Silvercreek Nominee Inc","operator":"Silvercreek Nominee Inc","agency":"IESO","period":"201703","sourceUrl":"https://open.canada.ca/data/en/dataset/490db619-ab58-4a2a-a245-2376ce1840de","sourceTitle":"Renewable Energy Power Plants, 1 MW or more","licence":"Open Government Licence - Canada","vintage":"201703"}},{"type":"Feature","geometry":{"type":"Point","coordinates":[-78.97523,44.47611]},"properties":{"id":"nacei-6099","kind":"plant","cat":"solar","name":"Simcoe Solar Energy Centre I","province":"Ontario","place":"Woodville","mw":10,"renewMw":10,"totalMw":10,"hydroMw":0,"pumpedMw":0,"solarMw":10,"windMw":0,"geoMw":0,"bioMw":0,"tidalMw":0,"owner":"Terraform Ontario Solar LP","operator":"Terraform Ontario Solar, LLC","agency":"IESO","period":"201703","sourceUrl":"https://open.canada.ca/data/en/dataset/490db619-ab58-4a2a-a245-2376ce1840de","sourceTitle":"Renewable Energy Power Plants, 1 MW or more","licence":"Open Government Licence - Canada","vintage":"201703"}},{"type":"Feature","geometry":{"type":"Point","coordinates":[-78.88595,44.41662]},"properties":{"id":"nacei-6100","kind":"plant","cat":"solar","name":"Simcoe Solar Energy Centre III","province":"Ontario","place":"Woodville","mw":10,"renewMw":10,"totalMw":10,"hydroMw":0,"pumpedMw":0,"solarMw":10,"windMw":0,"geoMw":0,"bioMw":0,"tidalMw":0,"owner":"Terraform Ontario Solar LP","operator":"Terraform Ontario Solar, LLC","agency":"IESO","period":"201703","sourceUrl":"https://open.canada.ca/data/en/dataset/490db619-ab58-4a2a-a245-2376ce1840de","sourceTitle":"Renewable Energy Power Plants, 1 MW or more","licence":"Open Government Licence - Canada","vintage":"201703"}},{"type":"Feature","geometry":{"type":"Point","coordinates":[-113.97735,49.53245]},"properties":{"id":"nacei-6101","kind":"plant","cat":"wind","name":"Sinnott","province":"Alberta","place":"Pincher Creek","mw":6.5,"renewMw":6.5,"totalMw":6.5,"hydroMw":0,"pumpedMw":0,"solarMw":0,"windMw":6.5,"geoMw":0,"bioMw":0,"tidalMw":0,"owner":"Canadian Hydro Developers","operator":"Canadian Hydro Developers","agency":"CanWEA","period":"201612","sourceUrl":"https://open.canada.ca/data/en/dataset/490db619-ab58-4a2a-a245-2376ce1840de","sourceTitle":"Renewable Energy Power Plants, 1 MW or more","licence":"Open Government Licence - Canada","vintage":"201612"}},{"type":"Feature","geometry":{"type":"Point","coordinates":[-79.04432,43.14923]},"properties":{"id":"nacei-6102","kind":"plant","cat":"hydro","name":"Sir Adam Beck 1","province":"Ontario","place":"Niagara Falls","mw":450,"renewMw":450,"totalMw":450,"hydroMw":450,"pumpedMw":0,"solarMw":0,"windMw":0,"geoMw":0,"bioMw":0,"tidalMw":0,"owner":"","operator":"Ontario Power Generation Inc","agency":"OPG","period":"201708","sourceUrl":"https://open.canada.ca/data/en/dataset/490db619-ab58-4a2a-a245-2376ce1840de","sourceTitle":"Renewable Energy Power Plants, 1 MW or more","licence":"Open Government Licence - Canada","vintage":"201708"}},{"type":"Feature","geometry":{"type":"Point","coordinates":[-79.04358,43.14562]},"properties":{"id":"nacei-6103","kind":"plant","cat":"hydro","name":"Sir Adam Beck 2","province":"Ontario","place":"Niagara Falls","mw":1499,"renewMw":1499,"totalMw":1499,"hydroMw":1499,"pumpedMw":0,"solarMw":0,"windMw":0,"geoMw":0,"bioMw":0,"tidalMw":0,"owner":"","operator":"Ontario Power Generation Inc","agency":"OPG","period":"201708","sourceUrl":"https://open.canada.ca/data/en/dataset/490db619-ab58-4a2a-a245-2376ce1840de","sourceTitle":"Renewable Energy Power Plants, 1 MW or more","licence":"Open Government Licence - Canada","vintage":"201708"}},{"type":"Feature","geometry":{"type":"Point","coordinates":[-79.05994,43.14457]},"properties":{"id":"nacei-6104","kind":"plant","cat":"pumped","name":"Sir Adam Beck Pump","province":"Ontario","place":"Niagara Falls","mw":174,"renewMw":174,"totalMw":174,"hydroMw":0,"pumpedMw":174,"solarMw":0,"windMw":0,"geoMw":0,"bioMw":0,"tidalMw":0,"owner":"","operator":"Ontario Power Generation Inc","agency":"OPG","period":"201708","sourceUrl":"https://open.canada.ca/data/en/dataset/490db619-ab58-4a2a-a245-2376ce1840de","sourceTitle":"Renewable Energy Power Plants, 1 MW or more","licence":"Open Government Licence - Canada","vintage":"201708"}},{"type":"Feature","geometry":{"type":"Point","coordinates":[-65.87223,44.43076]},"properties":{"id":"nacei-6105","kind":"plant","cat":"hydro","name":"Sissiboo Falls","province":"Nova Scotia","place":"Sissiboo River","mw":5.3,"renewMw":5.3,"totalMw":5.3,"hydroMw":5.3,"pumpedMw":0,"solarMw":0,"windMw":0,"geoMw":0,"bioMw":0,"tidalMw":0,"owner":"","operator":"Nova Scotia Power Inc","agency":"Statistics Canada","period":"2000","sourceUrl":"https://open.canada.ca/data/en/dataset/490db619-ab58-4a2a-a245-2376ce1840de","sourceTitle":"Renewable Energy Power Plants, 1 MW or more","licence":"Open Government Licence - Canada","vintage":"2000"}},{"type":"Feature","geometry":{"type":"Point","coordinates":[-67.24343,47.26599]},"properties":{"id":"nacei-6106","kind":"plant","cat":"hydro","name":"Sisson","province":"New Brunswick","place":"Sisson Lake","mw":9,"renewMw":9,"totalMw":9,"hydroMw":9,"pumpedMw":0,"solarMw":0,"windMw":0,"geoMw":0,"bioMw":0,"tidalMw":0,"owner":"","operator":"NB Power Corp","agency":"NB Power","period":"201707","sourceUrl":"https://open.canada.ca/data/en/dataset/490db619-ab58-4a2a-a245-2376ce1840de","sourceTitle":"Renewable Energy Power Plants, 1 MW or more","licence":"Open Government Licence - Canada","vintage":"201707"}},{"type":"Feature","geometry":{"type":"Point","coordinates":[-64.45265,48.98686]},"properties":{"id":"nacei-6107","kind":"plant","cat":"wind","name":"Site Nordique","province":"Québec","place":"Gaspé","mw":4.1,"renewMw":4.1,"totalMw":4.1,"hydroMw":0,"pumpedMw":0,"solarMw":0,"windMw":4.1,"geoMw":0,"bioMw":0,"tidalMw":0,"owner":"Technocentre Eolien","operator":"Technocentre Eolien","agency":"CanWEA","period":"201612","sourceUrl":"https://open.canada.ca/data/en/dataset/490db619-ab58-4a2a-a245-2376ce1840de","sourceTitle":"Renewable Energy Power Plants, 1 MW or more","licence":"Open Government Licence - Canada","vintage":"201612"}},{"type":"Feature","geometry":{"type":"Point","coordinates":[-115.75778,49.52836]},"properties":{"id":"nacei-6108","kind":"plant","cat":"biomass","name":"Skookumchuk","province":"British Columbia","place":"Skookumchuk","mw":51,"renewMw":51,"totalMw":51,"hydroMw":0,"pumpedMw":0,"solarMw":0,"windMw":0,"geoMw":0,"bioMw":51,"tidalMw":0,"owner":"","operator":"Skookumchuck Pulp Inc","agency":"BC Hydro IPP supply","period":"201704","sourceUrl":"https://open.canada.ca/data/en/dataset/490db619-ab58-4a2a-a245-2376ce1840de","sourceTitle":"Renewable Energy Power Plants, 1 MW or more","licence":"Open Government Licence - Canada","vintage":"201704"}},{"type":"Feature","geometry":{"type":"Point","coordinates":[-80.39186,44.0845]},"properties":{"id":"nacei-6109","kind":"plant","cat":"wind","name":"Skyway 8","province":"Ontario","place":"Shelburne","mw":9.5,"renewMw":9.5,"totalMw":9.5,"hydroMw":0,"pumpedMw":0,"solarMw":0,"windMw":9.5,"geoMw":0,"bioMw":0,"tidalMw":0,"owner":"Capstone Infrastructure Corp","operator":"Capstone Infrastructure Corp","agency":"CanWEA","period":"201612","sourceUrl":"https://open.canada.ca/data/en/dataset/490db619-ab58-4a2a-a245-2376ce1840de","sourceTitle":"Renewable Energy Power Plants, 1 MW or more","licence":"Open Government Licence - Canada","vintage":"201612"}},{"type":"Feature","geometry":{"type":"Point","coordinates":[-95.56871,50.22213]},"properties":{"id":"nacei-6110","kind":"plant","cat":"hydro","name":"Slave Falls","province":"Manitoba","place":"Slave Falls","mw":68,"renewMw":68,"totalMw":68,"hydroMw":68,"pumpedMw":0,"solarMw":0,"windMw":0,"geoMw":0,"bioMw":0,"tidalMw":0,"owner":"","operator":"Manitoba Hydro","agency":"MB Hydro","period":"201708","sourceUrl":"https://open.canada.ca/data/en/dataset/490db619-ab58-4a2a-a245-2376ce1840de","sourceTitle":"Renewable Energy Power Plants, 1 MW or more","licence":"Open Government Licence - Canada","vintage":"201708"}},{"type":"Feature","geometry":{"type":"Point","coordinates":[-114.51807,55.25086]},"properties":{"id":"nacei-6111","kind":"plant","cat":"biomass","name":"Slave Lake","province":"Alberta","place":"","mw":9,"renewMw":9,"totalMw":9,"hydroMw":0,"pumpedMw":0,"solarMw":0,"windMw":0,"geoMw":0,"bioMw":9,"tidalMw":0,"owner":"Slave Lake Pulp","operator":"Slave Lake Pulp","agency":"Alberta Energy","period":"201708","sourceUrl":"https://open.canada.ca/data/en/dataset/490db619-ab58-4a2a-a245-2376ce1840de","sourceTitle":"Renewable Energy Power Plants, 1 MW or more","licence":"Open Government Licence - Canada","vintage":"201708"}},{"type":"Feature","geometry":{"type":"Point","coordinates":[-76.00703,44.87689]},"properties":{"id":"nacei-6112","kind":"plant","cat":"solar","name":"Smiths Falls 1","province":"Ontario","place":"Smiths Falls","mw":6,"renewMw":6,"totalMw":6,"hydroMw":0,"pumpedMw":0,"solarMw":6,"windMw":0,"geoMw":0,"bioMw":0,"tidalMw":0,"owner":"Aurora Smiths Falls 1 LP","operator":"Aurora Smiths Falls 1 LP","agency":"IESO","period":"201703","sourceUrl":"https://open.canada.ca/data/en/dataset/490db619-ab58-4a2a-a245-2376ce1840de","sourceTitle":"Renewable Energy Power Plants, 1 MW or more","licence":"Open Government Licence - Canada","vintage":"201703"}},{"type":"Feature","geometry":{"type":"Point","coordinates":[-76.11389,44.95005]},"properties":{"id":"nacei-6113","kind":"plant","cat":"solar","name":"Smiths Falls 2","province":"Ontario","place":"Perth","mw":10,"renewMw":10,"totalMw":10,"hydroMw":0,"pumpedMw":0,"solarMw":10,"windMw":0,"geoMw":0,"bioMw":0,"tidalMw":0,"owner":"Aurora Smiths Falls 2 LP","operator":"Aurora Smiths Falls 2 LP","agency":"IESO","period":"201703","sourceUrl":"https://open.canada.ca/data/en/dataset/490db619-ab58-4a2a-a245-2376ce1840de","sourceTitle":"Renewable Energy Power Plants, 1 MW or more","licence":"Open Government Licence - Canada","vintage":"201703"}},{"type":"Feature","geometry":{"type":"Point","coordinates":[-76.11585,44.92789]},"properties":{"id":"nacei-6114","kind":"plant","cat":"solar","name":"Smiths Falls 3","province":"Ontario","place":"Smiths Falls","mw":6.5,"renewMw":6.5,"totalMw":6.5,"hydroMw":0,"pumpedMw":0,"solarMw":6.5,"windMw":0,"geoMw":0,"bioMw":0,"tidalMw":0,"owner":"Aurora Smiths Falls 3 LP","operator":"Aurora Smiths Falls 3 LP","agency":"IESO","period":"201703","sourceUrl":"https://open.canada.ca/data/en/dataset/490db619-ab58-4a2a-a245-2376ce1840de","sourceTitle":"Renewable Energy Power Plants, 1 MW or more","licence":"Open Government Licence - Canada","vintage":"201703"}},{"type":"Feature","geometry":{"type":"Point","coordinates":[-76.14225,44.94794]},"properties":{"id":"nacei-6115","kind":"plant","cat":"solar","name":"Smiths Falls 4","province":"Ontario","place":"Perth","mw":10,"renewMw":10,"totalMw":10,"hydroMw":0,"pumpedMw":0,"solarMw":10,"windMw":0,"geoMw":0,"bioMw":0,"tidalMw":0,"owner":"Aurora Smiths Falls 4 LP","operator":"Aurora Smiths Falls 4 LP","agency":"IESO","period":"201703","sourceUrl":"https://open.canada.ca/data/en/dataset/490db619-ab58-4a2a-a245-2376ce1840de","sourceTitle":"Renewable Energy Power Plants, 1 MW or more","licence":"Open Government Licence - Canada","vintage":"201703"}},{"type":"Feature","geometry":{"type":"Point","coordinates":[-76.13478,44.92067]},"properties":{"id":"nacei-6116","kind":"plant","cat":"solar","name":"Smiths Falls 5","province":"Ontario","place":"Smiths Falls","mw":10,"renewMw":10,"totalMw":10,"hydroMw":0,"pumpedMw":0,"solarMw":10,"windMw":0,"geoMw":0,"bioMw":0,"tidalMw":0,"owner":"Aurora Smiths Falls 5 LP","operator":"Aurora Smiths Falls 5 LP","agency":"IESO","period":"201703","sourceUrl":"https://open.canada.ca/data/en/dataset/490db619-ab58-4a2a-a245-2376ce1840de","sourceTitle":"Renewable Energy Power Plants, 1 MW or more","licence":"Open Government Licence - Canada","vintage":"201703"}},{"type":"Feature","geometry":{"type":"Point","coordinates":[-75.98184,44.85472]},"properties":{"id":"nacei-6117","kind":"plant","cat":"solar","name":"Smiths Falls 6","province":"Ontario","place":"Smiths Falls","mw":10,"renewMw":10,"totalMw":10,"hydroMw":0,"pumpedMw":0,"solarMw":10,"windMw":0,"geoMw":0,"bioMw":0,"tidalMw":0,"owner":"Aurora Smiths Falls 6 LP","operator":"Aurora Smiths Falls 6 LP","agency":"IESO","period":"201703","sourceUrl":"https://open.canada.ca/data/en/dataset/490db619-ab58-4a2a-a245-2376ce1840de","sourceTitle":"Renewable Energy Power Plants, 1 MW or more","licence":"Open Government Licence - Canada","vintage":"201703"}},{"type":"Feature","geometry":{"type":"Point","coordinates":[-82.1609,50.06087]},"properties":{"id":"nacei-6118","kind":"plant","cat":"hydro","name":"Smoky Falls","province":"Ontario","place":"Harmon Township","mw":267,"renewMw":267,"totalMw":267,"hydroMw":267,"pumpedMw":0,"solarMw":0,"windMw":0,"geoMw":0,"bioMw":0,"tidalMw":0,"owner":"Ontario Power Generation","operator":"Ontario Power Generation","agency":"OPG","period":"201708","sourceUrl":"https://open.canada.ca/data/en/dataset/490db619-ab58-4a2a-a245-2376ce1840de","sourceTitle":"Renewable Energy Power Plants, 1 MW or more","licence":"Open Government Licence - Canada","vintage":"201708"}},{"type":"Feature","geometry":{"type":"Point","coordinates":[-81.6376,49.28572]},"properties":{"id":"nacei-6119","kind":"plant","cat":"hydro","name":"Smooth Rock Falls","province":"Ontario","place":"Smooth Rock Falls","mw":7.4,"renewMw":7.4,"totalMw":7.4,"hydroMw":7.4,"pumpedMw":0,"solarMw":0,"windMw":0,"geoMw":0,"bioMw":0,"tidalMw":0,"owner":"Gemini-Srf Power Corp","operator":"Gemini Srf Power Corp","agency":"IESO","period":"201703","sourceUrl":"https://open.canada.ca/data/en/dataset/490db619-ab58-4a2a-a245-2376ce1840de","sourceTitle":"Renewable Energy Power Plants, 1 MW or more","licence":"Open Government Licence - Canada","vintage":"201703"}},{"type":"Feature","geometry":{"type":"Point","coordinates":[-116.22377,63.42111]},"properties":{"id":"nacei-6120","kind":"plant","cat":"hydro","name":"Snare Cascades","province":"Northwest Territories","place":"Snare River","mw":4.3,"renewMw":4.3,"totalMw":4.3,"hydroMw":4.3,"pumpedMw":0,"solarMw":0,"windMw":0,"geoMw":0,"bioMw":0,"tidalMw":0,"owner":"","operator":"Northwest Territories Power Corp","agency":"NTPC","period":"2016","sourceUrl":"https://open.canada.ca/data/en/dataset/490db619-ab58-4a2a-a245-2376ce1840de","sourceTitle":"Renewable Energy Power Plants, 1 MW or more","licence":"Open Government Licence - Canada","vintage":"2016"}},{"type":"Feature","geometry":{"type":"Point","coordinates":[-116.18731,63.43897]},"properties":{"id":"nacei-6121","kind":"plant","cat":"hydro","name":"Snare Falls / Johnny Simpson","province":"Northwest Territories","place":"Snare River","mw":7.4,"renewMw":7.4,"totalMw":7.4,"hydroMw":7.4,"pumpedMw":0,"solarMw":0,"windMw":0,"geoMw":0,"bioMw":0,"tidalMw":0,"owner":"","operator":"Northwest Territories Power Corp","agency":"NTPC","period":"2016","sourceUrl":"https://open.canada.ca/data/en/dataset/490db619-ab58-4a2a-a245-2376ce1840de","sourceTitle":"Renewable Energy Power Plants, 1 MW or more","licence":"Open Government Licence - Canada","vintage":"2016"}},{"type":"Feature","geometry":{"type":"Point","coordinates":[-116.29767,63.32517]},"properties":{"id":"nacei-6122","kind":"plant","cat":"hydro","name":"Snare Forks","province":"Northwest Territories","place":"Snare River","mw":10.2,"renewMw":10.2,"totalMw":10.2,"hydroMw":10.2,"pumpedMw":0,"solarMw":0,"windMw":0,"geoMw":0,"bioMw":0,"tidalMw":0,"owner":"","operator":"Northwest Territories Power Corp","agency":"NTPC","period":"2016","sourceUrl":"https://open.canada.ca/data/en/dataset/490db619-ab58-4a2a-a245-2376ce1840de","sourceTitle":"Renewable Energy Power Plants, 1 MW or more","licence":"Open Government Licence - Canada","vintage":"2016"}},{"type":"Feature","geometry":{"type":"Point","coordinates":[-116.0053,63.51142]},"properties":{"id":"nacei-6123","kind":"plant","cat":"hydro","name":"Snare Rapids / Ted Humphrys","province":"Northwest Territories","place":"Snare River","mw":8.5,"renewMw":8.5,"totalMw":8.5,"hydroMw":8.5,"pumpedMw":0,"solarMw":0,"windMw":0,"geoMw":0,"bioMw":0,"tidalMw":0,"owner":"","operator":"Northwest Territories Power Corp","agency":"NTPC","period":"2016","sourceUrl":"https://open.canada.ca/data/en/dataset/490db619-ab58-4a2a-a245-2376ce1840de","sourceTitle":"Renewable Energy Power Plants, 1 MW or more","licence":"Open Government Licence - Canada","vintage":"2016"}},{"type":"Feature","geometry":{"type":"Point","coordinates":[-78.62931,44.16889]},"properties":{"id":"nacei-6124","kind":"plant","cat":"wind","name":"Snowy Ridge","province":"Ontario","place":"Bethany","mw":10,"renewMw":10,"totalMw":10,"hydroMw":0,"pumpedMw":0,"solarMw":0,"windMw":10,"geoMw":0,"bioMw":0,"tidalMw":0,"owner":"Snowy Ridge Wind Development Joint Venture","operator":"Snowy Ridge Wind Development Joint Venture","agency":"CanWEA","period":"201612","sourceUrl":"https://open.canada.ca/data/en/dataset/490db619-ab58-4a2a-a245-2376ce1840de","sourceTitle":"Renewable Energy Power Plants, 1 MW or more","licence":"Open Government Licence - Canada","vintage":"201612"}},{"type":"Feature","geometry":{"type":"Point","coordinates":[-82.68046,42.06443]},"properties":{"id":"nacei-6125","kind":"plant","cat":"biomass","name":"Soave Hydroponics","province":"Ontario","place":"East Kingsville","mw":12,"renewMw":12,"totalMw":12,"hydroMw":0,"pumpedMw":0,"solarMw":0,"windMw":0,"geoMw":0,"bioMw":12,"tidalMw":0,"owner":"","operator":"Soave Hydroponics","agency":"Soave Hydroponics Company","period":"201512","sourceUrl":"https://open.canada.ca/data/en/dataset/490db619-ab58-4a2a-a245-2376ce1840de","sourceTitle":"Renewable Energy Power Plants, 1 MW or more","licence":"Open Government Licence - Canada","vintage":"201512"}},{"type":"Feature","geometry":{"type":"Point","coordinates":[-72.43369,48.6379]},"properties":{"id":"nacei-6126","kind":"plant","cat":"biomass","name":"Société de Cogénération Saint-Félicien","province":"Québec","place":"Saint-Félicien","mw":21,"renewMw":21,"totalMw":21,"hydroMw":0,"pumpedMw":0,"solarMw":0,"windMw":0,"geoMw":0,"bioMw":21,"tidalMw":0,"owner":"Green Leaf","operator":"Société de Cogénération Saint-Félicien","agency":"Greenleaf Power","period":"201708","sourceUrl":"https://open.canada.ca/data/en/dataset/490db619-ab58-4a2a-a245-2376ce1840de","sourceTitle":"Renewable Energy Power Plants, 1 MW or more","licence":"Open Government Licence - Canada","vintage":"201708"}},{"type":"Feature","geometry":{"type":"Point","coordinates":[-113.52315,49.53845]},"properties":{"id":"nacei-6127","kind":"plant","cat":"wind","name":"Soderglen","province":"Alberta","place":"Fort Macleod","mw":70.5,"renewMw":70.5,"totalMw":70.5,"hydroMw":0,"pumpedMw":0,"solarMw":0,"windMw":70.5,"geoMw":0,"bioMw":0,"tidalMw":0,"owner":"Gw Power/Nexen (Advertized as 70 Mw - Keep An Eye On This)","operator":"Gw Power/Nexen (Advertized as 70 Mw - Keep An Eye On This)","agency":"CanWEA","period":"201612","sourceUrl":"https://open.canada.ca/data/en/dataset/490db619-ab58-4a2a-a245-2376ce1840de","sourceTitle":"Renewable Energy Power Plants, 1 MW or more","licence":"Open Government Licence - Canada","vintage":"201612"}},{"type":"Feature","geometry":{"type":"Point","coordinates":[-110.71994,50.03776]},"properties":{"id":"nacei-6128","kind":"plant","cat":"solar","name":"Solar Concentrating Steam Power Plant","province":"Alberta","place":"Medicine Hat","mw":1,"renewMw":1,"totalMw":1,"hydroMw":0,"pumpedMw":0,"solarMw":1,"windMw":0,"geoMw":0,"bioMw":0,"tidalMw":0,"owner":"","operator":"City of Medicine Hat","agency":"HatSmart","period":"2016","sourceUrl":"https://open.canada.ca/data/en/dataset/490db619-ab58-4a2a-a245-2376ce1840de","sourceTitle":"Renewable Energy Power Plants, 1 MW or more","licence":"Open Government Licence - Canada","vintage":"2016"}},{"type":"Feature","geometry":{"type":"Point","coordinates":[-77.35656,44.23202]},"properties":{"id":"nacei-6129","kind":"plant","cat":"solar","name":"Solar Spirit 4","province":"Ontario","place":"Corbyville","mw":10,"renewMw":10,"totalMw":10,"hydroMw":0,"pumpedMw":0,"solarMw":10,"windMw":0,"geoMw":0,"bioMw":0,"tidalMw":0,"owner":"Sune Solar Spirit LP","operator":"Sune Solar Spirit LP","agency":"IESO","period":"201703","sourceUrl":"https://open.canada.ca/data/en/dataset/490db619-ab58-4a2a-a245-2376ce1840de","sourceTitle":"Renewable Energy Power Plants, 1 MW or more","licence":"Open Government Licence - Canada","vintage":"201703"}},{"type":"Feature","geometry":{"type":"Point","coordinates":[-76.65113,44.31176]},"properties":{"id":"nacei-6130","kind":"plant","cat":"solar","name":"Sol-Luce Kingston","province":"Ontario","place":"Odessa","mw":100,"renewMw":100,"totalMw":100,"hydroMw":0,"pumpedMw":0,"solarMw":100,"windMw":0,"geoMw":0,"bioMw":0,"tidalMw":0,"owner":"Kingston Solar LP","operator":"Samsung","agency":"IESO","period":"201703","sourceUrl":"https://open.canada.ca/data/en/dataset/490db619-ab58-4a2a-a245-2376ce1840de","sourceTitle":"Renewable Energy Power Plants, 1 MW or more","licence":"Open Government Licence - Canada","vintage":"201703"}},{"type":"Feature","geometry":{"type":"Point","coordinates":[-79.0504,44.14792]},"properties":{"id":"nacei-6131","kind":"plant","cat":"solar","name":"Solray Energy Epsom","province":"Ontario","place":"Uxbridge","mw":10,"renewMw":10,"totalMw":10,"hydroMw":0,"pumpedMw":0,"solarMw":10,"windMw":0,"geoMw":0,"bioMw":0,"tidalMw":0,"owner":"Marsh Hill III LP","operator":"Marsh Hill III LP","agency":"IESO","period":"201703","sourceUrl":"https://open.canada.ca/data/en/dataset/490db619-ab58-4a2a-a245-2376ce1840de","sourceTitle":"Renewable Energy Power Plants, 1 MW or more","licence":"Open Government Licence - Canada","vintage":"201703"}},{"type":"Feature","geometry":{"type":"Point","coordinates":[-79.03474,44.28082]},"properties":{"id":"nacei-6132","kind":"plant","cat":"solar","name":"Solray Energy Sunderland","province":"Ontario","place":"Beaverton","mw":10,"renewMw":10,"totalMw":10,"hydroMw":0,"pumpedMw":0,"solarMw":10,"windMw":0,"geoMw":0,"bioMw":0,"tidalMw":0,"owner":"Sunderland Solar Farm LP","operator":"Sunderland Solar Farm LP","agency":"IESO","period":"201703","sourceUrl":"https://open.canada.ca/data/en/dataset/490db619-ab58-4a2a-a245-2376ce1840de","sourceTitle":"Renewable Energy Power Plants, 1 MW or more","licence":"Open Government Licence - Canada","vintage":"201703"}},{"type":"Feature","geometry":{"type":"Point","coordinates":[-75.371,44.94374]},"properties":{"id":"nacei-6133","kind":"plant","cat":"wind","name":"South Branch","province":"Ontario","place":"Brinston","mw":30,"renewMw":30,"totalMw":30,"hydroMw":0,"pumpedMw":0,"solarMw":0,"windMw":30,"geoMw":0,"bioMw":0,"tidalMw":0,"owner":"South Dundas Windfarm LP","operator":"South Dundas Windfarm LP","agency":"CanWEA","period":"201612","sourceUrl":"https://open.canada.ca/data/en/dataset/490db619-ab58-4a2a-a245-2376ce1840de","sourceTitle":"Renewable Energy Power Plants, 1 MW or more","licence":"Open Government Licence - Canada","vintage":"201612"}},{"type":"Feature","geometry":{"type":"Point","coordinates":[-64.335,44.76681]},"properties":{"id":"nacei-6134","kind":"plant","cat":"wind","name":"South Canoe","province":"Nova Scotia","place":"","mw":102,"renewMw":102,"totalMw":102,"hydroMw":0,"pumpedMw":0,"solarMw":0,"windMw":102,"geoMw":0,"bioMw":0,"tidalMw":0,"owner":"","operator":"South Canoe Wind","agency":"CanWEA","period":"201612","sourceUrl":"https://open.canada.ca/data/en/dataset/490db619-ab58-4a2a-a245-2376ce1840de","sourceTitle":"Renewable Energy Power Plants, 1 MW or more","licence":"Open Government Licence - Canada","vintage":"201612"}},{"type":"Feature","geometry":{"type":"Point","coordinates":[-61.38161,46.15084]},"properties":{"id":"nacei-6135","kind":"plant","cat":"wind","name":"South Cape Mabou","province":"Nova Scotia","place":"Mabou","mw":2,"renewMw":2,"totalMw":2,"hydroMw":0,"pumpedMw":0,"solarMw":0,"windMw":2,"geoMw":0,"bioMw":0,"tidalMw":0,"owner":"","operator":"Black River Wind Ltd","agency":"CanWEA","period":"201612","sourceUrl":"https://open.canada.ca/data/en/dataset/490db619-ab58-4a2a-a245-2376ce1840de","sourceTitle":"Renewable Energy Power Plants, 1 MW or more","licence":"Open Government Licence - Canada","vintage":"201612"}},{"type":"Feature","geometry":{"type":"Point","coordinates":[-118.10414,50.77158]},"properties":{"id":"nacei-6136","kind":"plant","cat":"hydro","name":"South Cranberry Creek 2","province":"British Columbia","place":"Revelstoke","mw":9,"renewMw":9,"totalMw":9,"hydroMw":9,"pumpedMw":0,"solarMw":0,"windMw":0,"geoMw":0,"bioMw":0,"tidalMw":0,"owner":"Advanced Energy Systems 1 LP","operator":"","agency":"BC Hydro IPP supply","period":"201704","sourceUrl":"https://open.canada.ca/data/en/dataset/490db619-ab58-4a2a-a245-2376ce1840de","sourceTitle":"Renewable Energy Power Plants, 1 MW or more","licence":"Open Government Licence - Canada","vintage":"201704"}},{"type":"Feature","geometry":{"type":"Point","coordinates":[-79.30536,45.00306]},"properties":{"id":"nacei-6137","kind":"plant","cat":"hydro","name":"South Falls","province":"Ontario","place":"Bracebridge","mw":5,"renewMw":5,"totalMw":5,"hydroMw":5,"pumpedMw":0,"solarMw":0,"windMw":0,"geoMw":0,"bioMw":0,"tidalMw":0,"owner":"","operator":"Ontario Power Generation Inc","agency":"OPG","period":"201708","sourceUrl":"https://open.canada.ca/data/en/dataset/490db619-ab58-4a2a-a245-2376ce1840de","sourceTitle":"Renewable Energy Power Plants, 1 MW or more","licence":"Open Government Licence - Canada","vintage":"201708"}},{"type":"Feature","geometry":{"type":"Point","coordinates":[-82.10711,42.34946]},"properties":{"id":"nacei-6138","kind":"plant","cat":"wind","name":"South Kent","province":"Ontario","place":"Blenheim","mw":270,"renewMw":270,"totalMw":270,"hydroMw":0,"pumpedMw":0,"solarMw":0,"windMw":270,"geoMw":0,"bioMw":0,"tidalMw":0,"owner":"South Kent Wind LP","operator":"Samsung / Pattern Energy","agency":"CanWEA","period":"201612","sourceUrl":"https://open.canada.ca/data/en/dataset/490db619-ab58-4a2a-a245-2376ce1840de","sourceTitle":"Renewable Energy Power Plants, 1 MW or more","licence":"Open Government Licence - Canada","vintage":"201612"}},{"type":"Feature","geometry":{"type":"Point","coordinates":[-83.04255,42.08399]},"properties":{"id":"nacei-6139","kind":"plant","cat":"wind","name":"South Side","province":"Ontario","place":"Amherstburg","mw":10,"renewMw":10,"totalMw":10,"hydroMw":0,"pumpedMw":0,"solarMw":0,"windMw":10,"geoMw":0,"bioMw":0,"tidalMw":0,"owner":"Gengrowth LP1","operator":"Boralex","agency":"CanWEA","period":"201612","sourceUrl":"https://open.canada.ca/data/en/dataset/490db619-ab58-4a2a-a245-2376ce1840de","sourceTitle":"Renewable Energy Power Plants, 1 MW or more","licence":"Open Government Licence - Canada","vintage":"201612"}},{"type":"Feature","geometry":{"type":"Point","coordinates":[-117.51971,49.45549]},"properties":{"id":"nacei-6140","kind":"plant","cat":"hydro","name":"South Slocan","province":"British Columbia","place":"Kootenay River","mw":54,"renewMw":54,"totalMw":54,"hydroMw":54,"pumpedMw":0,"solarMw":0,"windMw":0,"geoMw":0,"bioMw":0,"tidalMw":0,"owner":"","operator":"FortisBC","agency":"FortisBC","period":"201512","sourceUrl":"https://open.canada.ca/data/en/dataset/490db619-ab58-4a2a-a245-2376ce1840de","sourceTitle":"Renewable Energy Power Plants, 1 MW or more","licence":"Open Government Licence - Canada","vintage":"201512"}},{"type":"Feature","geometry":{"type":"Point","coordinates":[-79.06624,44.46314]},"properties":{"id":"nacei-6141","kind":"plant","cat":"solar","name":"Sparklelight","province":"Ontario","place":"Woodville","mw":10,"renewMw":10,"totalMw":10,"hydroMw":0,"pumpedMw":0,"solarMw":10,"windMw":0,"geoMw":0,"bioMw":0,"tidalMw":0,"owner":"Sparklelight LP","operator":"Sparklelight LP","agency":"IESO","period":"201703","sourceUrl":"https://open.canada.ca/data/en/dataset/490db619-ab58-4a2a-a245-2376ce1840de","sourceTitle":"Renewable Energy Power Plants, 1 MW or more","licence":"Open Government Licence - Canada","vintage":"201703"}},{"type":"Feature","geometry":{"type":"Point","coordinates":[-116.40894,50.90336]},"properties":{"id":"nacei-6142","kind":"plant","cat":"hydro","name":"Spillimacheen","province":"British Columbia","place":"Spillimacheen River","mw":4,"renewMw":4,"totalMw":4,"hydroMw":4,"pumpedMw":0,"solarMw":0,"windMw":0,"geoMw":0,"bioMw":0,"tidalMw":0,"owner":"BC Hydro","operator":"BC Hydro","agency":"BC Hydro","period":"201708","sourceUrl":"https://open.canada.ca/data/en/dataset/490db619-ab58-4a2a-a245-2376ce1840de","sourceTitle":"Renewable Energy Power Plants, 1 MW or more","licence":"Open Government Licence - Canada","vintage":"201708"}},{"type":"Feature","geometry":{"type":"Point","coordinates":[-115.40238,51.07451]},"properties":{"id":"nacei-6143","kind":"plant","cat":"hydro","name":"Spray","province":"Alberta","place":"Canmore","mw":112,"renewMw":112,"totalMw":112,"hydroMw":112,"pumpedMw":0,"solarMw":0,"windMw":0,"geoMw":0,"bioMw":0,"tidalMw":0,"owner":"TransAlta (100%)","operator":"TransAlta (100%)","agency":"TransAlta","period":"201708","sourceUrl":"https://open.canada.ca/data/en/dataset/490db619-ab58-4a2a-a245-2376ce1840de","sourceTitle":"Renewable Energy Power Plants, 1 MW or more","licence":"Open Government Licence - Canada","vintage":"201708"}},{"type":"Feature","geometry":{"type":"Point","coordinates":[-64.0239,45.61149]},"properties":{"id":"nacei-6144","kind":"plant","cat":"wind","name":"Springhill","province":"Nova Scotia","place":"Springhill Project","mw":1.2,"renewMw":1.2,"totalMw":1.2,"hydroMw":0,"pumpedMw":0,"solarMw":0,"windMw":1.2,"geoMw":0,"bioMw":0,"tidalMw":0,"owner":"","operator":"","agency":"CanWEA","period":"201612","sourceUrl":"https://open.canada.ca/data/en/dataset/490db619-ab58-4a2a-a245-2376ce1840de","sourceTitle":"Renewable Energy Power Plants, 1 MW or more","licence":"Open Government Licence - Canada","vintage":"201612"}},{"type":"Feature","geometry":{"type":"Point","coordinates":[-80.40397,43.78381]},"properties":{"id":"nacei-6145","kind":"plant","cat":"wind","name":"Springwood","province":"Ontario","place":"Fergus","mw":8.2,"renewMw":8.2,"totalMw":8.2,"hydroMw":0,"pumpedMw":0,"solarMw":0,"windMw":8.2,"geoMw":0,"bioMw":0,"tidalMw":0,"owner":"WPD Springwood Wind Inc","operator":"WPD Springwood Wind Inc","agency":"CanWEA","period":"201612","sourceUrl":"https://open.canada.ca/data/en/dataset/490db619-ab58-4a2a-a245-2376ce1840de","sourceTitle":"Renewable Energy Power Plants, 1 MW or more","licence":"Open Government Licence - Canada","vintage":"201612"}},{"type":"Feature","geometry":{"type":"Point","coordinates":[-84.44564,46.52361]},"properties":{"id":"nacei-6146","kind":"plant","cat":"solar","name":"SSM 1 (Carpin Rd.)","province":"Ontario","place":"Sault Ste Marie","mw":12,"renewMw":12,"totalMw":12,"hydroMw":0,"pumpedMw":0,"solarMw":12,"windMw":0,"geoMw":0,"bioMw":0,"tidalMw":0,"owner":"Starwood Energy","operator":"Starwood Energy","agency":"Starwood Energy Group","period":"201512","sourceUrl":"https://open.canada.ca/data/en/dataset/490db619-ab58-4a2a-a245-2376ce1840de","sourceTitle":"Renewable Energy Power Plants, 1 MW or more","licence":"Open Government Licence - Canada","vintage":"201512"}},{"type":"Feature","geometry":{"type":"Point","coordinates":[-84.42608,46.51707]},"properties":{"id":"nacei-6147","kind":"plant","cat":"solar","name":"SSM 1 (Leigh's Bay Rd.)","province":"Ontario","place":"Sault Ste Marie","mw":12,"renewMw":12,"totalMw":12,"hydroMw":0,"pumpedMw":0,"solarMw":12,"windMw":0,"geoMw":0,"bioMw":0,"tidalMw":0,"owner":"Starwood Energy","operator":"Starwood Energy","agency":"Starwood Energy Group","period":"201512","sourceUrl":"https://open.canada.ca/data/en/dataset/490db619-ab58-4a2a-a245-2376ce1840de","sourceTitle":"Renewable Energy Power Plants, 1 MW or more","licence":"Open Government Licence - Canada","vintage":"201512"}},{"type":"Feature","geometry":{"type":"Point","coordinates":[-84.27955,46.5473]},"properties":{"id":"nacei-6148","kind":"plant","cat":"solar","name":"SSM 2/3","province":"Ontario","place":"Sault Ste Marie","mw":45,"renewMw":45,"totalMw":45,"hydroMw":0,"pumpedMw":0,"solarMw":45,"windMw":0,"geoMw":0,"bioMw":0,"tidalMw":0,"owner":"Starwood Energy","operator":"Starwood Energy","agency":"Starwood Energy Group","period":"201512","sourceUrl":"https://open.canada.ca/data/en/dataset/490db619-ab58-4a2a-a245-2376ce1840de","sourceTitle":"Renewable Energy Power Plants, 1 MW or more","licence":"Open Government Licence - Canada","vintage":"201512"}},{"type":"Feature","geometry":{"type":"Point","coordinates":[-82.4207,42.86924]},"properties":{"id":"nacei-6149","kind":"plant","cat":"solar","name":"St. Clair Moore","province":"Ontario","place":"","mw":20,"renewMw":20,"totalMw":20,"hydroMw":0,"pumpedMw":0,"solarMw":20,"windMw":0,"geoMw":0,"bioMw":0,"tidalMw":0,"owner":"Nextera Energy Inc","operator":"","agency":"Nextera Energy","period":"201601","sourceUrl":"https://open.canada.ca/data/en/dataset/490db619-ab58-4a2a-a245-2376ce1840de","sourceTitle":"Renewable Energy Power Plants, 1 MW or more","licence":"Open Government Licence - Canada","vintage":"201601"}},{"type":"Feature","geometry":{"type":"Point","coordinates":[-82.46189,42.71134]},"properties":{"id":"nacei-6150","kind":"plant","cat":"solar","name":"St. Clair Sombra","province":"Ontario","place":"","mw":20,"renewMw":20,"totalMw":20,"hydroMw":0,"pumpedMw":0,"solarMw":20,"windMw":0,"geoMw":0,"bioMw":0,"tidalMw":0,"owner":"Nextera Energy Partners LP","operator":"","agency":"Nextera Energy","period":"201601","sourceUrl":"https://open.canada.ca/data/en/dataset/490db619-ab58-4a2a-a245-2376ce1840de","sourceTitle":"Renewable Energy Power Plants, 1 MW or more","licence":"Open Government Licence - Canada","vintage":"201601"}},{"type":"Feature","geometry":{"type":"Point","coordinates":[-81.28963,43.55049]},"properties":{"id":"nacei-6151","kind":"plant","cat":"wind","name":"St. Columban","province":"Ontario","place":"Seaforth","mw":33,"renewMw":33,"totalMw":33,"hydroMw":0,"pumpedMw":0,"solarMw":0,"windMw":33,"geoMw":0,"bioMw":0,"tidalMw":0,"owner":"St. Columban Energy LP","operator":"St. Columban Energy LP","agency":"CanWEA","period":"201612","sourceUrl":"https://open.canada.ca/data/en/dataset/490db619-ab58-4a2a-a245-2376ce1840de","sourceTitle":"Renewable Energy Power Plants, 1 MW or more","licence":"Open Government Licence - Canada","vintage":"201612"}},{"type":"Feature","geometry":{"type":"Point","coordinates":[-66.82792,45.12829]},"properties":{"id":"nacei-6152","kind":"plant","cat":"hydro","name":"St. George","province":"New Brunswick","place":"Magaguadavic River","mw":15,"renewMw":15,"totalMw":15,"hydroMw":15,"pumpedMw":0,"solarMw":0,"windMw":0,"geoMw":0,"bioMw":0,"tidalMw":0,"owner":"","operator":"St George Pulp & Paper Co Ltd","agency":"NB Power","period":"201707","sourceUrl":"https://open.canada.ca/data/en/dataset/490db619-ab58-4a2a-a245-2376ce1840de","sourceTitle":"Renewable Energy Power Plants, 1 MW or more","licence":"Open Government Licence - Canada","vintage":"201707"}},{"type":"Feature","geometry":{"type":"Point","coordinates":[-74.9374,45.42895]},"properties":{"id":"nacei-6153","kind":"plant","cat":"solar","name":"St. Isidore A","province":"Ontario","place":"St Isidore","mw":12,"renewMw":12,"totalMw":12,"hydroMw":0,"pumpedMw":0,"solarMw":12,"windMw":0,"geoMw":0,"bioMw":0,"tidalMw":0,"owner":"EDF Energies Nouvelles","operator":"EDF Energies Nouvelles","agency":"EDF Energies Nouvelles","period":"201708","sourceUrl":"https://open.canada.ca/data/en/dataset/490db619-ab58-4a2a-a245-2376ce1840de","sourceTitle":"Renewable Energy Power Plants, 1 MW or more","licence":"Open Government Licence - Canada","vintage":"201708"}},{"type":"Feature","geometry":{"type":"Point","coordinates":[-74.9092,45.36368]},"properties":{"id":"nacei-6154","kind":"plant","cat":"solar","name":"St. Isidore B","province":"Ontario","place":"St Isidore","mw":12,"renewMw":12,"totalMw":12,"hydroMw":0,"pumpedMw":0,"solarMw":12,"windMw":0,"geoMw":0,"bioMw":0,"tidalMw":0,"owner":"EDF Energies Nouvelles","operator":"EDF Energies Nouvelles","agency":"EDF Energies Nouvelles","period":"201708","sourceUrl":"https://open.canada.ca/data/en/dataset/490db619-ab58-4a2a-a245-2376ce1840de","sourceTitle":"Renewable Energy Power Plants, 1 MW or more","licence":"Open Government Licence - Canada","vintage":"201708"}},{"type":"Feature","geometry":{"type":"Point","coordinates":[-97.42055,49.13452]},"properties":{"id":"nacei-6155","kind":"plant","cat":"wind","name":"St. Joseph","province":"Manitoba","place":"Montcalm","mw":138,"renewMw":138,"totalMw":138,"hydroMw":0,"pumpedMw":0,"solarMw":0,"windMw":138,"geoMw":0,"bioMw":0,"tidalMw":0,"owner":"Pattern Energy","operator":"Manitoba Hydro","agency":"CanWEA","period":"201612","sourceUrl":"https://open.canada.ca/data/en/dataset/490db619-ab58-4a2a-a245-2376ce1840de","sourceTitle":"Renewable Energy Power Plants, 1 MW or more","licence":"Open Government Licence - Canada","vintage":"201612"}},{"type":"Feature","geometry":{"type":"Point","coordinates":[-55.42933,46.95002]},"properties":{"id":"nacei-6156","kind":"plant","cat":"wind","name":"St. Lawrence","province":"Newfoundland and Labrador","place":"","mw":27,"renewMw":27,"totalMw":27,"hydroMw":0,"pumpedMw":0,"solarMw":0,"windMw":27,"geoMw":0,"bioMw":0,"tidalMw":0,"owner":"","operator":"Newind Group Inc","agency":"CanWEA","period":"201612","sourceUrl":"https://open.canada.ca/data/en/dataset/490db619-ab58-4a2a-a245-2376ce1840de","sourceTitle":"Renewable Energy Power Plants, 1 MW or more","licence":"Open Government Licence - Canada","vintage":"201612"}},{"type":"Feature","geometry":{"type":"Point","coordinates":[-98.63448,49.34715]},"properties":{"id":"nacei-6157","kind":"plant","cat":"wind","name":"St. Léon 1 / 2","province":"Manitoba","place":"St Leon","mw":120.5,"renewMw":120.5,"totalMw":120.5,"hydroMw":0,"pumpedMw":0,"solarMw":0,"windMw":120.5,"geoMw":0,"bioMw":0,"tidalMw":0,"owner":"Algonquin Power","operator":"Algonquin Power","agency":"CanWEA","period":"201612","sourceUrl":"https://open.canada.ca/data/en/dataset/490db619-ab58-4a2a-a245-2376ce1840de","sourceTitle":"Renewable Energy Power Plants, 1 MW or more","licence":"Open Government Licence - Canada","vintage":"201612"}},{"type":"Feature","geometry":{"type":"Point","coordinates":[-113.10874,49.36652]},"properties":{"id":"nacei-6158","kind":"plant","cat":"hydro","name":"St. Mary","province":"Alberta","place":"Magrath","mw":2,"renewMw":2,"totalMw":2,"hydroMw":2,"pumpedMw":0,"solarMw":0,"windMw":0,"geoMw":0,"bioMw":0,"tidalMw":0,"owner":"TransAlta (100%)","operator":"TransAlta (100%)","agency":"TransAlta","period":"201708","sourceUrl":"https://open.canada.ca/data/en/dataset/490db619-ab58-4a2a-a245-2376ce1840de","sourceTitle":"Renewable Energy Power Plants, 1 MW or more","licence":"Open Government Licence - Canada","vintage":"201708"}},{"type":"Feature","geometry":{"type":"Point","coordinates":[-112.71655,49.45262]},"properties":{"id":"nacei-6159","kind":"plant","cat":"hydro","name":"St. Mary River","province":"Alberta","place":"Magrath","mw":7,"renewMw":7,"totalMw":7,"hydroMw":7,"pumpedMw":0,"solarMw":0,"windMw":0,"geoMw":0,"bioMw":0,"tidalMw":0,"owner":"Irrican Hydro","operator":"Irrican Hydro","agency":"Alberta Energy","period":"201708","sourceUrl":"https://open.canada.ca/data/en/dataset/490db619-ab58-4a2a-a245-2376ce1840de","sourceTitle":"Renewable Energy Power Plants, 1 MW or more","licence":"Open Government Licence - Canada","vintage":"201708"}},{"type":"Feature","geometry":{"type":"Point","coordinates":[-78.29482,44.3522]},"properties":{"id":"nacei-6160","kind":"plant","cat":"hydro","name":"Stanley Adamson Powerhouse","province":"Ontario","place":"Peterborough","mw":3.9,"renewMw":3.9,"totalMw":3.9,"hydroMw":3.9,"pumpedMw":0,"solarMw":0,"windMw":0,"geoMw":0,"bioMw":0,"tidalMw":0,"owner":"Trent Energy Inc","operator":"Trent Energy Inc","agency":"IESO","period":"201703","sourceUrl":"https://open.canada.ca/data/en/dataset/490db619-ab58-4a2a-a245-2376ce1840de","sourceTitle":"Renewable Energy Power Plants, 1 MW or more","licence":"Open Government Licence - Canada","vintage":"201703"}},{"type":"Feature","geometry":{"type":"Point","coordinates":[-81.37301,43.1003]},"properties":{"id":"nacei-6161","kind":"plant","cat":"biomass","name":"Stanton Dairy Farm","province":"Ontario","place":"Ilderton","mw":1.3,"renewMw":1.3,"totalMw":1.3,"hydroMw":0,"pumpedMw":0,"solarMw":0,"windMw":0,"geoMw":0,"bioMw":1.3,"tidalMw":0,"owner":"Stanton Dairy Farm","operator":"Stanton Dairy Farm","agency":"Integrated Resource Recovery I","period":"201304","sourceUrl":"https://open.canada.ca/data/en/dataset/490db619-ab58-4a2a-a245-2376ce1840de","sourceTitle":"Renewable Energy Power Plants, 1 MW or more","licence":"Open Government Licence - Canada","vintage":"201304"}},{"type":"Feature","geometry":{"type":"Point","coordinates":[-57.20567,48.55225]},"properties":{"id":"nacei-6162","kind":"plant","cat":"hydro","name":"Star Lake","province":"Newfoundland and Labrador","place":"Star Lake","mw":18.4,"renewMw":18.4,"totalMw":18.4,"hydroMw":18.4,"pumpedMw":0,"solarMw":0,"windMw":0,"geoMw":0,"bioMw":0,"tidalMw":0,"owner":"","operator":"Star Lake Hydro Partnership","agency":"NL Hydro","period":"201512","sourceUrl":"https://open.canada.ca/data/en/dataset/490db619-ab58-4a2a-a245-2376ce1840de","sourceTitle":"Renewable Energy Power Plants, 1 MW or more","licence":"Open Government Licence - Canada","vintage":"201512"}},{"type":"Feature","geometry":{"type":"Point","coordinates":[-74.52781,45.50351]},"properties":{"id":"nacei-6163","kind":"plant","cat":"solar","name":"Stardale","province":"Ontario","place":"St Eugene","mw":33.2,"renewMw":33.2,"totalMw":33.2,"hydroMw":0,"pumpedMw":0,"solarMw":33.2,"windMw":0,"geoMw":0,"bioMw":0,"tidalMw":0,"owner":"Innergex Inc","operator":"Innergex Inc","agency":"Innergex","period":"201708","sourceUrl":"https://open.canada.ca/data/en/dataset/490db619-ab58-4a2a-a245-2376ce1840de","sourceTitle":"Renewable Energy Power Plants, 1 MW or more","licence":"Open Government Licence - Canada","vintage":"201708"}},{"type":"Feature","geometry":{"type":"Point","coordinates":[-122.35612,49.22884]},"properties":{"id":"nacei-6164","kind":"plant","cat":"hydro","name":"Stave Falls","province":"British Columbia","place":"Stave Lake","mw":91,"renewMw":91,"totalMw":91,"hydroMw":91,"pumpedMw":0,"solarMw":0,"windMw":0,"geoMw":0,"bioMw":0,"tidalMw":0,"owner":"BC Hydro","operator":"BC Hydro","agency":"BC Hydro","period":"201708","sourceUrl":"https://open.canada.ca/data/en/dataset/490db619-ab58-4a2a-a245-2376ce1840de","sourceTitle":"Renewable Energy Power Plants, 1 MW or more","licence":"Open Government Licence - Canada","vintage":"201708"}},{"type":"Feature","geometry":{"type":"Point","coordinates":[-84.73939,48.07776]},"properties":{"id":"nacei-6165","kind":"plant","cat":"hydro","name":"Steephill","province":"Ontario","place":"Wawa","mw":16,"renewMw":16,"totalMw":16,"hydroMw":16,"pumpedMw":0,"solarMw":0,"windMw":0,"geoMw":0,"bioMw":0,"tidalMw":0,"owner":"Brookfield Renewable Power Inc","operator":"Brookfield Renewable Energy Partners","agency":"IESO","period":"201703","sourceUrl":"https://open.canada.ca/data/en/dataset/490db619-ab58-4a2a-a245-2376ce1840de","sourceTitle":"Renewable Energy Power Plants, 1 MW or more","licence":"Open Government Licence - Canada","vintage":"201703"}},{"type":"Feature","geometry":{"type":"Point","coordinates":[-76.50639,45.40715]},"properties":{"id":"nacei-6166","kind":"plant","cat":"hydro","name":"Stewartville","province":"Ontario","place":"Arnprior","mw":182,"renewMw":182,"totalMw":182,"hydroMw":182,"pumpedMw":0,"solarMw":0,"windMw":0,"geoMw":0,"bioMw":0,"tidalMw":0,"owner":"","operator":"Ontario Power Generation Inc","agency":"OPG","period":"201708","sourceUrl":"https://open.canada.ca/data/en/dataset/490db619-ab58-4a2a-a245-2376ce1840de","sourceTitle":"Renewable Energy Power Plants, 1 MW or more","licence":"Open Government Licence - Canada","vintage":"201708"}},{"type":"Feature","geometry":{"type":"Point","coordinates":[-80.71039,46.52129]},"properties":{"id":"nacei-6167","kind":"plant","cat":"hydro","name":"Stinson","province":"Ontario","place":"Sudbury","mw":5,"renewMw":5,"totalMw":5,"hydroMw":5,"pumpedMw":0,"solarMw":0,"windMw":0,"geoMw":0,"bioMw":0,"tidalMw":0,"owner":"","operator":"Ontario Power Generation Inc","agency":"OPG","period":"201708","sourceUrl":"https://open.canada.ca/data/en/dataset/490db619-ab58-4a2a-a245-2376ce1840de","sourceTitle":"Renewable Energy Power Plants, 1 MW or more","licence":"Open Government Licence - Canada","vintage":"201708"}},{"type":"Feature","geometry":{"type":"Point","coordinates":[-122.03426,49.71106]},"properties":{"id":"nacei-6168","kind":"plant","cat":"hydro","name":"Stokke Creek","province":"British Columbia","place":"Mission","mw":22,"renewMw":22,"totalMw":22,"hydroMw":22,"pumpedMw":0,"solarMw":0,"windMw":0,"geoMw":0,"bioMw":0,"tidalMw":0,"owner":"Innergex Inc (50%) / Harrison Hydro Project (50%)","operator":"Innergex Inc","agency":"Innergex","period":"201708","sourceUrl":"https://open.canada.ca/data/en/dataset/490db619-ab58-4a2a-a245-2376ce1840de","sourceTitle":"Renewable Energy Power Plants, 1 MW or more","licence":"Open Government Licence - Canada","vintage":"201708"}},{"type":"Feature","geometry":{"type":"Point","coordinates":[-76.89747,44.29586]},"properties":{"id":"nacei-6169","kind":"plant","cat":"solar","name":"Stone Mills","province":"Ontario","place":"","mw":11,"renewMw":11,"totalMw":11,"hydroMw":0,"pumpedMw":0,"solarMw":11,"windMw":0,"geoMw":0,"bioMw":0,"tidalMw":0,"owner":"Dif Infrastructure III","operator":"","agency":"PowerFinance","period":"201601","sourceUrl":"https://open.canada.ca/data/en/dataset/490db619-ab58-4a2a-a245-2376ce1840de","sourceTitle":"Renewable Energy Power Plants, 1 MW or more","licence":"Open Government Licence - Canada","vintage":"201601"}},{"type":"Feature","geometry":{"type":"Point","coordinates":[-125.58558,49.99808]},"properties":{"id":"nacei-6170","kind":"plant","cat":"hydro","name":"Strathcona","province":"British Columbia","place":"Campbell River","mw":64,"renewMw":64,"totalMw":64,"hydroMw":64,"pumpedMw":0,"solarMw":0,"windMw":0,"geoMw":0,"bioMw":0,"tidalMw":0,"owner":"BC Hydro","operator":"BC Hydro","agency":"BC Hydro","period":"201708","sourceUrl":"https://open.canada.ca/data/en/dataset/490db619-ab58-4a2a-a245-2376ce1840de","sourceTitle":"Renewable Energy Power Plants, 1 MW or more","licence":"Open Government Licence - Canada","vintage":"201708"}},{"type":"Feature","geometry":{"type":"Point","coordinates":[-73.25555,46.06391]},"properties":{"id":"nacei-6171","kind":"plant","cat":"biomass","name":"St-Thomas","province":"Québec","place":"","mw":9.4,"renewMw":9.4,"totalMw":9.4,"hydroMw":0,"pumpedMw":0,"solarMw":0,"windMw":0,"geoMw":0,"bioMw":9.4,"tidalMw":0,"owner":"","operator":"","agency":"Hydro-Québec","period":"201708","sourceUrl":"https://open.canada.ca/data/en/dataset/490db619-ab58-4a2a-a245-2376ce1840de","sourceTitle":"Renewable Energy Power Plants, 1 MW or more","licence":"Open Government Licence - Canada","vintage":"201708"}},{"type":"Feature","geometry":{"type":"Point","coordinates":[-92.28387,48.74429]},"properties":{"id":"nacei-6172","kind":"plant","cat":"hydro","name":"Sturgeon Falls","province":"Ontario","place":"Atikokan","mw":8.8,"renewMw":8.8,"totalMw":8.8,"hydroMw":8.8,"pumpedMw":0,"solarMw":0,"windMw":0,"geoMw":0,"bioMw":0,"tidalMw":0,"owner":"H2O Power LP","operator":"H2O Power LP","agency":"IESO","period":"201703","sourceUrl":"https://open.canada.ca/data/en/dataset/490db619-ab58-4a2a-a245-2376ce1840de","sourceTitle":"Renewable Energy Power Plants, 1 MW or more","licence":"Open Government Licence - Canada","vintage":"201703"}},{"type":"Feature","geometry":{"type":"Point","coordinates":[-80.9002,46.50697]},"properties":{"id":"nacei-6173","kind":"plant","cat":"biomass","name":"Sudbury LFG","province":"Ontario","place":"Sudbury","mw":1.6,"renewMw":1.6,"totalMw":1.6,"hydroMw":0,"pumpedMw":0,"solarMw":0,"windMw":0,"geoMw":0,"bioMw":1.6,"tidalMw":0,"owner":"Greater Sudbury Utilities","operator":"Toromont Energy Ltd","agency":"Toromount","period":"201601","sourceUrl":"https://open.canada.ca/data/en/dataset/490db619-ab58-4a2a-a245-2376ce1840de","sourceTitle":"Renewable Energy Power Plants, 1 MW or more","licence":"Open Government Licence - Canada","vintage":"201601"}},{"type":"Feature","geometry":{"type":"Point","coordinates":[-79.93766,42.87]},"properties":{"id":"nacei-6174","kind":"plant","cat":"wind","name":"Summerhaven","province":"Ontario","place":"Nanticoke","mw":124.4,"renewMw":124.4,"totalMw":124.4,"hydroMw":0,"pumpedMw":0,"solarMw":0,"windMw":124.4,"geoMw":0,"bioMw":0,"tidalMw":0,"owner":"Summerhaven Wind, LP","operator":"Summerhaven Wind, LP","agency":"CanWEA","period":"201612","sourceUrl":"https://open.canada.ca/data/en/dataset/490db619-ab58-4a2a-a245-2376ce1840de","sourceTitle":"Renewable Energy Power Plants, 1 MW or more","licence":"Open Government Licence - Canada","vintage":"201612"}},{"type":"Feature","geometry":{"type":"Point","coordinates":[-63.80346,46.43437]},"properties":{"id":"nacei-6175","kind":"plant","cat":"wind","name":"Summerside","province":"Prince Edward Island","place":"Summerside","mw":12,"renewMw":12,"totalMw":12,"hydroMw":0,"pumpedMw":0,"solarMw":0,"windMw":12,"geoMw":0,"bioMw":0,"tidalMw":0,"owner":"City of Summerside Electric Utility","operator":"City of Summerside Electric Utility","agency":"CanWEA","period":"201612","sourceUrl":"https://open.canada.ca/data/en/dataset/490db619-ab58-4a2a-a245-2376ce1840de","sourceTitle":"Renewable Energy Power Plants, 1 MW or more","licence":"Open Government Licence - Canada","vintage":"201612"}},{"type":"Feature","geometry":{"type":"Point","coordinates":[-113.79312,49.5829]},"properties":{"id":"nacei-6176","kind":"plant","cat":"wind","name":"Summerview 1","province":"Alberta","place":"Pincher Creek","mw":70.2,"renewMw":70.2,"totalMw":70.2,"hydroMw":0,"pumpedMw":0,"solarMw":0,"windMw":70.2,"geoMw":0,"bioMw":0,"tidalMw":0,"owner":"Vision Quest (TransAlta)","operator":"Vision Quest (TransAlta)","agency":"CanWEA","period":"201612","sourceUrl":"https://open.canada.ca/data/en/dataset/490db619-ab58-4a2a-a245-2376ce1840de","sourceTitle":"Renewable Energy Power Plants, 1 MW or more","licence":"Open Government Licence - Canada","vintage":"201612"}},{"type":"Feature","geometry":{"type":"Point","coordinates":[-113.73408,49.60262]},"properties":{"id":"nacei-6177","kind":"plant","cat":"wind","name":"Summerview 2","province":"Alberta","place":"Pincher Creek","mw":66,"renewMw":66,"totalMw":66,"hydroMw":0,"pumpedMw":0,"solarMw":0,"windMw":66,"geoMw":0,"bioMw":0,"tidalMw":0,"owner":"TransAlta","operator":"TransAlta","agency":"CanWEA","period":"201612","sourceUrl":"https://open.canada.ca/data/en/dataset/490db619-ab58-4a2a-a245-2376ce1840de","sourceTitle":"Renewable Energy Power Plants, 1 MW or more","licence":"Open Government Licence - Canada","vintage":"201612"}},{"type":"Feature","geometry":{"type":"Point","coordinates":[-108.39298,50.07807]},"properties":{"id":"nacei-6178","kind":"plant","cat":"wind","name":"Sunbridge","province":"Saskatchewan","place":"Gull Lake","mw":11.2,"renewMw":11.2,"totalMw":11.2,"hydroMw":0,"pumpedMw":0,"solarMw":0,"windMw":11.2,"geoMw":0,"bioMw":0,"tidalMw":0,"owner":"Suncor Enrgy Inc / Enbridge Inc","operator":"Suncor Enrgy Inc / Enbridge Inc","agency":"CanWEA","period":"201612","sourceUrl":"https://open.canada.ca/data/en/dataset/490db619-ab58-4a2a-a245-2376ce1840de","sourceTitle":"Renewable Energy Power Plants, 1 MW or more","licence":"Open Government Licence - Canada","vintage":"201612"}},{"type":"Feature","geometry":{"type":"Point","coordinates":[-75.01304,44.98564]},"properties":{"id":"nacei-6179","kind":"plant","cat":"solar","name":"Sune Bruining 1","province":"Ontario","place":"Ingleside","mw":10,"renewMw":10,"totalMw":10,"hydroMw":0,"pumpedMw":0,"solarMw":10,"windMw":0,"geoMw":0,"bioMw":0,"tidalMw":0,"owner":"Sune South Stormont LP","operator":"Sune South Stormont LP","agency":"IESO","period":"201703","sourceUrl":"https://open.canada.ca/data/en/dataset/490db619-ab58-4a2a-a245-2376ce1840de","sourceTitle":"Renewable Energy Power Plants, 1 MW or more","licence":"Open Government Licence - Canada","vintage":"201703"}},{"type":"Feature","geometry":{"type":"Point","coordinates":[-76.273,44.67118]},"properties":{"id":"nacei-6180","kind":"plant","cat":"solar","name":"Sune Newboro 1","province":"Ontario","place":"Westport","mw":10,"renewMw":10,"totalMw":10,"hydroMw":0,"pumpedMw":0,"solarMw":10,"windMw":0,"geoMw":0,"bioMw":0,"tidalMw":0,"owner":"Sune Ray LP","operator":"Sune Ray LP","agency":"IESO","period":"201703","sourceUrl":"https://open.canada.ca/data/en/dataset/490db619-ab58-4a2a-a245-2376ce1840de","sourceTitle":"Renewable Energy Power Plants, 1 MW or more","licence":"Open Government Licence - Canada","vintage":"201703"}},{"type":"Feature","geometry":{"type":"Point","coordinates":[-76.35546,44.64902]},"properties":{"id":"nacei-6181","kind":"plant","cat":"solar","name":"Sune Newboro 4","province":"Ontario","place":"Westport","mw":10,"renewMw":10,"totalMw":10,"hydroMw":0,"pumpedMw":0,"solarMw":10,"windMw":0,"geoMw":0,"bioMw":0,"tidalMw":0,"owner":"Sune Newboro 4 LP","operator":"Sune Newboro 4 LP","agency":"IESO","period":"201703","sourceUrl":"https://open.canada.ca/data/en/dataset/490db619-ab58-4a2a-a245-2376ce1840de","sourceTitle":"Renewable Energy Power Plants, 1 MW or more","licence":"Open Government Licence - Canada","vintage":"201703"}},{"type":"Feature","geometry":{"type":"Point","coordinates":[-74.96593,45.01703]},"properties":{"id":"nacei-6182","kind":"plant","cat":"solar","name":"Sune Rutley","province":"Ontario","place":"Ingleside","mw":10,"renewMw":10,"totalMw":10,"hydroMw":0,"pumpedMw":0,"solarMw":10,"windMw":0,"geoMw":0,"bioMw":0,"tidalMw":0,"owner":"Sune Rutley LP","operator":"Sune Rutley LP","agency":"IESO","period":"201703","sourceUrl":"https://open.canada.ca/data/en/dataset/490db619-ab58-4a2a-a245-2376ce1840de","sourceTitle":"Renewable Energy Power Plants, 1 MW or more","licence":"Open Government Licence - Canada","vintage":"201703"}},{"type":"Feature","geometry":{"type":"Point","coordinates":[-81.15816,43.07113]},"properties":{"id":"nacei-6183","kind":"plant","cat":"solar","name":"Sunningdale 1","province":"Ontario","place":"Thorndale","mw":7,"renewMw":7,"totalMw":7,"hydroMw":0,"pumpedMw":0,"solarMw":7,"windMw":0,"geoMw":0,"bioMw":0,"tidalMw":0,"owner":"Re Sunningdale LP","operator":"Re Sunningdale LP","agency":"IESO","period":"201703","sourceUrl":"https://open.canada.ca/data/en/dataset/490db619-ab58-4a2a-a245-2376ce1840de","sourceTitle":"Renewable Energy Power Plants, 1 MW or more","licence":"Open Government Licence - Canada","vintage":"201703"}},{"type":"Feature","geometry":{"type":"Point","coordinates":[-77.15187,44.05615]},"properties":{"id":"nacei-6184","kind":"plant","cat":"solar","name":"Sunny Shores","province":"Ontario","place":"Wellington","mw":10,"renewMw":10,"totalMw":10,"hydroMw":0,"pumpedMw":0,"solarMw":10,"windMw":0,"geoMw":0,"bioMw":0,"tidalMw":0,"owner":"Sunny Shores LP","operator":"Sunny Shores LP","agency":"IESO","period":"201703","sourceUrl":"https://open.canada.ca/data/en/dataset/490db619-ab58-4a2a-a245-2376ce1840de","sourceTitle":"Renewable Energy Power Plants, 1 MW or more","licence":"Open Government Licence - Canada","vintage":"201703"}},{"type":"Feature","geometry":{"type":"Point","coordinates":[-82.2682,42.26379]},"properties":{"id":"nacei-6185","kind":"plant","cat":"wind","name":"Swanton Line","province":"Ontario","place":"Merlin","mw":10,"renewMw":10,"totalMw":10,"hydroMw":0,"pumpedMw":0,"solarMw":0,"windMw":10,"geoMw":0,"bioMw":0,"tidalMw":0,"owner":"","operator":"","agency":"","period":"201601","sourceUrl":"https://open.canada.ca/data/en/dataset/490db619-ab58-4a2a-a245-2376ce1840de","sourceTitle":"Renewable Energy Power Plants, 1 MW or more","licence":"Open Government Licence - Canada","vintage":"201601"}},{"type":"Feature","geometry":{"type":"Point","coordinates":[-79.53955,44.85688]},"properties":{"id":"nacei-6186","kind":"plant","cat":"hydro","name":"Swift Rapids","province":"Ontario","place":"Coldwater","mw":7.9,"renewMw":7.9,"totalMw":7.9,"hydroMw":7.9,"pumpedMw":0,"solarMw":0,"windMw":0,"geoMw":0,"bioMw":0,"tidalMw":0,"owner":"Orillia Power Generation Corp","operator":"Orillia Power Generation Corp","agency":"IESO","period":"201703","sourceUrl":"https://open.canada.ca/data/en/dataset/490db619-ab58-4a2a-a245-2376ce1840de","sourceTitle":"Renewable Energy Power Plants, 1 MW or more","licence":"Open Government Licence - Canada","vintage":"201703"}},{"type":"Feature","geometry":{"type":"Point","coordinates":[-72.94981,45.62192]},"properties":{"id":"nacei-6187","kind":"plant","cat":"hydro","name":"T.-D.-Bouchard","province":"Québec","place":"St Hyacinthe","mw":2.3,"renewMw":2.3,"totalMw":2.3,"hydroMw":2.3,"pumpedMw":0,"solarMw":0,"windMw":0,"geoMw":0,"bioMw":0,"tidalMw":0,"owner":"Algonquin Power","operator":"Algonquin Power","agency":"Algonquin Power","period":"201708","sourceUrl":"https://open.canada.ca/data/en/dataset/490db619-ab58-4a2a-a245-2376ce1840de","sourceTitle":"Renewable Energy Power Plants, 1 MW or more","licence":"Open Government Licence - Canada","vintage":"201708"}},{"type":"Feature","geometry":{"type":"Point","coordinates":[-111.92657,49.71836]},"properties":{"id":"nacei-6188","kind":"plant","cat":"wind","name":"Taber","province":"Alberta","place":"Taber","mw":85.1,"renewMw":85.1,"totalMw":85.1,"hydroMw":0,"pumpedMw":0,"solarMw":0,"windMw":85.1,"geoMw":0,"bioMw":0,"tidalMw":0,"owner":"Enmax Green Power Inc","operator":"Enmax Green Power Inc","agency":"CanWEA","period":"201612","sourceUrl":"https://open.canada.ca/data/en/dataset/490db619-ab58-4a2a-a245-2376ce1840de","sourceTitle":"Renewable Energy Power Plants, 1 MW or more","licence":"Open Government Licence - Canada","vintage":"201612"}},{"type":"Feature","geometry":{"type":"Point","coordinates":[-81.7961,42.43752]},"properties":{"id":"nacei-6189","kind":"plant","cat":"wind","name":"Talbot","province":"Ontario","place":"Ridgetown","mw":98.9,"renewMw":98.9,"totalMw":98.9,"hydroMw":0,"pumpedMw":0,"solarMw":0,"windMw":98.9,"geoMw":0,"bioMw":0,"tidalMw":0,"owner":"Talbot Windfarm, LP","operator":"Renewable Energy Systems Canada Inc","agency":"CanWEA","period":"201612","sourceUrl":"https://open.canada.ca/data/en/dataset/490db619-ab58-4a2a-a245-2376ce1840de","sourceTitle":"Renewable Energy Power Plants, 1 MW or more","licence":"Open Government Licence - Canada","vintage":"201612"}},{"type":"Feature","geometry":{"type":"Point","coordinates":[-111.39491,60.41858]},"properties":{"id":"nacei-6190","kind":"plant","cat":"hydro","name":"Taltson","province":"Northwest Territories","place":"Fort Smith","mw":18.3,"renewMw":18.3,"totalMw":18.3,"hydroMw":18.3,"pumpedMw":0,"solarMw":0,"windMw":0,"geoMw":0,"bioMw":0,"tidalMw":0,"owner":"","operator":"Northwest Territories Power Corp","agency":"NTPC","period":"2016","sourceUrl":"https://open.canada.ca/data/en/dataset/490db619-ab58-4a2a-a245-2376ce1840de","sourceTitle":"Renewable Energy Power Plants, 1 MW or more","licence":"Open Government Licence - Canada","vintage":"2016"}},{"type":"Feature","geometry":{"type":"Point","coordinates":[-112.88715,49.33365]},"properties":{"id":"nacei-6191","kind":"plant","cat":"hydro","name":"Taylor Coulee","province":"Alberta","place":"Magrath","mw":12.7,"renewMw":12.7,"totalMw":12.7,"hydroMw":12.7,"pumpedMw":0,"solarMw":0,"windMw":0,"geoMw":0,"bioMw":0,"tidalMw":0,"owner":"Canadian Hydro Developers","operator":"Canadian Hydro Developers","agency":"Alberta Energy","period":"201708","sourceUrl":"https://open.canada.ca/data/en/dataset/490db619-ab58-4a2a-a245-2376ce1840de","sourceTitle":"Renewable Energy Power Plants, 1 MW or more","licence":"Open Government Licence - Canada","vintage":"201708"}},{"type":"Feature","geometry":{"type":"Point","coordinates":[-63.13894,45.04475]},"properties":{"id":"nacei-6192","kind":"plant","cat":"biomass","name":"Taylor Lumber","province":"Nova Scotia","place":"","mw":1.2,"renewMw":1.2,"totalMw":1.2,"hydroMw":0,"pumpedMw":0,"solarMw":0,"windMw":0,"geoMw":0,"bioMw":1.2,"tidalMw":0,"owner":"","operator":"F W Taylor Ltd","agency":"Statistics Canada","period":"2000","sourceUrl":"https://open.canada.ca/data/en/dataset/490db619-ab58-4a2a-a245-2376ce1840de","sourceTitle":"Renewable Energy Power Plants, 1 MW or more","licence":"Open Government Licence - Canada","vintage":"2000"}},{"type":"Feature","geometry":{"type":"Point","coordinates":[-82.4248,49.40887]},"properties":{"id":"nacei-6193","kind":"plant","cat":"biomass","name":"Tembec Kapuskasing","province":"Ontario","place":"Kapuskasing","mw":15,"renewMw":15,"totalMw":15,"hydroMw":0,"pumpedMw":0,"solarMw":0,"windMw":0,"geoMw":0,"bioMw":15,"tidalMw":0,"owner":"","operator":"Tembec Inc","agency":"Tembec","period":"201512","sourceUrl":"https://open.canada.ca/data/en/dataset/490db619-ab58-4a2a-a245-2376ce1840de","sourceTitle":"Renewable Energy Power Plants, 1 MW or more","licence":"Open Government Licence - Canada","vintage":"201512"}},{"type":"Feature","geometry":{"type":"Point","coordinates":[-79.09542,46.70937]},"properties":{"id":"nacei-6194","kind":"plant","cat":"biomass","name":"Tembec Témiscaming 1-2","province":"Québec","place":"Témiscaming","mw":58.1,"renewMw":58.1,"totalMw":58.1,"hydroMw":0,"pumpedMw":0,"solarMw":0,"windMw":0,"geoMw":0,"bioMw":58.1,"tidalMw":0,"owner":"Tembec Inc","operator":"Tembec Inc","agency":"Hydro-Québec","period":"201708","sourceUrl":"https://open.canada.ca/data/en/dataset/490db619-ab58-4a2a-a245-2376ce1840de","sourceTitle":"Renewable Energy Power Plants, 1 MW or more","licence":"Open Government Licence - Canada","vintage":"201708"}},{"type":"Feature","geometry":{"type":"Point","coordinates":[-125.62146,49.56743]},"properties":{"id":"nacei-6195","kind":"plant","cat":"hydro","name":"Tennant Lake","province":"British Columbia","place":"Tennant Lake","mw":3.1,"renewMw":3.1,"totalMw":3.1,"hydroMw":3.1,"pumpedMw":0,"solarMw":0,"windMw":0,"geoMw":0,"bioMw":0,"tidalMw":0,"owner":"","operator":"Boliden Westmin Ltd","agency":"Statistics Canada","period":"2000","sourceUrl":"https://open.canada.ca/data/en/dataset/490db619-ab58-4a2a-a245-2376ce1840de","sourceTitle":"Renewable Energy Power Plants, 1 MW or more","licence":"Open Government Licence - Canada","vintage":"2000"}},{"type":"Feature","geometry":{"type":"Point","coordinates":[-87.10663,48.79746]},"properties":{"id":"nacei-6196","kind":"plant","cat":"biomass","name":"Terrace Bay","province":"Ontario","place":"Terrace Bay","mw":20,"renewMw":20,"totalMw":20,"hydroMw":0,"pumpedMw":0,"solarMw":0,"windMw":0,"geoMw":0,"bioMw":20,"tidalMw":0,"owner":"","operator":"Kimberley-Clark Inc (At Terrace Bay)","agency":"Statistics Canada","period":"2000","sourceUrl":"https://open.canada.ca/data/en/dataset/490db619-ab58-4a2a-a245-2376ce1840de","sourceTitle":"Renewable Energy Power Plants, 1 MW or more","licence":"Open Government Licence - Canada","vintage":"2000"}},{"type":"Feature","geometry":{"type":"Point","coordinates":[-82.25392,42.27015]},"properties":{"id":"nacei-6197","kind":"plant","cat":"wind","name":"Thames River I","province":"Ontario","place":"Merlin","mw":40,"renewMw":40,"totalMw":40,"hydroMw":0,"pumpedMw":0,"solarMw":0,"windMw":40,"geoMw":0,"bioMw":0,"tidalMw":0,"owner":"","operator":"","agency":"CanWEA","period":"201612","sourceUrl":"https://open.canada.ca/data/en/dataset/490db619-ab58-4a2a-a245-2376ce1840de","sourceTitle":"Renewable Energy Power Plants, 1 MW or more","licence":"Open Government Licence - Canada","vintage":"201612"}},{"type":"Feature","geometry":{"type":"Point","coordinates":[-123.07401,49.3875]},"properties":{"id":"nacei-6198","kind":"plant","cat":"wind","name":"The Eye of the Wind","province":"British Columbia","place":"North Vancouver","mw":1.5,"renewMw":1.5,"totalMw":1.5,"hydroMw":0,"pumpedMw":0,"solarMw":0,"windMw":1.5,"geoMw":0,"bioMw":0,"tidalMw":0,"owner":"","operator":"","agency":"CanWEA","period":"201612","sourceUrl":"https://open.canada.ca/data/en/dataset/490db619-ab58-4a2a-a245-2376ce1840de","sourceTitle":"Renewable Energy Power Plants, 1 MW or more","licence":"Open Government Licence - Canada","vintage":"201612"}},{"type":"Feature","geometry":{"type":"Point","coordinates":[-101.21752,53.86146]},"properties":{"id":"nacei-6199","kind":"plant","cat":"biomass","name":"The Pas Mill","province":"Manitoba","place":"The Pas","mw":22.8,"renewMw":22.8,"totalMw":22.8,"hydroMw":0,"pumpedMw":0,"solarMw":0,"windMw":0,"geoMw":0,"bioMw":22.8,"tidalMw":0,"owner":"","operator":"Tolko Manitoba Inc","agency":"Statistics Canada","period":"2000","sourceUrl":"https://open.canada.ca/data/en/dataset/490db619-ab58-4a2a-a245-2376ce1840de","sourceTitle":"Renewable Energy Power Plants, 1 MW or more","licence":"Open Government Licence - Canada","vintage":"2000"}},{"type":"Feature","geometry":{"type":"Point","coordinates":[-125.56425,49.54244]},"properties":{"id":"nacei-6200","kind":"plant","cat":"hydro","name":"Thelwood","province":"British Columbia","place":"Thelwood Lake","mw":8.2,"renewMw":8.2,"totalMw":8.2,"hydroMw":8.2,"pumpedMw":0,"solarMw":0,"windMw":0,"geoMw":0,"bioMw":0,"tidalMw":0,"owner":"Boliden Westmin Ltd","operator":"Boliden Westmin Ltd","agency":"Statistics Canada","period":"2000","sourceUrl":"https://open.canada.ca/data/en/dataset/490db619-ab58-4a2a-a245-2376ce1840de","sourceTitle":"Renewable Energy Power Plants, 1 MW or more","licence":"Open Government Licence - Canada","vintage":"2000"}},{"type":"Feature","geometry":{"type":"Point","coordinates":[-72.75867,46.55285]},"properties":{"id":"nacei-6201","kind":"plant","cat":"hydro","name":"Thibaudeau-Ricard","province":"Québec","place":"Shawinigan","mw":5.3,"renewMw":5.3,"totalMw":5.3,"hydroMw":5.3,"pumpedMw":0,"solarMw":0,"windMw":0,"geoMw":0,"bioMw":0,"tidalMw":0,"owner":"Thibaudeau-Ricard Inc","operator":"Thibaudeau-Ricard Inc","agency":"MERN","period":"201708","sourceUrl":"https://open.canada.ca/data/en/dataset/490db619-ab58-4a2a-a245-2376ce1840de","sourceTitle":"Renewable Energy Power Plants, 1 MW or more","licence":"Open Government Licence - Canada","vintage":"201708"}},{"type":"Feature","geometry":{"type":"Point","coordinates":[-76.68944,45.47955]},"properties":{"id":"nacei-6202","kind":"plant","cat":"hydro","name":"Thomas Low","province":"Ontario","place":"Renfrew","mw":4,"renewMw":4,"totalMw":4,"hydroMw":4,"pumpedMw":0,"solarMw":0,"windMw":0,"geoMw":0,"bioMw":0,"tidalMw":0,"owner":"Renfrew Power Generation Inc","operator":"","agency":"IESO","period":"201703","sourceUrl":"https://open.canada.ca/data/en/dataset/490db619-ab58-4a2a-a245-2376ce1840de","sourceTitle":"Renewable Energy Power Plants, 1 MW or more","licence":"Open Government Licence - Canada","vintage":"201703"}},{"type":"Feature","geometry":{"type":"Point","coordinates":[-115.37464,50.9985]},"properties":{"id":"nacei-6203","kind":"plant","cat":"hydro","name":"Three Sisters","province":"Alberta","place":"Canmore","mw":3,"renewMw":3,"totalMw":3,"hydroMw":3,"pumpedMw":0,"solarMw":0,"windMw":0,"geoMw":0,"bioMw":0,"tidalMw":0,"owner":"TransAlta (100%)","operator":"TransAlta (100%)","agency":"TransAlta","period":"201708","sourceUrl":"https://open.canada.ca/data/en/dataset/490db619-ab58-4a2a-a245-2376ce1840de","sourceTitle":"Renewable Energy Power Plants, 1 MW or more","licence":"Open Government Licence - Canada","vintage":"201708"}},{"type":"Feature","geometry":{"type":"Point","coordinates":[-89.32081,48.36532]},"properties":{"id":"nacei-6204","kind":"plant","cat":"solar","name":"Thunder Bay Airport","province":"Ontario","place":"Thunder Bay","mw":8.5,"renewMw":8.5,"totalMw":8.5,"hydroMw":0,"pumpedMw":0,"solarMw":8.5,"windMw":0,"geoMw":0,"bioMw":0,"tidalMw":0,"owner":"Skypower / Canadian Solar","operator":"Canadian Solar","agency":"CSSKY","period":"201302","sourceUrl":"https://open.canada.ca/data/en/dataset/490db619-ab58-4a2a-a245-2376ce1840de","sourceTitle":"Renewable Energy Power Plants, 1 MW or more","licence":"Open Government Licence - Canada","vintage":"201302"}},{"type":"Feature","geometry":{"type":"Point","coordinates":[-89.23172,48.35789]},"properties":{"id":"nacei-6205","kind":"plant","cat":"biomass","name":"Thunder Bay Condensing Turbine","province":"Ontario","place":"Thunder Bay","mw":62.4,"renewMw":62.4,"totalMw":62.4,"hydroMw":0,"pumpedMw":0,"solarMw":0,"windMw":0,"geoMw":0,"bioMw":62.4,"tidalMw":0,"owner":"Resolute FP Canada Inc","operator":"Resolute FP Canada Inc","agency":"IESO Capability Report","period":"201708","sourceUrl":"https://open.canada.ca/data/en/dataset/490db619-ab58-4a2a-a245-2376ce1840de","sourceTitle":"Renewable Energy Power Plants, 1 MW or more","licence":"Open Government Licence - Canada","vintage":"201708"}},{"type":"Feature","geometry":{"type":"Point","coordinates":[-89.22174,48.35957]},"properties":{"id":"nacei-6206","kind":"plant","cat":"biomass","name":"Thunderbay G3","province":"Ontario","place":"Thunder Bay","mw":135,"renewMw":135,"totalMw":135,"hydroMw":0,"pumpedMw":0,"solarMw":0,"windMw":0,"geoMw":0,"bioMw":135,"tidalMw":0,"owner":"Ontario Power Generation Inc","operator":"Ontario Power Generation Inc","agency":"IESO","period":"201703","sourceUrl":"https://open.canada.ca/data/en/dataset/490db619-ab58-4a2a-a245-2376ce1840de","sourceTitle":"Renewable Energy Power Plants, 1 MW or more","licence":"Open Government Licence - Canada","vintage":"201703"}},{"type":"Feature","geometry":{"type":"Point","coordinates":[-75.2557,45.59823]},"properties":{"id":"nacei-6207","kind":"plant","cat":"biomass","name":"Thurso 1-2","province":"Québec","place":"Thurso","mw":24,"renewMw":24,"totalMw":24,"hydroMw":0,"pumpedMw":0,"solarMw":0,"windMw":0,"geoMw":0,"bioMw":24,"tidalMw":0,"owner":"","operator":"Fortress Specialty Cellulose","agency":"Hydro-Québec","period":"201708","sourceUrl":"https://open.canada.ca/data/en/dataset/490db619-ab58-4a2a-a245-2376ce1840de","sourceTitle":"Renewable Energy Power Plants, 1 MW or more","licence":"Open Government Licence - Canada","vintage":"201708"}},{"type":"Feature","geometry":{"type":"Point","coordinates":[-63.89129,44.69144]},"properties":{"id":"nacei-6208","kind":"plant","cat":"hydro","name":"Tide Water","province":"Nova Scotia","place":"St Margaret's Bay","mw":4.2,"renewMw":4.2,"totalMw":4.2,"hydroMw":4.2,"pumpedMw":0,"solarMw":0,"windMw":0,"geoMw":0,"bioMw":0,"tidalMw":0,"owner":"Nova Scotia Power Inc","operator":"Nova Scotia Power Inc","agency":"NS Power","period":"201512","sourceUrl":"https://open.canada.ca/data/en/dataset/490db619-ab58-4a2a-a245-2376ce1840de","sourceTitle":"Renewable Energy Power Plants, 1 MW or more","licence":"Open Government Licence - Canada","vintage":"201512"}},{"type":"Feature","geometry":{"type":"Point","coordinates":[-67.76649,46.80975]},"properties":{"id":"nacei-6209","kind":"plant","cat":"hydro","name":"Tinker","province":"New Brunswick","place":"Aroostook River","mw":36.8,"renewMw":36.8,"totalMw":36.8,"hydroMw":36.8,"pumpedMw":0,"solarMw":0,"windMw":0,"geoMw":0,"bioMw":0,"tidalMw":0,"owner":"Algonquin Power","operator":"Algonquin Power","agency":"Algonquin Power","period":"201708","sourceUrl":"https://open.canada.ca/data/en/dataset/490db619-ab58-4a2a-a245-2376ce1840de","sourceTitle":"Renewable Energy Power Plants, 1 MW or more","licence":"Open Government Licence - Canada","vintage":"201708"}},{"type":"Feature","geometry":{"type":"Point","coordinates":[-122.16222,49.74092]},"properties":{"id":"nacei-6210","kind":"plant","cat":"hydro","name":"Tipella Creek","province":"British Columbia","place":"Mission","mw":18,"renewMw":18,"totalMw":18,"hydroMw":18,"pumpedMw":0,"solarMw":0,"windMw":0,"geoMw":0,"bioMw":0,"tidalMw":0,"owner":"Innergex Inc (50%) / Harrison Hydro Project (50%)","operator":"Innergex Inc","agency":"Innergex","period":"201708","sourceUrl":"https://open.canada.ca/data/en/dataset/490db619-ab58-4a2a-a245-2376ce1840de","sourceTitle":"Renewable Energy Power Plants, 1 MW or more","licence":"Open Government Licence - Canada","vintage":"201708"}},{"type":"Feature","geometry":{"type":"Point","coordinates":[-67.69526,46.78014]},"properties":{"id":"nacei-6211","kind":"plant","cat":"hydro","name":"Tobique","province":"New Brunswick","place":"Tobique","mw":20,"renewMw":20,"totalMw":20,"hydroMw":20,"pumpedMw":0,"solarMw":0,"windMw":0,"geoMw":0,"bioMw":0,"tidalMw":0,"owner":"","operator":"NB Power Corp","agency":"NB Power","period":"201707","sourceUrl":"https://open.canada.ca/data/en/dataset/490db619-ab58-4a2a-a245-2376ce1840de","sourceTitle":"Renewable Energy Power Plants, 1 MW or more","licence":"Open Government Licence - Canada","vintage":"201707"}},{"type":"Feature","geometry":{"type":"Point","coordinates":[-119.49938,49.90138]},"properties":{"id":"nacei-6212","kind":"plant","cat":"biomass","name":"Tolko Kelowna Cogeneration","province":"British Columbia","place":"Kelowna","mw":15,"renewMw":15,"totalMw":15,"hydroMw":0,"pumpedMw":0,"solarMw":0,"windMw":0,"geoMw":0,"bioMw":15,"tidalMw":0,"owner":"Tolko Industries Ltd","operator":"Tolko Industries Ltd","agency":"BC Hydro IPP supply","period":"201704","sourceUrl":"https://open.canada.ca/data/en/dataset/490db619-ab58-4a2a-a245-2376ce1840de","sourceTitle":"Renewable Energy Power Plants, 1 MW or more","licence":"Open Government Licence - Canada","vintage":"201704"}},{"type":"Feature","geometry":{"type":"Point","coordinates":[-52.91906,47.5395]},"properties":{"id":"nacei-6213","kind":"plant","cat":"hydro","name":"Topsail","province":"Newfoundland and Labrador","place":"Topsail Brook","mw":2.6,"renewMw":2.6,"totalMw":2.6,"hydroMw":2.6,"pumpedMw":0,"solarMw":0,"windMw":0,"geoMw":0,"bioMw":0,"tidalMw":0,"owner":"","operator":"Newfoundland Light & Power Co Ltd","agency":"Government of Newfoundland and Labrador","period":"201409","sourceUrl":"https://open.canada.ca/data/en/dataset/490db619-ab58-4a2a-a245-2376ce1840de","sourceTitle":"Renewable Energy Power Plants, 1 MW or more","licence":"Open Government Licence - Canada","vintage":"201409"}},{"type":"Feature","geometry":{"type":"Point","coordinates":[-52.84829,47.21065]},"properties":{"id":"nacei-6214","kind":"plant","cat":"hydro","name":"Tors Cove","province":"Newfoundland and Labrador","place":"Tors Cove Pond","mw":6.9,"renewMw":6.9,"totalMw":6.9,"hydroMw":6.9,"pumpedMw":0,"solarMw":0,"windMw":0,"geoMw":0,"bioMw":0,"tidalMw":0,"owner":"","operator":"Newfoundland Light & Power Co Ltd","agency":"Government of Newfoundland and Labrador","period":"201409","sourceUrl":"https://open.canada.ca/data/en/dataset/490db619-ab58-4a2a-a245-2376ce1840de","sourceTitle":"Renewable Energy Power Plants, 1 MW or more","licence":"Open Government Licence - Canada","vintage":"201409"}},{"type":"Feature","geometry":{"type":"Point","coordinates":[-68.15911,49.97051]},"properties":{"id":"nacei-6215","kind":"plant","cat":"hydro","name":"Toulnustouc","province":"Québec","place":"Manicouagan","mw":526,"renewMw":526,"totalMw":526,"hydroMw":526,"pumpedMw":0,"solarMw":0,"windMw":0,"geoMw":0,"bioMw":0,"tidalMw":0,"owner":"Hydro-Québec","operator":"Hydro-Québec","agency":"Hydro-Québec","period":"201708","sourceUrl":"https://open.canada.ca/data/en/dataset/490db619-ab58-4a2a-a245-2376ce1840de","sourceTitle":"Renewable Energy Power Plants, 1 MW or more","licence":"Open Government Licence - Canada","vintage":"201708"}},{"type":"Feature","geometry":{"type":"Point","coordinates":[-75.76371,45.23716]},"properties":{"id":"nacei-6216","kind":"plant","cat":"biomass","name":"Trail Road LFG","province":"Ontario","place":"Richmond","mw":6,"renewMw":6,"totalMw":6,"hydroMw":0,"pumpedMw":0,"solarMw":0,"windMw":0,"geoMw":0,"bioMw":6,"tidalMw":0,"owner":"Powertrail Inc","operator":"Powertrail Inc","agency":"IESO","period":"201703","sourceUrl":"https://open.canada.ca/data/en/dataset/490db619-ab58-4a2a-a245-2376ce1840de","sourceTitle":"Renewable Energy Power Plants, 1 MW or more","licence":"Open Government Licence - Canada","vintage":"201703"}},{"type":"Feature","geometry":{"type":"Point","coordinates":[-72.87829,47.75214]},"properties":{"id":"nacei-6217","kind":"plant","cat":"hydro","name":"Trenche","province":"Québec","place":"Saint-Maurice","mw":302,"renewMw":302,"totalMw":302,"hydroMw":302,"pumpedMw":0,"solarMw":0,"windMw":0,"geoMw":0,"bioMw":0,"tidalMw":0,"owner":"Hydro-Québec","operator":"Hydro-Québec","agency":"Hydro-Québec","period":"201708","sourceUrl":"https://open.canada.ca/data/en/dataset/490db619-ab58-4a2a-a245-2376ce1840de","sourceTitle":"Renewable Energy Power Plants, 1 MW or more","licence":"Open Government Licence - Canada","vintage":"201708"}},{"type":"Feature","geometry":{"type":"Point","coordinates":[-122.07958,49.70379]},"properties":{"id":"nacei-6218","kind":"plant","cat":"hydro","name":"Tretheway Creek","province":"British Columbia","place":"Hot Springs","mw":21.2,"renewMw":21.2,"totalMw":21.2,"hydroMw":21.2,"pumpedMw":0,"solarMw":0,"windMw":0,"geoMw":0,"bioMw":0,"tidalMw":0,"owner":"Innergex Inc","operator":"Innergex Inc","agency":"Innergex","period":"201708","sourceUrl":"https://open.canada.ca/data/en/dataset/490db619-ab58-4a2a-a245-2376ce1840de","sourceTitle":"Renewable Energy Power Plants, 1 MW or more","licence":"Open Government Licence - Canada","vintage":"201708"}},{"type":"Feature","geometry":{"type":"Point","coordinates":[-79.27136,44.98837]},"properties":{"id":"nacei-6219","kind":"plant","cat":"hydro","name":"Trethewey Falls","province":"Ontario","place":"Bracebridge","mw":2,"renewMw":2,"totalMw":2,"hydroMw":2,"pumpedMw":0,"solarMw":0,"windMw":0,"geoMw":0,"bioMw":0,"tidalMw":0,"owner":"","operator":"Ontario Power Generation Inc","agency":"OPG","period":"201708","sourceUrl":"https://open.canada.ca/data/en/dataset/490db619-ab58-4a2a-a245-2376ce1840de","sourceTitle":"Renewable Energy Power Plants, 1 MW or more","licence":"Open Government Licence - Canada","vintage":"201708"}},{"type":"Feature","geometry":{"type":"Point","coordinates":[-63.34112,45.31812]},"properties":{"id":"nacei-6220","kind":"plant","cat":"wind","name":"Truro Heights","province":"Nova Scotia","place":"","mw":4,"renewMw":4,"totalMw":4,"hydroMw":0,"pumpedMw":0,"solarMw":0,"windMw":4,"geoMw":0,"bioMw":0,"tidalMw":0,"owner":"Truro Heights Community Wind Inc","operator":"Truro Heights Community Wind Inc","agency":"CanWEA","period":"201612","sourceUrl":"https://open.canada.ca/data/en/dataset/490db619-ab58-4a2a-a245-2376ce1840de","sourceTitle":"Renewable Energy Power Plants, 1 MW or more","licence":"Open Government Licence - Canada","vintage":"201612"}},{"type":"Feature","geometry":{"type":"Point","coordinates":[-65.97776,43.88212]},"properties":{"id":"nacei-6221","kind":"plant","cat":"hydro","name":"Tusket","province":"Nova Scotia","place":"Tusket River","mw":2.7,"renewMw":2.7,"totalMw":2.7,"hydroMw":2.7,"pumpedMw":0,"solarMw":0,"windMw":0,"geoMw":0,"bioMw":0,"tidalMw":0,"owner":"","operator":"Nova Scotia Power Inc","agency":"Statistics Canada","period":"2000","sourceUrl":"https://open.canada.ca/data/en/dataset/490db619-ab58-4a2a-a245-2376ce1840de","sourceTitle":"Renewable Energy Power Plants, 1 MW or more","licence":"Open Government Licence - Canada","vintage":"2000"}},{"type":"Feature","geometry":{"type":"Point","coordinates":[-80.58165,48.74676]},"properties":{"id":"nacei-6222","kind":"plant","cat":"hydro","name":"Twin Falls","province":"Ontario","place":"Iroquois Falls","mw":27.5,"renewMw":27.5,"totalMw":27.5,"hydroMw":27.5,"pumpedMw":0,"solarMw":0,"windMw":0,"geoMw":0,"bioMw":0,"tidalMw":0,"owner":"H2O Power LP","operator":"H2O Power LP","agency":"IESO","period":"201703","sourceUrl":"https://open.canada.ca/data/en/dataset/490db619-ab58-4a2a-a245-2376ce1840de","sourceTitle":"Renewable Energy Power Plants, 1 MW or more","licence":"Open Government Licence - Canada","vintage":"201703"}},{"type":"Feature","geometry":{"type":"Point","coordinates":[-64.51577,53.49631]},"properties":{"id":"nacei-6223","kind":"plant","cat":"hydro","name":"Twin Falls (Iron Ore)","province":"Newfoundland and Labrador","place":"","mw":225,"renewMw":225,"totalMw":225,"hydroMw":225,"pumpedMw":0,"solarMw":0,"windMw":0,"geoMw":0,"bioMw":0,"tidalMw":0,"owner":"","operator":"Iron Ore Co. of Canada","agency":"CIEEDAC","period":"201512","sourceUrl":"https://open.canada.ca/data/en/dataset/490db619-ab58-4a2a-a245-2376ce1840de","sourceTitle":"Renewable Energy Power Plants, 1 MW or more","licence":"Open Government Licence - Canada","vintage":"201512"}},{"type":"Feature","geometry":{"type":"Point","coordinates":[-86.11722,49.18987]},"properties":{"id":"nacei-6224","kind":"plant","cat":"hydro","name":"Twin Falls (Kagiano)","province":"Ontario","place":"Thunder Bay","mw":5,"renewMw":5,"totalMw":5,"hydroMw":5,"pumpedMw":0,"solarMw":0,"windMw":0,"geoMw":0,"bioMw":0,"tidalMw":0,"owner":"Kagiano Power Corp","operator":"","agency":"Kagiano Power","period":"201512","sourceUrl":"https://open.canada.ca/data/en/dataset/490db619-ab58-4a2a-a245-2376ce1840de","sourceTitle":"Renewable Energy Power Plants, 1 MW or more","licence":"Open Government Licence - Canada","vintage":"201512"}},{"type":"Feature","geometry":{"type":"Point","coordinates":[-68.33179,47.37017]},"properties":{"id":"nacei-6225","kind":"plant","cat":"biomass","name":"Twin Rivers","province":"New Brunswick","place":"","mw":39,"renewMw":39,"totalMw":39,"hydroMw":0,"pumpedMw":0,"solarMw":0,"windMw":0,"geoMw":0,"bioMw":39,"tidalMw":0,"owner":"","operator":"Fraser Papers Inc (Canada) / Papiers Fraser Inc (Canada)","agency":"NB Power","period":"201707","sourceUrl":"https://open.canada.ca/data/en/dataset/490db619-ab58-4a2a-a245-2376ce1840de","sourceTitle":"Renewable Energy Power Plants, 1 MW or more","licence":"Open Government Licence - Canada","vintage":"201707"}},{"type":"Feature","geometry":{"type":"Point","coordinates":[-123.25453,49.26024]},"properties":{"id":"nacei-6226","kind":"plant","cat":"biomass","name":"UBC Nexterra Bioenergy Research and Demonstration Facility","province":"British Columbia","place":"Vancouver","mw":2,"renewMw":2,"totalMw":2,"hydroMw":0,"pumpedMw":0,"solarMw":0,"windMw":0,"geoMw":0,"bioMw":2,"tidalMw":0,"owner":"","operator":"Ubc- Nexterra","agency":"Canadian Bioenergy Association","period":"201512","sourceUrl":"https://open.canada.ca/data/en/dataset/490db619-ab58-4a2a-a245-2376ce1840de","sourceTitle":"Renewable Energy Power Plants, 1 MW or more","licence":"Open Government Licence - Canada","vintage":"201512"}},{"type":"Feature","geometry":{"type":"Point","coordinates":[-86.1442,48.53582]},"properties":{"id":"nacei-6227","kind":"plant","cat":"hydro","name":"Umbata Falls","province":"Ontario","place":"Marathon","mw":23,"renewMw":23,"totalMw":23,"hydroMw":23,"pumpedMw":0,"solarMw":0,"windMw":0,"geoMw":0,"bioMw":0,"tidalMw":0,"owner":"Umbata Falls LP","operator":"Umbata Falls LP","agency":"IESO","period":"201703","sourceUrl":"https://open.canada.ca/data/en/dataset/490db619-ab58-4a2a-a245-2376ce1840de","sourceTitle":"Renewable Energy Power Plants, 1 MW or more","licence":"Open Government Licence - Canada","vintage":"201703"}},{"type":"Feature","geometry":{"type":"Point","coordinates":[-122.81493,53.89263]},"properties":{"id":"nacei-6228","kind":"plant","cat":"biomass","name":"UNBC Bioenergy Plant","province":"British Columbia","place":"Prince George","mw":4.4,"renewMw":4.4,"totalMw":4.4,"hydroMw":0,"pumpedMw":0,"solarMw":0,"windMw":0,"geoMw":0,"bioMw":4.4,"tidalMw":0,"owner":"University of Northern British Columbia","operator":"","agency":"University of Northern British","period":"201512","sourceUrl":"https://open.canada.ca/data/en/dataset/490db619-ab58-4a2a-a245-2376ce1840de","sourceTitle":"Renewable Energy Power Plants, 1 MW or more","licence":"Open Government Licence - Canada","vintage":"201512"}},{"type":"Feature","geometry":{"type":"Point","coordinates":[-81.45334,44.34162]},"properties":{"id":"nacei-6229","kind":"plant","cat":"wind","name":"Underwood","province":"Ontario","place":"Kincardine","mw":181.5,"renewMw":181.5,"totalMw":181.5,"hydroMw":0,"pumpedMw":0,"solarMw":0,"windMw":181.5,"geoMw":0,"bioMw":0,"tidalMw":0,"owner":"Enbridge Renewable Energy Infrastructure LP","operator":"Enbridge Ontario Wind Power LP","agency":"CanWEA","period":"201612","sourceUrl":"https://open.canada.ca/data/en/dataset/490db619-ab58-4a2a-a245-2376ce1840de","sourceTitle":"Renewable Energy Power Plants, 1 MW or more","licence":"Open Government Licence - Canada","vintage":"201612"}},{"type":"Feature","geometry":{"type":"Point","coordinates":[-123.57209,49.79539]},"properties":{"id":"nacei-6230","kind":"plant","cat":"hydro","name":"Upper Bear","province":"British Columbia","place":"Sechelt","mw":10,"renewMw":10,"totalMw":10,"hydroMw":10,"pumpedMw":0,"solarMw":0,"windMw":0,"geoMw":0,"bioMw":0,"tidalMw":0,"owner":"","operator":"Bear Hydro LP","agency":"BC Hydro IPP supply","period":"201704","sourceUrl":"https://open.canada.ca/data/en/dataset/490db619-ab58-4a2a-a245-2376ce1840de","sourceTitle":"Renewable Energy Power Plants, 1 MW or more","licence":"Open Government Licence - Canada","vintage":"201704"}},{"type":"Feature","geometry":{"type":"Point","coordinates":[-117.48418,49.46011]},"properties":{"id":"nacei-6231","kind":"plant","cat":"hydro","name":"Upper Bonnington","province":"British Columbia","place":"Kootenay River","mw":66,"renewMw":66,"totalMw":66,"hydroMw":66,"pumpedMw":0,"solarMw":0,"windMw":0,"geoMw":0,"bioMw":0,"tidalMw":0,"owner":"","operator":"FortisBC","agency":"FortisBC","period":"201512","sourceUrl":"https://open.canada.ca/data/en/dataset/490db619-ab58-4a2a-a245-2376ce1840de","sourceTitle":"Renewable Energy Power Plants, 1 MW or more","licence":"Open Government Licence - Canada","vintage":"201512"}},{"type":"Feature","geometry":{"type":"Point","coordinates":[-123.44612,49.85428]},"properties":{"id":"nacei-6232","kind":"plant","cat":"hydro","name":"Upper Clowhom","province":"British Columbia","place":"Sechelt","mw":11,"renewMw":11,"totalMw":11,"hydroMw":11,"pumpedMw":0,"solarMw":0,"windMw":0,"geoMw":0,"bioMw":0,"tidalMw":0,"owner":"Hydromax Energy Ltd","operator":"Clowhom Power 2 Partnership","agency":"BC Hydro IPP supply","period":"201704","sourceUrl":"https://open.canada.ca/data/en/dataset/490db619-ab58-4a2a-a245-2376ce1840de","sourceTitle":"Renewable Energy Power Plants, 1 MW or more","licence":"Open Government Licence - Canada","vintage":"201704"}},{"type":"Feature","geometry":{"type":"Point","coordinates":[-64.99836,44.15741]},"properties":{"id":"nacei-6233","kind":"plant","cat":"hydro","name":"Upper Lake Falls","province":"Nova Scotia","place":"Rossignol Lake","mw":5.4,"renewMw":5.4,"totalMw":5.4,"hydroMw":5.4,"pumpedMw":0,"solarMw":0,"windMw":0,"geoMw":0,"bioMw":0,"tidalMw":0,"owner":"","operator":"Nova Scotia Power Inc","agency":"Statistics Canada","period":"2000","sourceUrl":"https://open.canada.ca/data/en/dataset/490db619-ab58-4a2a-a245-2376ce1840de","sourceTitle":"Renewable Energy Power Plants, 1 MW or more","licence":"Open Government Licence - Canada","vintage":"2000"}},{"type":"Feature","geometry":{"type":"Point","coordinates":[-123.05463,49.71783]},"properties":{"id":"nacei-6234","kind":"plant","cat":"hydro","name":"Upper Mamquam","province":"British Columbia","place":"Squamish","mw":25,"renewMw":25,"totalMw":25,"hydroMw":25,"pumpedMw":0,"solarMw":0,"windMw":0,"geoMw":0,"bioMw":0,"tidalMw":0,"owner":"TransAlta (100%)","operator":"Canadian Hydro Developers Inc","agency":"TransAlta","period":"201708","sourceUrl":"https://open.canada.ca/data/en/dataset/490db619-ab58-4a2a-a245-2376ce1840de","sourceTitle":"Renewable Energy Power Plants, 1 MW or more","licence":"Open Government Licence - Canada","vintage":"201708"}},{"type":"Feature","geometry":{"type":"Point","coordinates":[-56.17249,48.18349]},"properties":{"id":"nacei-6235","kind":"plant","cat":"hydro","name":"Upper Salmon","province":"Newfoundland and Labrador","place":"Victoria and White Bear River","mw":84,"renewMw":84,"totalMw":84,"hydroMw":84,"pumpedMw":0,"solarMw":0,"windMw":0,"geoMw":0,"bioMw":0,"tidalMw":0,"owner":"","operator":"Newfoundland Labrador Hydroelectric Corp (Nalcor Energy)","agency":"NL Hydro","period":"201708","sourceUrl":"https://open.canada.ca/data/en/dataset/490db619-ab58-4a2a-a245-2376ce1840de","sourceTitle":"Renewable Energy Power Plants, 1 MW or more","licence":"Open Government Licence - Canada","vintage":"201708"}},{"type":"Feature","geometry":{"type":"Point","coordinates":[-64.03937,44.92673]},"properties":{"id":"nacei-6236","kind":"plant","cat":"hydro","name":"Upper St Croix","province":"Nova Scotia","place":"Panuke Lake","mw":2,"renewMw":2,"totalMw":2,"hydroMw":2,"pumpedMw":0,"solarMw":0,"windMw":0,"geoMw":0,"bioMw":0,"tidalMw":0,"owner":"","operator":"Minas Basin Pulp and Paper Co Ltd","agency":"Statistics Canada","period":"2000","sourceUrl":"https://open.canada.ca/data/en/dataset/490db619-ab58-4a2a-a245-2376ce1840de","sourceTitle":"Renewable Energy Power Plants, 1 MW or more","licence":"Open Government Licence - Canada","vintage":"2000"}},{"type":"Feature","geometry":{"type":"Point","coordinates":[-122.3503,49.56605]},"properties":{"id":"nacei-6237","kind":"plant","cat":"hydro","name":"Upper Stave River","province":"British Columbia","place":"Mission","mw":33,"renewMw":33,"totalMw":33,"hydroMw":33,"pumpedMw":0,"solarMw":0,"windMw":0,"geoMw":0,"bioMw":0,"tidalMw":0,"owner":"Innergex Inc (50%) / Harrison Hydro Project (50%)","operator":"Innergex Inc","agency":"Innergex","period":"201708","sourceUrl":"https://open.canada.ca/data/en/dataset/490db619-ab58-4a2a-a245-2376ce1840de","sourceTitle":"Renewable Energy Power Plants, 1 MW or more","licence":"Open Government Licence - Canada","vintage":"201708"}},{"type":"Feature","geometry":{"type":"Point","coordinates":[-80.92137,46.66919]},"properties":{"id":"nacei-6238","kind":"plant","cat":"solar","name":"Val Caron","province":"Ontario","place":"Hanmer","mw":10,"renewMw":10,"totalMw":10,"hydroMw":0,"pumpedMw":0,"solarMw":10,"windMw":0,"geoMw":0,"bioMw":0,"tidalMw":0,"owner":"Concord Val Caron Partnership","operator":"Csi Val Caron LP","agency":"IESO","period":"201703","sourceUrl":"https://open.canada.ca/data/en/dataset/490db619-ab58-4a2a-a245-2376ce1840de","sourceTitle":"Renewable Energy Power Plants, 1 MW or more","licence":"Open Government Licence - Canada","vintage":"201703"}},{"type":"Feature","geometry":{"type":"Point","coordinates":[-91.70502,48.79183]},"properties":{"id":"nacei-6239","kind":"plant","cat":"hydro","name":"Valerie Falls","province":"Ontario","place":"Atitokan","mw":10,"renewMw":10,"totalMw":10,"hydroMw":10,"pumpedMw":0,"solarMw":0,"windMw":0,"geoMw":0,"bioMw":0,"tidalMw":0,"owner":"Valerie Falls Ltd Partnership","operator":"Brookfield Renewable Energy Partners","agency":"Brookfield Renewable","period":"201708","sourceUrl":"https://open.canada.ca/data/en/dataset/490db619-ab58-4a2a-a245-2376ce1840de","sourceTitle":"Renewable Energy Power Plants, 1 MW or more","licence":"Open Government Licence - Canada","vintage":"201708"}},{"type":"Feature","geometry":{"type":"Point","coordinates":[-114.98255,53.20625]},"properties":{"id":"nacei-6240","kind":"plant","cat":"biomass","name":"Valley Power","province":"Alberta","place":"Rocky Rapids","mw":12,"renewMw":12,"totalMw":12,"hydroMw":0,"pumpedMw":0,"solarMw":0,"windMw":0,"geoMw":0,"bioMw":12,"tidalMw":0,"owner":"Algonquin Power","operator":"Algonquin Power","agency":"Algonquin Power","period":"201708","sourceUrl":"https://open.canada.ca/data/en/dataset/490db619-ab58-4a2a-a245-2376ce1840de","sourceTitle":"Renewable Energy Power Plants, 1 MW or more","licence":"Open Government Licence - Canada","vintage":"201708"}},{"type":"Feature","geometry":{"type":"Point","coordinates":[-114.58931,55.264]},"properties":{"id":"nacei-6241","kind":"plant","cat":"biomass","name":"Vanderwell Contractors (1971)","province":"Alberta","place":"","mw":4,"renewMw":4,"totalMw":4,"hydroMw":0,"pumpedMw":0,"solarMw":0,"windMw":0,"geoMw":0,"bioMw":4,"tidalMw":0,"owner":"Vanderwell Contractors (1971)","operator":"Vanderwell Contractors (1971)","agency":"Vanderwell Contractors (1971)","period":"201708","sourceUrl":"https://open.canada.ca/data/en/dataset/490db619-ab58-4a2a-a245-2376ce1840de","sourceTitle":"Renewable Energy Power Plants, 1 MW or more","licence":"Open Government Licence - Canada","vintage":"201708"}},{"type":"Feature","geometry":{"type":"Point","coordinates":[-94.2516,48.7078]},"properties":{"id":"nacei-6242","kind":"plant","cat":"solar","name":"Vanzwolf","province":"Ontario","place":"Rainy River","mw":5,"renewMw":5,"totalMw":5,"hydroMw":0,"pumpedMw":0,"solarMw":5,"windMw":0,"geoMw":0,"bioMw":0,"tidalMw":0,"owner":"Rainy River First Nations Solar 2 LP","operator":"Rainy River First Nations Solar 2 LP","agency":"IESO","period":"201703","sourceUrl":"https://open.canada.ca/data/en/dataset/490db619-ab58-4a2a-a245-2376ce1840de","sourceTitle":"Renewable Energy Power Plants, 1 MW or more","licence":"Open Government Licence - Canada","vintage":"201703"}},{"type":"Feature","geometry":{"type":"Point","coordinates":[-111.97859,53.69344]},"properties":{"id":"nacei-6243","kind":"plant","cat":"biomass","name":"Vegreville Biodigester","province":"Alberta","place":"Vegreville","mw":1,"renewMw":1,"totalMw":1,"hydroMw":0,"pumpedMw":0,"solarMw":0,"windMw":0,"geoMw":0,"bioMw":1,"tidalMw":0,"owner":"Highmark Renewables","operator":"Highmark Renewables","agency":"Alberta Energy","period":"201708","sourceUrl":"https://open.canada.ca/data/en/dataset/490db619-ab58-4a2a-a245-2376ce1840de","sourceTitle":"Renewable Energy Power Plants, 1 MW or more","licence":"Open Government Licence - Canada","vintage":"201708"}},{"type":"Feature","geometry":{"type":"Point","coordinates":[-69.21602,47.9173]},"properties":{"id":"nacei-6244","kind":"plant","cat":"wind","name":"Viger-Denonville","province":"Québec","place":"Saint-Paul-de-la Croix","mw":24.6,"renewMw":24.6,"totalMw":24.6,"hydroMw":0,"pumpedMw":0,"solarMw":0,"windMw":24.6,"geoMw":0,"bioMw":0,"tidalMw":0,"owner":"Innergex Inc (50%) / RCM of Rivière-du-Loup","operator":"","agency":"CanWEA","period":"201612","sourceUrl":"https://open.canada.ca/data/en/dataset/490db619-ab58-4a2a-a245-2376ce1840de","sourceTitle":"Renewable Energy Power Plants, 1 MW or more","licence":"Open Government Licence - Canada","vintage":"201612"}},{"type":"Feature","geometry":{"type":"Point","coordinates":[-76.92229,45.9167]},"properties":{"id":"nacei-6245","kind":"plant","cat":"hydro","name":"W.R. Beatty","province":"Québec","place":"Waltham","mw":11.7,"renewMw":11.7,"totalMw":11.7,"hydroMw":11.7,"pumpedMw":0,"solarMw":0,"windMw":0,"geoMw":0,"bioMw":0,"tidalMw":0,"owner":"Waltham Énergie, Sec/Hydro-Pontiac Inc","operator":"Waltham Énergie, Sec/Hydro-Pontiac Inc","agency":"MERN","period":"201708","sourceUrl":"https://open.canada.ca/data/en/dataset/490db619-ab58-4a2a-a245-2376ce1840de","sourceTitle":"Renewable Energy Power Plants, 1 MW or more","licence":"Open Government Licence - Canada","vintage":"201708"}},{"type":"Feature","geometry":{"type":"Point","coordinates":[-81.52068,46.31631]},"properties":{"id":"nacei-6246","kind":"plant","cat":"hydro","name":"Wabageshik","province":"Ontario","place":"Worthington","mw":3.4,"renewMw":3.4,"totalMw":3.4,"hydroMw":3.4,"pumpedMw":0,"solarMw":0,"windMw":0,"geoMw":0,"bioMw":0,"tidalMw":0,"owner":"","operator":"Inco Ltd","agency":"","period":"201512","sourceUrl":"https://open.canada.ca/data/en/dataset/490db619-ab58-4a2a-a245-2376ce1840de","sourceTitle":"Renewable Energy Power Plants, 1 MW or more","licence":"Open Government Licence - Canada","vintage":"201512"}},{"type":"Feature","geometry":{"type":"Point","coordinates":[-121.68066,49.23663]},"properties":{"id":"nacei-6247","kind":"plant","cat":"hydro","name":"Wahleach","province":"British Columbia","place":"Wahleach Lake","mw":65,"renewMw":65,"totalMw":65,"hydroMw":65,"pumpedMw":0,"solarMw":0,"windMw":0,"geoMw":0,"bioMw":0,"tidalMw":0,"owner":"BC Hydro","operator":"BC Hydro","agency":"BC Hydro","period":"201708","sourceUrl":"https://open.canada.ca/data/en/dataset/490db619-ab58-4a2a-a245-2376ce1840de","sourceTitle":"Renewable Energy Power Plants, 1 MW or more","licence":"Open Government Licence - Canada","vintage":"201708"}},{"type":"Feature","geometry":{"type":"Point","coordinates":[-79.38536,42.89785]},"properties":{"id":"nacei-6248","kind":"plant","cat":"wind","name":"Wainfleet","province":"Ontario","place":"Wainfleet","mw":9,"renewMw":9,"totalMw":9,"hydroMw":0,"pumpedMw":0,"solarMw":0,"windMw":9,"geoMw":0,"bioMw":0,"tidalMw":0,"owner":"Wainfleet Wind Energy Inc","operator":"Wainfleet Wind Energy Inc","agency":"CanWEA","period":"201612","sourceUrl":"https://open.canada.ca/data/en/dataset/490db619-ab58-4a2a-a245-2376ce1840de","sourceTitle":"Renewable Energy Power Plants, 1 MW or more","licence":"Open Government Licence - Canada","vintage":"201612"}},{"type":"Feature","geometry":{"type":"Point","coordinates":[-92.8467,49.83947]},"properties":{"id":"nacei-6249","kind":"plant","cat":"solar","name":"Wainwright","province":"Ontario","place":"Oxdrift","mw":10,"renewMw":10,"totalMw":10,"hydroMw":0,"pumpedMw":0,"solarMw":10,"windMw":0,"geoMw":0,"bioMw":0,"tidalMw":0,"owner":"New Ospvf 1 LP","operator":"New Ospvf 1 LP","agency":"IESO","period":"201703","sourceUrl":"https://open.canada.ca/data/en/dataset/490db619-ab58-4a2a-a245-2376ce1840de","sourceTitle":"Renewable Energy Power Plants, 1 MW or more","licence":"Open Government Licence - Canada","vintage":"201703"}},{"type":"Feature","geometry":{"type":"Point","coordinates":[-92.87634,49.82174]},"properties":{"id":"nacei-6250","kind":"plant","cat":"hydro","name":"Wainwright Falls","province":"Ontario","place":"Oxdrift","mw":1.1,"renewMw":1.1,"totalMw":1.1,"hydroMw":1.1,"pumpedMw":0,"solarMw":0,"windMw":0,"geoMw":0,"bioMw":0,"tidalMw":0,"owner":"","operator":"Regional Power Inc","agency":"Statistics Canada","period":"2000","sourceUrl":"https://open.canada.ca/data/en/dataset/490db619-ab58-4a2a-a245-2376ce1840de","sourceTitle":"Renewable Energy Power Plants, 1 MW or more","licence":"Open Government Licence - Canada","vintage":"2000"}},{"type":"Feature","geometry":{"type":"Point","coordinates":[-121.98331,50.66051]},"properties":{"id":"nacei-6251","kind":"plant","cat":"hydro","name":"Walden North","province":"British Columbia","place":"Lillooet","mw":16,"renewMw":16,"totalMw":16,"hydroMw":16,"pumpedMw":0,"solarMw":0,"windMw":0,"geoMw":0,"bioMw":0,"tidalMw":0,"owner":"Innergex (51%) / Cayoose Creek Development Corp (49%)","operator":"Fortis Generation","agency":"Innergex","period":"201708","sourceUrl":"https://open.canada.ca/data/en/dataset/490db619-ab58-4a2a-a245-2376ce1840de","sourceTitle":"Renewable Energy Power Plants, 1 MW or more","licence":"Open Government Licence - Canada","vintage":"201708"}},{"type":"Feature","geometry":{"type":"Point","coordinates":[-80.14349,42.93589]},"properties":{"id":"nacei-6252","kind":"plant","cat":"solar","name":"Walpole","province":"Ontario","place":"","mw":20,"renewMw":20,"totalMw":20,"hydroMw":0,"pumpedMw":0,"solarMw":20,"windMw":0,"geoMw":0,"bioMw":0,"tidalMw":0,"owner":"Ge Energy Financial (90%) / Fiera Axium Infrastructure (10%)","operator":"Ge Energy Financial (90%) / Fiera Axium Infrastructure (10%)","agency":"Solar Industry Mag","period":"201312","sourceUrl":"https://open.canada.ca/data/en/dataset/490db619-ab58-4a2a-a245-2376ce1840de","sourceTitle":"Renewable Energy Power Plants, 1 MW or more","licence":"Open Government Licence - Canada","vintage":"201312"}},{"type":"Feature","geometry":{"type":"Point","coordinates":[-118.06001,50.81394]},"properties":{"id":"nacei-6253","kind":"plant","cat":"hydro","name":"Walter Hardman","province":"British Columbia","place":"Cranberry Creek","mw":8,"renewMw":8,"totalMw":8,"hydroMw":8,"pumpedMw":0,"solarMw":0,"windMw":0,"geoMw":0,"bioMw":0,"tidalMw":0,"owner":"BC Hydro","operator":"BC Hydro","agency":"BC Hydro Quick Facts","period":"201506","sourceUrl":"https://open.canada.ca/data/en/dataset/490db619-ab58-4a2a-a245-2376ce1840de","sourceTitle":"Renewable Energy Power Plants, 1 MW or more","licence":"Open Government Licence - Canada","vintage":"201506"}},{"type":"Feature","geometry":{"type":"Point","coordinates":[-117.61287,49.00415]},"properties":{"id":"nacei-6254","kind":"plant","cat":"hydro","name":"Waneta","province":"British Columbia","place":"Pend D'Oreille River","mw":493.2,"renewMw":493.2,"totalMw":493.2,"hydroMw":493.2,"pumpedMw":0,"solarMw":0,"windMw":0,"geoMw":0,"bioMw":0,"tidalMw":0,"owner":"BC Hydro (33%) / Teck Metals (66%)","operator":"FortisBC","agency":"BC Hydro Quick Facts","period":"201506","sourceUrl":"https://open.canada.ca/data/en/dataset/490db619-ab58-4a2a-a245-2376ce1840de","sourceTitle":"Renewable Energy Power Plants, 1 MW or more","licence":"Open Government Licence - Canada","vintage":"201506"}},{"type":"Feature","geometry":{"type":"Point","coordinates":[-117.61599,49.00468]},"properties":{"id":"nacei-6255","kind":"plant","cat":"hydro","name":"Waneta Expansion","province":"British Columbia","place":"Pend d’Oreille River","mw":335,"renewMw":335,"totalMw":335,"hydroMw":335,"pumpedMw":0,"solarMw":0,"windMw":0,"geoMw":0,"bioMw":0,"tidalMw":0,"owner":"Fortis Inc (51%) / Columbia Power (32.5%) / Columbia Basin Trust (16.5%)","operator":"","agency":"Columbia Power","period":"201708","sourceUrl":"https://open.canada.ca/data/en/dataset/490db619-ab58-4a2a-a245-2376ce1840de","sourceTitle":"Renewable Energy Power Plants, 1 MW or more","licence":"Open Government Licence - Canada","vintage":"201708"}},{"type":"Feature","geometry":{"type":"Point","coordinates":[-79.2937,44.78076]},"properties":{"id":"nacei-6256","kind":"plant","cat":"hydro","name":"Wasdell Falls","province":"Ontario","place":"Washago","mw":1.6,"renewMw":1.6,"totalMw":1.6,"hydroMw":1.6,"pumpedMw":0,"solarMw":0,"windMw":0,"geoMw":0,"bioMw":0,"tidalMw":0,"owner":"Wasdell Falls Power Corp","operator":"Wasdell Falls Power Corp","agency":"IESO","period":"201703","sourceUrl":"https://open.canada.ca/data/en/dataset/490db619-ab58-4a2a-a245-2376ce1840de","sourceTitle":"Renewable Energy Power Plants, 1 MW or more","licence":"Open Government Licence - Canada","vintage":"201703"}},{"type":"Feature","geometry":{"type":"Point","coordinates":[-78.31311,44.3371]},"properties":{"id":"nacei-6257","kind":"plant","cat":"hydro","name":"Water Street Pumphouse","province":"Ontario","place":"Peterborough","mw":1.3,"renewMw":1.3,"totalMw":1.3,"hydroMw":1.3,"pumpedMw":0,"solarMw":0,"windMw":0,"geoMw":0,"bioMw":0,"tidalMw":0,"owner":"Peterborough Utilities Commission","operator":"","agency":"IESO","period":"201703","sourceUrl":"https://open.canada.ca/data/en/dataset/490db619-ab58-4a2a-a245-2376ce1840de","sourceTitle":"Renewable Energy Power Plants, 1 MW or more","licence":"Open Government Licence - Canada","vintage":"201703"}},{"type":"Feature","geometry":{"type":"Point","coordinates":[-109.05551,59.63194]},"properties":{"id":"nacei-6258","kind":"plant","cat":"hydro","name":"Waterloo","province":"Saskatchewan","place":"Charlot River","mw":8,"renewMw":8,"totalMw":8,"hydroMw":8,"pumpedMw":0,"solarMw":0,"windMw":0,"geoMw":0,"bioMw":0,"tidalMw":0,"owner":"Saskatchewan Power Corp","operator":"Saskatchewan Power Corp","agency":"SaskPower","period":"201612","sourceUrl":"https://open.canada.ca/data/en/dataset/490db619-ab58-4a2a-a245-2376ce1840de","sourceTitle":"Renewable Energy Power Plants, 1 MW or more","licence":"Open Government Licence - Canada","vintage":"201612"}},{"type":"Feature","geometry":{"type":"Point","coordinates":[-80.5801,43.43753]},"properties":{"id":"nacei-6259","kind":"plant","cat":"biomass","name":"Waterloo LFG","province":"Ontario","place":"Waterloo","mw":4.6,"renewMw":4.6,"totalMw":4.6,"hydroMw":0,"pumpedMw":0,"solarMw":0,"windMw":0,"geoMw":0,"bioMw":4.6,"tidalMw":0,"owner":"","operator":"Toromont Energy Ltd","agency":"Toromont Energy","period":"201512","sourceUrl":"https://open.canada.ca/data/en/dataset/490db619-ab58-4a2a-a245-2376ce1840de","sourceTitle":"Renewable Energy Power Plants, 1 MW or more","licence":"Open Government Licence - Canada","vintage":"201512"}},{"type":"Feature","geometry":{"type":"Point","coordinates":[-113.67318,49.32908]},"properties":{"id":"nacei-6260","kind":"plant","cat":"hydro","name":"Waterton Hydro","province":"Alberta","place":"Glenwood","mw":3,"renewMw":3,"totalMw":3,"hydroMw":3,"pumpedMw":0,"solarMw":0,"windMw":0,"geoMw":0,"bioMw":0,"tidalMw":0,"owner":"TransAlta (100%)","operator":"TransAlta (100%)","agency":"TransAlta","period":"201708","sourceUrl":"https://open.canada.ca/data/en/dataset/490db619-ab58-4a2a-a245-2376ce1840de","sourceTitle":"Renewable Energy Power Plants, 1 MW or more","licence":"Open Government Licence - Canada","vintage":"201708"}},{"type":"Feature","geometry":{"type":"Point","coordinates":[-113.68056,49.18967]},"properties":{"id":"nacei-6261","kind":"plant","cat":"wind","name":"Waterton Wind","province":"Alberta","place":"Cardston County","mw":3.9,"renewMw":3.9,"totalMw":3.9,"hydroMw":0,"pumpedMw":0,"solarMw":0,"windMw":3.9,"geoMw":0,"bioMw":0,"tidalMw":0,"owner":"Vision Quest (TransAlta)","operator":"Vision Quest (TransAlta)","agency":"CanWEA","period":"201612","sourceUrl":"https://open.canada.ca/data/en/dataset/490db619-ab58-4a2a-a245-2376ce1840de","sourceTitle":"Renewable Energy Power Plants, 1 MW or more","licence":"Open Government Licence - Canada","vintage":"201612"}},{"type":"Feature","geometry":{"type":"Point","coordinates":[-57.92819,48.94147]},"properties":{"id":"nacei-6262","kind":"plant","cat":"hydro","name":"Watsons Brook","province":"Newfoundland and Labrador","place":"Corner Brook","mw":9.3,"renewMw":9.3,"totalMw":9.3,"hydroMw":9.3,"pumpedMw":0,"solarMw":0,"windMw":0,"geoMw":0,"bioMw":0,"tidalMw":0,"owner":"","operator":"Deer Lake Power - A Division of Kruger Energy","agency":"Kruger Energy","period":"201708","sourceUrl":"https://open.canada.ca/data/en/dataset/490db619-ab58-4a2a-a245-2376ce1840de","sourceTitle":"Renewable Energy Power Plants, 1 MW or more","licence":"Open Government Licence - Canada","vintage":"201708"}},{"type":"Feature","geometry":{"type":"Point","coordinates":[-62.46609,44.89912]},"properties":{"id":"nacei-6263","kind":"plant","cat":"wind","name":"Watts Wind","province":"Nova Scotia","place":"","mw":1.5,"renewMw":1.5,"totalMw":1.5,"hydroMw":0,"pumpedMw":0,"solarMw":0,"windMw":1.5,"geoMw":0,"bioMw":0,"tidalMw":0,"owner":"","operator":"Watts Wind Energy","agency":"CanWEA","period":"201612","sourceUrl":"https://open.canada.ca/data/en/dataset/490db619-ab58-4a2a-a245-2376ce1840de","sourceTitle":"Renewable Energy Power Plants, 1 MW or more","licence":"Open Government Licence - Canada","vintage":"201612"}},{"type":"Feature","geometry":{"type":"Point","coordinates":[-79.80478,44.65747]},"properties":{"id":"nacei-6264","kind":"plant","cat":"solar","name":"Waubaushene 3","province":"Ontario","place":"Wyebridge","mw":10,"renewMw":10,"totalMw":10,"hydroMw":0,"pumpedMw":0,"solarMw":10,"windMw":0,"geoMw":0,"bioMw":0,"tidalMw":0,"owner":"Aurora Waubaushene 3 LP","operator":"Aurora Waubaushene 3 LP","agency":"IESO","period":"201703","sourceUrl":"https://open.canada.ca/data/en/dataset/490db619-ab58-4a2a-a245-2376ce1840de","sourceTitle":"Renewable Energy Power Plants, 1 MW or more","licence":"Open Government Licence - Canada","vintage":"201703"}},{"type":"Feature","geometry":{"type":"Point","coordinates":[-79.64164,44.77131]},"properties":{"id":"nacei-6265","kind":"plant","cat":"solar","name":"Waubaushene 4","province":"Ontario","place":"Coldwater","mw":8,"renewMw":8,"totalMw":8,"hydroMw":0,"pumpedMw":0,"solarMw":8,"windMw":0,"geoMw":0,"bioMw":0,"tidalMw":0,"owner":"Aurora Waubaushene 4 LP","operator":"Aurora Waubaushene 4 LP","agency":"IESO","period":"201703","sourceUrl":"https://open.canada.ca/data/en/dataset/490db619-ab58-4a2a-a245-2376ce1840de","sourceTitle":"Renewable Energy Power Plants, 1 MW or more","licence":"Open Government Licence - Canada","vintage":"201703"}},{"type":"Feature","geometry":{"type":"Point","coordinates":[-79.60178,44.77063]},"properties":{"id":"nacei-6266","kind":"plant","cat":"solar","name":"Waubaushene 5","province":"Ontario","place":"Coldwater","mw":3.5,"renewMw":3.5,"totalMw":3.5,"hydroMw":0,"pumpedMw":0,"solarMw":3.5,"windMw":0,"geoMw":0,"bioMw":0,"tidalMw":0,"owner":"Aurora Waubaushene 5 LP","operator":"Aurora Waubaushene 5 LP","agency":"IESO","period":"201703","sourceUrl":"https://open.canada.ca/data/en/dataset/490db619-ab58-4a2a-a245-2376ce1840de","sourceTitle":"Renewable Energy Power Plants, 1 MW or more","licence":"Open Government Licence - Canada","vintage":"201703"}},{"type":"Feature","geometry":{"type":"Point","coordinates":[-81.48061,48.3472]},"properties":{"id":"nacei-6267","kind":"plant","cat":"hydro","name":"Wawaitin","province":"Ontario","place":"Timmins","mw":15,"renewMw":15,"totalMw":15,"hydroMw":15,"pumpedMw":0,"solarMw":0,"windMw":0,"geoMw":0,"bioMw":0,"tidalMw":0,"owner":"Umh Energy Partnership, An Ontario General Partnership of Ontario Power Generation Inc and Umh Energy Inc","operator":"Umh Energy Partnership","agency":"OPG","period":"201708","sourceUrl":"https://open.canada.ca/data/en/dataset/490db619-ab58-4a2a-a245-2376ce1840de","sourceTitle":"Renewable Energy Power Plants, 1 MW or more","licence":"Open Government Licence - Canada","vintage":"201708"}},{"type":"Feature","geometry":{"type":"Point","coordinates":[-86.23248,48.66037]},"properties":{"id":"nacei-6268","kind":"plant","cat":"hydro","name":"Wawatay","province":"Ontario","place":"Thunder Bay","mw":13.5,"renewMw":13.5,"totalMw":13.5,"hydroMw":13.5,"pumpedMw":0,"solarMw":0,"windMw":0,"geoMw":0,"bioMw":0,"tidalMw":0,"owner":"","operator":"Regional Power Inc","agency":"Statistics Canada","period":"2000","sourceUrl":"https://open.canada.ca/data/en/dataset/490db619-ab58-4a2a-a245-2376ce1840de","sourceTitle":"Renewable Energy Power Plants, 1 MW or more","licence":"Open Government Licence - Canada","vintage":"2000"}},{"type":"Feature","geometry":{"type":"Point","coordinates":[-66.0139,43.75284]},"properties":{"id":"nacei-6269","kind":"plant","cat":"wind","name":"Wedgeport (Watts Wind II)","province":"Nova Scotia","place":"","mw":1.6,"renewMw":1.6,"totalMw":1.6,"hydroMw":0,"pumpedMw":0,"solarMw":0,"windMw":1.6,"geoMw":0,"bioMw":0,"tidalMw":0,"owner":"","operator":"","agency":"CanWEA","period":"201612","sourceUrl":"https://open.canada.ca/data/en/dataset/490db619-ab58-4a2a-a245-2376ce1840de","sourceTitle":"Renewable Energy Power Plants, 1 MW or more","licence":"Open Government Licence - Canada","vintage":"201612"}},{"type":"Feature","geometry":{"type":"Point","coordinates":[-71.46361,45.6617]},"properties":{"id":"nacei-6270","kind":"plant","cat":"hydro","name":"Weedon","province":"Québec","place":"Weedon","mw":4.5,"renewMw":4.5,"totalMw":4.5,"hydroMw":4.5,"pumpedMw":0,"solarMw":0,"windMw":0,"geoMw":0,"bioMw":0,"tidalMw":0,"owner":"Ville de Sherbrooke /Hydro Sherbrooke","operator":"Ville de Sherbrooke /Hydro Sherbrooke","agency":"MERN","period":"201708","sourceUrl":"https://open.canada.ca/data/en/dataset/490db619-ab58-4a2a-a245-2376ce1840de","sourceTitle":"Renewable Energy Power Plants, 1 MW or more","licence":"Open Government Licence - Canada","vintage":"201708"}},{"type":"Feature","geometry":{"type":"Point","coordinates":[-64.01675,47.03286]},"properties":{"id":"nacei-6271","kind":"plant","cat":"wind","name":"Weican R/D","province":"Prince Edward Island","place":"North Cape","mw":10,"renewMw":10,"totalMw":10,"hydroMw":0,"pumpedMw":0,"solarMw":0,"windMw":10,"geoMw":0,"bioMw":0,"tidalMw":0,"owner":"Weican","operator":"Weican","agency":"CanWEA","period":"201612","sourceUrl":"https://open.canada.ca/data/en/dataset/490db619-ab58-4a2a-a245-2376ce1840de","sourceTitle":"Renewable Energy Power Plants, 1 MW or more","licence":"Open Government Licence - Canada","vintage":"201612"}},{"type":"Feature","geometry":{"type":"Point","coordinates":[-79.19241,43.15467]},"properties":{"id":"nacei-6272","kind":"plant","cat":"hydro","name":"Welland","province":"Ontario","place":"Niagara-on-the-Lake","mw":12,"renewMw":12,"totalMw":12,"hydroMw":12,"pumpedMw":0,"solarMw":0,"windMw":0,"geoMw":0,"bioMw":0,"tidalMw":0,"owner":"","operator":"St Lawrence Seaway Authority","agency":"Statistics Canada","period":"2000","sourceUrl":"https://open.canada.ca/data/en/dataset/490db619-ab58-4a2a-a245-2376ce1840de","sourceTitle":"Renewable Energy Power Plants, 1 MW or more","licence":"Open Government Licence - Canada","vintage":"2000"}},{"type":"Feature","geometry":{"type":"Point","coordinates":[-79.19654,42.97431]},"properties":{"id":"nacei-6273","kind":"plant","cat":"solar","name":"Welland Ridge Road","province":"Ontario","place":"Welland","mw":10,"renewMw":10,"totalMw":10,"hydroMw":0,"pumpedMw":0,"solarMw":10,"windMw":0,"geoMw":0,"bioMw":0,"tidalMw":0,"owner":"Sune Welland Ridge LP","operator":"Sune Welland Ridge LP","agency":"IESO","period":"201703","sourceUrl":"https://open.canada.ca/data/en/dataset/490db619-ab58-4a2a-a245-2376ce1840de","sourceTitle":"Renewable Energy Power Plants, 1 MW or more","licence":"Open Government Licence - Canada","vintage":"201703"}},{"type":"Feature","geometry":{"type":"Point","coordinates":[-109.01782,59.62742]},"properties":{"id":"nacei-6274","kind":"plant","cat":"hydro","name":"Wellington","province":"Saskatchewan","place":"Charlot River","mw":5,"renewMw":5,"totalMw":5,"hydroMw":5,"pumpedMw":0,"solarMw":0,"windMw":0,"geoMw":0,"bioMw":0,"tidalMw":0,"owner":"Saskatchewan Power Corp","operator":"Saskatchewan Power Corp","agency":"SaskPower","period":"201612","sourceUrl":"https://open.canada.ca/data/en/dataset/490db619-ab58-4a2a-a245-2376ce1840de","sourceTitle":"Renewable Energy Power Plants, 1 MW or more","licence":"Open Government Licence - Canada","vintage":"201612"}},{"type":"Feature","geometry":{"type":"Point","coordinates":[-83.38593,46.43151]},"properties":{"id":"nacei-6275","kind":"plant","cat":"hydro","name":"Wells","province":"Ontario","place":"Thessalon","mw":239,"renewMw":239,"totalMw":239,"hydroMw":239,"pumpedMw":0,"solarMw":0,"windMw":0,"geoMw":0,"bioMw":0,"tidalMw":0,"owner":"Brookfield Renewable Power Inc","operator":"Brookfield Renewable Energy Partners","agency":"IESO","period":"201703","sourceUrl":"https://open.canada.ca/data/en/dataset/490db619-ab58-4a2a-a245-2376ce1840de","sourceTitle":"Renewable Energy Power Plants, 1 MW or more","licence":"Open Government Licence - Canada","vintage":"201703"}},{"type":"Feature","geometry":{"type":"Point","coordinates":[-64.36944,46.71968]},"properties":{"id":"nacei-6276","kind":"plant","cat":"wind","name":"West Cape 1","province":"Prince Edward Island","place":"West Cape","mw":19.8,"renewMw":19.8,"totalMw":19.8,"hydroMw":0,"pumpedMw":0,"solarMw":0,"windMw":19.8,"geoMw":0,"bioMw":0,"tidalMw":0,"owner":"Suez Renewable Energy","operator":"Suez Renewable Energy","agency":"CanWEA","period":"201612","sourceUrl":"https://open.canada.ca/data/en/dataset/490db619-ab58-4a2a-a245-2376ce1840de","sourceTitle":"Renewable Energy Power Plants, 1 MW or more","licence":"Open Government Licence - Canada","vintage":"201612"}},{"type":"Feature","geometry":{"type":"Point","coordinates":[-64.39685,46.66653]},"properties":{"id":"nacei-6277","kind":"plant","cat":"wind","name":"West Cape 2","province":"Prince Edward Island","place":"West Cape","mw":79.2,"renewMw":79.2,"totalMw":79.2,"hydroMw":0,"pumpedMw":0,"solarMw":0,"windMw":79.2,"geoMw":0,"bioMw":0,"tidalMw":0,"owner":"Suez Renewable Energy","operator":"Suez Renewable Energy","agency":"CanWEA","period":"201612","sourceUrl":"https://open.canada.ca/data/en/dataset/490db619-ab58-4a2a-a245-2376ce1840de","sourceTitle":"Renewable Energy Power Plants, 1 MW or more","licence":"Open Government Licence - Canada","vintage":"201612"}},{"type":"Feature","geometry":{"type":"Point","coordinates":[-79.50345,42.99934]},"properties":{"id":"nacei-6278","kind":"plant","cat":"wind","name":"West Lincoln Niagara Region Wind Farm","province":"Ontario","place":"","mw":230,"renewMw":230,"totalMw":230,"hydroMw":0,"pumpedMw":0,"solarMw":0,"windMw":230,"geoMw":0,"bioMw":0,"tidalMw":0,"owner":"","operator":"","agency":"CanWEA","period":"201612","sourceUrl":"https://open.canada.ca/data/en/dataset/490db619-ab58-4a2a-a245-2376ce1840de","sourceTitle":"Renewable Energy Power Plants, 1 MW or more","licence":"Open Government Licence - Canada","vintage":"201612"}},{"type":"Feature","geometry":{"type":"Point","coordinates":[-81.61161,42.60392]},"properties":{"id":"nacei-6279","kind":"plant","cat":"biomass","name":"West Lorne Biooil Cogeneration","province":"Ontario","place":"West Lorne","mw":3,"renewMw":3,"totalMw":3,"hydroMw":0,"pumpedMw":0,"solarMw":0,"windMw":0,"geoMw":0,"bioMw":3,"tidalMw":0,"owner":"","operator":"","agency":"CIEEDAC","period":"201512","sourceUrl":"https://open.canada.ca/data/en/dataset/490db619-ab58-4a2a-a245-2376ce1840de","sourceTitle":"Renewable Energy Power Plants, 1 MW or more","licence":"Open Government Licence - Canada","vintage":"201512"}},{"type":"Feature","geometry":{"type":"Point","coordinates":[-79.93575,46.36947]},"properties":{"id":"nacei-6280","kind":"plant","cat":"hydro","name":"West Nipissing","province":"Ontario","place":"Sturgeon Falls","mw":8.7,"renewMw":8.7,"totalMw":8.7,"hydroMw":8.7,"pumpedMw":0,"solarMw":0,"windMw":0,"geoMw":0,"bioMw":0,"tidalMw":0,"owner":"West Nipissing Power Generation","operator":"West Nipissing Power Generation","agency":"IESO","period":"201703","sourceUrl":"https://open.canada.ca/data/en/dataset/490db619-ab58-4a2a-a245-2376ce1840de","sourceTitle":"Renewable Energy Power Plants, 1 MW or more","licence":"Open Government Licence - Canada","vintage":"201703"}},{"type":"Feature","geometry":{"type":"Point","coordinates":[-71.62012,45.498]},"properties":{"id":"nacei-6281","kind":"plant","cat":"hydro","name":"Westbury","province":"Québec","place":"Westbury","mw":4.3,"renewMw":4.3,"totalMw":4.3,"hydroMw":4.3,"pumpedMw":0,"solarMw":0,"windMw":0,"geoMw":0,"bioMw":0,"tidalMw":0,"owner":"Ville de Sherbrooke /Hydro Sherbrooke","operator":"Ville de Sherbrooke /Hydro Sherbrooke","agency":"MERN","period":"201708","sourceUrl":"https://open.canada.ca/data/en/dataset/490db619-ab58-4a2a-a245-2376ce1840de","sourceTitle":"Renewable Energy Power Plants, 1 MW or more","licence":"Open Government Licence - Canada","vintage":"201708"}},{"type":"Feature","geometry":{"type":"Point","coordinates":[-114.17693,54.41534]},"properties":{"id":"nacei-6282","kind":"plant","cat":"biomass","name":"Westlock (Dapp)","province":"Alberta","place":"Dapp","mw":17,"renewMw":17,"totalMw":17,"hydroMw":0,"pumpedMw":0,"solarMw":0,"windMw":0,"geoMw":0,"bioMw":17,"tidalMw":0,"owner":"Drayton Valley Power (SPRD Program)","operator":"Drayton Valley Power (SPRD Program)","agency":"Alberta Energy","period":"201708","sourceUrl":"https://open.canada.ca/data/en/dataset/490db619-ab58-4a2a-a245-2376ce1840de","sourceTitle":"Renewable Energy Power Plants, 1 MW or more","licence":"Open Government Licence - Canada","vintage":"201708"}},{"type":"Feature","geometry":{"type":"Point","coordinates":[-118.69068,55.07109]},"properties":{"id":"nacei-6283","kind":"plant","cat":"biomass","name":"Weyerhaeuser Grande Prairie","province":"Alberta","place":"Grande Prairie","mw":48,"renewMw":48,"totalMw":48,"hydroMw":0,"pumpedMw":0,"solarMw":0,"windMw":0,"geoMw":0,"bioMw":48,"tidalMw":0,"owner":"Weyerhaeuser","operator":"Weyerhaeuser","agency":"Alberta Energy","period":"201708","sourceUrl":"https://open.canada.ca/data/en/dataset/490db619-ab58-4a2a-a245-2376ce1840de","sourceTitle":"Renewable Energy Power Plants, 1 MW or more","licence":"Open Government Licence - Canada","vintage":"201708"}},{"type":"Feature","geometry":{"type":"Point","coordinates":[-65.94909,44.40754]},"properties":{"id":"nacei-6284","kind":"plant","cat":"hydro","name":"Weymouth Falls","province":"Nova Scotia","place":"Sissiboo River","mw":19.2,"renewMw":19.2,"totalMw":19.2,"hydroMw":19.2,"pumpedMw":0,"solarMw":0,"windMw":0,"geoMw":0,"bioMw":0,"tidalMw":0,"owner":"","operator":"Nova Scotia Power Inc","agency":"Statistics Canada","period":"2000","sourceUrl":"https://open.canada.ca/data/en/dataset/490db619-ab58-4a2a-a245-2376ce1840de","sourceTitle":"Renewable Energy Power Plants, 1 MW or more","licence":"Open Government Licence - Canada","vintage":"2000"}},{"type":"Feature","geometry":{"type":"Point","coordinates":[-118.07181,49.91057]},"properties":{"id":"nacei-6285","kind":"plant","cat":"hydro","name":"Whatshan","province":"British Columbia","place":"Whatshan Lake","mw":54,"renewMw":54,"totalMw":54,"hydroMw":54,"pumpedMw":0,"solarMw":0,"windMw":0,"geoMw":0,"bioMw":0,"tidalMw":0,"owner":"BC Hydro","operator":"BC Hydro","agency":"BC Hydro Quick Facts","period":"201506","sourceUrl":"https://open.canada.ca/data/en/dataset/490db619-ab58-4a2a-a245-2376ce1840de","sourceTitle":"Renewable Energy Power Plants, 1 MW or more","licence":"Open Government Licence - Canada","vintage":"201506"}},{"type":"Feature","geometry":{"type":"Point","coordinates":[-122.94575,50.10621]},"properties":{"id":"nacei-6286","kind":"plant","cat":"hydro","name":"Whistler","province":"British Columbia","place":"Whistler","mw":7.6,"renewMw":7.6,"totalMw":7.6,"hydroMw":7.6,"pumpedMw":0,"solarMw":0,"windMw":0,"geoMw":0,"bioMw":0,"tidalMw":0,"owner":"Rockford Energy Corp","operator":"Rockford Energy Corp","agency":"Statistics Canada","period":"2000","sourceUrl":"https://open.canada.ca/data/en/dataset/490db619-ab58-4a2a-a245-2376ce1840de","sourceTitle":"Renewable Energy Power Plants, 1 MW or more","licence":"Open Government Licence - Canada","vintage":"2000"}},{"type":"Feature","geometry":{"type":"Point","coordinates":[-82.68876,49.2189]},"properties":{"id":"nacei-6287","kind":"plant","cat":"hydro","name":"White Otter Falls","province":"Ontario","place":"Kapuskasing","mw":5.5,"renewMw":5.5,"totalMw":5.5,"hydroMw":5.5,"pumpedMw":0,"solarMw":0,"windMw":0,"geoMw":0,"bioMw":0,"tidalMw":0,"owner":"Nipiy-Wof Hydrokap LP","operator":"Nipiy-Wof Hydrokap LP","agency":"IESO","period":"201703","sourceUrl":"https://open.canada.ca/data/en/dataset/490db619-ab58-4a2a-a245-2376ce1840de","sourceTitle":"Renewable Energy Power Plants, 1 MW or more","licence":"Open Government Licence - Canada","vintage":"201703"}},{"type":"Feature","geometry":{"type":"Point","coordinates":[-85.30078,48.59399]},"properties":{"id":"nacei-6288","kind":"plant","cat":"biomass","name":"White River","province":"Ontario","place":"White River","mw":7.5,"renewMw":7.5,"totalMw":7.5,"hydroMw":0,"pumpedMw":0,"solarMw":0,"windMw":0,"geoMw":0,"bioMw":7.5,"tidalMw":0,"owner":"","operator":"Drayton Valley Power Ltd","agency":"Statistics Canada","period":"2000","sourceUrl":"https://open.canada.ca/data/en/dataset/490db619-ab58-4a2a-a245-2376ce1840de","sourceTitle":"Renewable Energy Power Plants, 1 MW or more","licence":"Open Government Licence - Canada","vintage":"2000"}},{"type":"Feature","geometry":{"type":"Point","coordinates":[-64.38066,45.06225]},"properties":{"id":"nacei-6289","kind":"plant","cat":"hydro","name":"White Rock","province":"Nova Scotia","place":"Gasperaux River","mw":2.9,"renewMw":2.9,"totalMw":2.9,"hydroMw":2.9,"pumpedMw":0,"solarMw":0,"windMw":0,"geoMw":0,"bioMw":0,"tidalMw":0,"owner":"","operator":"Nova Scotia Power Inc","agency":"Statistics Canada","period":"2000","sourceUrl":"https://open.canada.ca/data/en/dataset/490db619-ab58-4a2a-a245-2376ce1840de","sourceTitle":"Renewable Energy Power Plants, 1 MW or more","licence":"Open Government Licence - Canada","vintage":"2000"}},{"type":"Feature","geometry":{"type":"Point","coordinates":[-115.73356,54.16236]},"properties":{"id":"nacei-6290","kind":"plant","cat":"biomass","name":"Whitecourt","province":"Alberta","place":"Whitecourt","mw":25,"renewMw":25,"totalMw":25,"hydroMw":0,"pumpedMw":0,"solarMw":0,"windMw":0,"geoMw":0,"bioMw":25,"tidalMw":0,"owner":"Whitecourt Power Partnership","operator":"Whitecourt Power Partnership","agency":"Capstone Infrastructure","period":"201203","sourceUrl":"https://open.canada.ca/data/en/dataset/490db619-ab58-4a2a-a245-2376ce1840de","sourceTitle":"Renewable Energy Power Plants, 1 MW or more","licence":"Open Government Licence - Canada","vintage":"201203"}},{"type":"Feature","geometry":{"type":"Point","coordinates":[-94.86906,50.11446]},"properties":{"id":"nacei-6291","kind":"plant","cat":"hydro","name":"Whitedog Falls","province":"Ontario","place":"Whitedog Island","mw":68,"renewMw":68,"totalMw":68,"hydroMw":68,"pumpedMw":0,"solarMw":0,"windMw":0,"geoMw":0,"bioMw":0,"tidalMw":0,"owner":"","operator":"Ontario Power Generation Inc","agency":"OPG","period":"201708","sourceUrl":"https://open.canada.ca/data/en/dataset/490db619-ab58-4a2a-a245-2376ce1840de","sourceTitle":"Renewable Energy Power Plants, 1 MW or more","licence":"Open Government Licence - Canada","vintage":"201708"}},{"type":"Feature","geometry":{"type":"Point","coordinates":[-135.04353,60.69838]},"properties":{"id":"nacei-6292","kind":"plant","cat":"hydro","name":"Whitehorse","province":"Yukon","place":"Whitehorse","mw":40,"renewMw":40,"totalMw":40,"hydroMw":40,"pumpedMw":0,"solarMw":0,"windMw":0,"geoMw":0,"bioMw":0,"tidalMw":0,"owner":"","operator":"Yukon Energy Corp","agency":"Yukon Energy","period":"201612","sourceUrl":"https://open.canada.ca/data/en/dataset/490db619-ab58-4a2a-a245-2376ce1840de","sourceTitle":"Renewable Energy Power Plants, 1 MW or more","licence":"Open Government Licence - Canada","vintage":"201612"}},{"type":"Feature","geometry":{"type":"Point","coordinates":[-80.16275,44.00447]},"properties":{"id":"nacei-6293","kind":"plant","cat":"wind","name":"Whittington","province":"Ontario","place":"Orangeville","mw":6.2,"renewMw":6.2,"totalMw":6.2,"hydroMw":0,"pumpedMw":0,"solarMw":0,"windMw":6.2,"geoMw":0,"bioMw":0,"tidalMw":0,"owner":"WPD Whittington Wind Inc","operator":"WPD Whittington Wind Inc","agency":"CanWEA","period":"201612","sourceUrl":"https://open.canada.ca/data/en/dataset/490db619-ab58-4a2a-a245-2376ce1840de","sourceTitle":"Renewable Energy Power Plants, 1 MW or more","licence":"Open Government Licence - Canada","vintage":"201612"}},{"type":"Feature","geometry":{"type":"Point","coordinates":[-64.46622,44.40783]},"properties":{"id":"nacei-6294","kind":"plant","cat":"wind","name":"Whynotts","province":"Nova Scotia","place":"","mw":4,"renewMw":4,"totalMw":4,"hydroMw":0,"pumpedMw":0,"solarMw":0,"windMw":4,"geoMw":0,"bioMw":0,"tidalMw":0,"owner":"","operator":"Whynotts Community Wind Inc","agency":"CanWEA","period":"201612","sourceUrl":"https://open.canada.ca/data/en/dataset/490db619-ab58-4a2a-a245-2376ce1840de","sourceTitle":"Renewable Energy Power Plants, 1 MW or more","licence":"Open Government Licence - Canada","vintage":"201612"}},{"type":"Feature","geometry":{"type":"Point","coordinates":[-74.97461,45.00756]},"properties":{"id":"nacei-6295","kind":"plant","cat":"solar","name":"William Rutley","province":"Ontario","place":"Ingleside","mw":10,"renewMw":10,"totalMw":10,"hydroMw":0,"pumpedMw":0,"solarMw":10,"windMw":0,"geoMw":0,"bioMw":0,"tidalMw":0,"owner":"TransCanada Energy Ltd","operator":"Tempest Power Corp","agency":"IESO","period":"201703","sourceUrl":"https://open.canada.ca/data/en/dataset/490db619-ab58-4a2a-a245-2376ce1840de","sourceTitle":"Renewable Energy Power Plants, 1 MW or more","licence":"Open Government Licence - Canada","vintage":"201703"}},{"type":"Feature","geometry":{"type":"Point","coordinates":[-122.17115,52.16125]},"properties":{"id":"nacei-6296","kind":"plant","cat":"biomass","name":"Williams Lake","province":"British Columbia","place":"Williams Lake","mw":68,"renewMw":68,"totalMw":68,"hydroMw":0,"pumpedMw":0,"solarMw":0,"windMw":0,"geoMw":0,"bioMw":68,"tidalMw":0,"owner":"Atlantic Power Corp","operator":"Atlantic Power Corp","agency":"BC Hydro IPP supply","period":"201704","sourceUrl":"https://open.canada.ca/data/en/dataset/490db619-ab58-4a2a-a245-2376ce1840de","sourceTitle":"Renewable Energy Power Plants, 1 MW or more","licence":"Open Government Licence - Canada","vintage":"201704"}},{"type":"Feature","geometry":{"type":"Point","coordinates":[-79.31061,45.06245]},"properties":{"id":"nacei-6297","kind":"plant","cat":"hydro","name":"Wilson's Falls","province":"Ontario","place":"Bracebridge","mw":2.3,"renewMw":2.3,"totalMw":2.3,"hydroMw":2.3,"pumpedMw":0,"solarMw":0,"windMw":0,"geoMw":0,"bioMw":0,"tidalMw":0,"owner":"Bracebridge Generation Limited","operator":"Bracebridge Generation Ltd","agency":"IESO","period":"201703","sourceUrl":"https://open.canada.ca/data/en/dataset/490db619-ab58-4a2a-a245-2376ce1840de","sourceTitle":"Renewable Energy Power Plants, 1 MW or more","licence":"Open Government Licence - Canada","vintage":"201703"}},{"type":"Feature","geometry":{"type":"Point","coordinates":[-112.57788,51.22136]},"properties":{"id":"nacei-6298","kind":"plant","cat":"wind","name":"Wintering Hills","province":"Alberta","place":"Wheatland County","mw":88,"renewMw":88,"totalMw":88,"hydroMw":0,"pumpedMw":0,"solarMw":0,"windMw":88,"geoMw":0,"bioMw":0,"tidalMw":0,"owner":"Suncor / Teck","operator":"Suncor / Teck","agency":"CanWEA","period":"201612","sourceUrl":"https://open.canada.ca/data/en/dataset/490db619-ab58-4a2a-a245-2376ce1840de","sourceTitle":"Renewable Energy Power Plants, 1 MW or more","licence":"Open Government Licence - Canada","vintage":"201612"}},{"type":"Feature","geometry":{"type":"Point","coordinates":[-75.95928,45.28157]},"properties":{"id":"nacei-6299","kind":"plant","cat":"biomass","name":"Wm Ottawa Landfill","province":"Ontario","place":"Carp","mw":6.4,"renewMw":6.4,"totalMw":6.4,"hydroMw":0,"pumpedMw":0,"solarMw":0,"windMw":0,"geoMw":0,"bioMw":6.4,"tidalMw":0,"owner":"Waste Management of Canada Corp","operator":"Waste Management of Canada Corp","agency":"IESO","period":"201703","sourceUrl":"https://open.canada.ca/data/en/dataset/490db619-ab58-4a2a-a245-2376ce1840de","sourceTitle":"Renewable Energy Power Plants, 1 MW or more","licence":"Open Government Licence - Canada","vintage":"201703"}},{"type":"Feature","geometry":{"type":"Point","coordinates":[-76.47249,44.17898]},"properties":{"id":"nacei-6300","kind":"plant","cat":"wind","name":"Wolfe Island","province":"Ontario","place":"Wolfe Island","mw":197.8,"renewMw":197.8,"totalMw":197.8,"hydroMw":0,"pumpedMw":0,"solarMw":0,"windMw":197.8,"geoMw":0,"bioMw":0,"tidalMw":0,"owner":"Melancthon Wolfe Wind LP","operator":"TransAlta (100%)","agency":"IESO","period":"201703","sourceUrl":"https://open.canada.ca/data/en/dataset/490db619-ab58-4a2a-a245-2376ce1840de","sourceTitle":"Renewable Energy Power Plants, 1 MW or more","licence":"Open Government Licence - Canada","vintage":"201703"}},{"type":"Feature","geometry":{"type":"Point","coordinates":[-80.54968,43.60432]},"properties":{"id":"nacei-6301","kind":"plant","cat":"biomass","name":"Woolwich Bio-En","province":"Ontario","place":"Elmira","mw":2.9,"renewMw":2.9,"totalMw":2.9,"hydroMw":0,"pumpedMw":0,"solarMw":0,"windMw":0,"geoMw":0,"bioMw":2.9,"tidalMw":0,"owner":"Woolwich Bio-En Inc","operator":"Woolwich Bio-En Inc","agency":"IESO","period":"201703","sourceUrl":"https://open.canada.ca/data/en/dataset/490db619-ab58-4a2a-a245-2376ce1840de","sourceTitle":"Renewable Energy Power Plants, 1 MW or more","licence":"Open Government Licence - Canada","vintage":"201703"}},{"type":"Feature","geometry":{"type":"Point","coordinates":[-60.4402,46.53139]},"properties":{"id":"nacei-6302","kind":"plant","cat":"hydro","name":"Wreck Cove","province":"Nova Scotia","place":"Cheticamp River","mw":200,"renewMw":200,"totalMw":200,"hydroMw":200,"pumpedMw":0,"solarMw":0,"windMw":0,"geoMw":0,"bioMw":0,"tidalMw":0,"owner":"","operator":"Nova Scotia Power Inc","agency":"NS Power","period":"201708","sourceUrl":"https://open.canada.ca/data/en/dataset/490db619-ab58-4a2a-a245-2376ce1840de","sourceTitle":"Renewable Energy Power Plants, 1 MW or more","licence":"Open Government Licence - Canada","vintage":"201708"}},{"type":"Feature","geometry":{"type":"Point","coordinates":[-98.49378,55.53832]},"properties":{"id":"nacei-6303","kind":"plant","cat":"hydro","name":"Wuskwatim","province":"Manitoba","place":"Burntwood River","mw":211,"renewMw":211,"totalMw":211,"hydroMw":211,"pumpedMw":0,"solarMw":0,"windMw":0,"geoMw":0,"bioMw":0,"tidalMw":0,"owner":"Wuskwatim Power Ltd","operator":"Manitoba Hydro","agency":"MB Hydro","period":"201708","sourceUrl":"https://open.canada.ca/data/en/dataset/490db619-ab58-4a2a-a245-2376ce1840de","sourceTitle":"Renewable Energy Power Plants, 1 MW or more","licence":"Open Government Licence - Canada","vintage":"201708"}},{"type":"Feature","geometry":{"type":"Point","coordinates":[-126.77965,50.05352]},"properties":{"id":"nacei-6304","kind":"plant","cat":"hydro","name":"Zeballos Lake","province":"British Columbia","place":"Zeballos","mw":23,"renewMw":23,"totalMw":23,"hydroMw":23,"pumpedMw":0,"solarMw":0,"windMw":0,"geoMw":0,"bioMw":0,"tidalMw":0,"owner":"","operator":"Zeballos Lake Hydro LP","agency":"EcoDynamicSolutions","period":"201708","sourceUrl":"https://open.canada.ca/data/en/dataset/490db619-ab58-4a2a-a245-2376ce1840de","sourceTitle":"Renewable Energy Power Plants, 1 MW or more","licence":"Open Government Licence - Canada","vintage":"201708"}},{"type":"Feature","geometry":{"type":"Point","coordinates":[-117.72755,49.33606]},"properties":{"id":"nacei-6305","kind":"plant","cat":"biomass","name":"Zellstoff Celgar Mill","province":"British Columbia","place":"Castlegar","mw":78,"renewMw":78,"totalMw":78,"hydroMw":0,"pumpedMw":0,"solarMw":0,"windMw":0,"geoMw":0,"bioMw":78,"tidalMw":0,"owner":"Mercer International Group","operator":"Zellstoff Celgar Ltd Partnership","agency":"BC Hydro IPP supply","period":"201704","sourceUrl":"https://open.canada.ca/data/en/dataset/490db619-ab58-4a2a-a245-2376ce1840de","sourceTitle":"Renewable Energy Power Plants, 1 MW or more","licence":"Open Government Licence - Canada","vintage":"201704"}},{"type":"Feature","geometry":{"type":"Point","coordinates":[-81.90634,42.92378]},"properties":{"id":"nacei-6306","kind":"plant","cat":"wind","name":"Zephyr","province":"Ontario","place":"Haldimand","mw":10,"renewMw":10,"totalMw":10,"hydroMw":0,"pumpedMw":0,"solarMw":0,"windMw":10,"geoMw":0,"bioMw":0,"tidalMw":0,"owner":"","operator":"Schneider Power Inc","agency":"CanWEA","period":"201612","sourceUrl":"https://open.canada.ca/data/en/dataset/490db619-ab58-4a2a-a245-2376ce1840de","sourceTitle":"Renewable Energy Power Plants, 1 MW or more","licence":"Open Government Licence - Canada","vintage":"201612"}},{"type":"Feature","geometry":{"type":"Point","coordinates":[-64.144,45.83]},"properties":{"id":"nacei-6307","kind":"plant","cat":"wind","name":"Amherst Community Wind Farm","province":"Nova Scotia","place":"Halifax","mw":6,"renewMw":6,"totalMw":6,"hydroMw":0,"pumpedMw":0,"solarMw":0,"windMw":6,"geoMw":0,"bioMw":0,"tidalMw":0,"owner":"Natural Forces","operator":"Natural Forces","agency":"CanWEA","period":"201612","sourceUrl":"https://open.canada.ca/data/en/dataset/490db619-ab58-4a2a-a245-2376ce1840de","sourceTitle":"Renewable Energy Power Plants, 1 MW or more","licence":"Open Government Licence - Canada","vintage":"201612"}},{"type":"Feature","geometry":{"type":"Point","coordinates":[-62.27835,45.633]},"properties":{"id":"nacei-6308","kind":"plant","cat":"wind","name":"Avondale Community Wind Park","province":"Nova Scotia","place":"Avondale","mw":1.6,"renewMw":1.6,"totalMw":1.6,"hydroMw":0,"pumpedMw":0,"solarMw":0,"windMw":1.6,"geoMw":0,"bioMw":0,"tidalMw":0,"owner":"Northumberland Wind Field Inc","operator":"Northumberland Wind Field Inc","agency":"CanWEA","period":"201612","sourceUrl":"https://open.canada.ca/data/en/dataset/490db619-ab58-4a2a-a245-2376ce1840de","sourceTitle":"Renewable Energy Power Plants, 1 MW or more","licence":"Open Government Licence - Canada","vintage":"201612"}},{"type":"Feature","geometry":{"type":"Point","coordinates":[-60.69621,46.147]},"properties":{"id":"nacei-6309","kind":"plant","cat":"wind","name":"Baddeck Community Wind Project","province":"Nova Scotia","place":"Baddeck","mw":1.7,"renewMw":1.7,"totalMw":1.7,"hydroMw":0,"pumpedMw":0,"solarMw":0,"windMw":1.7,"geoMw":0,"bioMw":0,"tidalMw":0,"owner":"Scotian Wind Fields","operator":"Scotian Wind Fields","agency":"CanWEA","period":"201612","sourceUrl":"https://open.canada.ca/data/en/dataset/490db619-ab58-4a2a-a245-2376ce1840de","sourceTitle":"Renewable Energy Power Plants, 1 MW or more","licence":"Open Government Licence - Canada","vintage":"201612"}},{"type":"Feature","geometry":{"type":"Point","coordinates":[-59.90774,45.993]},"properties":{"id":"nacei-6310","kind":"plant","cat":"wind","name":"Bateston Wind Project","province":"Nova Scotia","place":"Bateston","mw":2.3,"renewMw":2.3,"totalMw":2.3,"hydroMw":0,"pumpedMw":0,"solarMw":0,"windMw":2.3,"geoMw":0,"bioMw":0,"tidalMw":0,"owner":"Celtic Current LP","operator":"Celtic Current LP","agency":"CanWEA","period":"201612","sourceUrl":"https://open.canada.ca/data/en/dataset/490db619-ab58-4a2a-a245-2376ce1840de","sourceTitle":"Renewable Energy Power Plants, 1 MW or more","licence":"Open Government Licence - Canada","vintage":"201612"}},{"type":"Feature","geometry":{"type":"Point","coordinates":[-123.405,50.635]},"properties":{"id":"nacei-6311","kind":"plant","cat":"hydro","name":"Boulder Creek","province":"British Columbia","place":"Squamish-Lillooet","mw":25.3,"renewMw":25.3,"totalMw":25.3,"hydroMw":25.3,"pumpedMw":0,"solarMw":0,"windMw":0,"geoMw":0,"bioMw":0,"tidalMw":0,"owner":"Innergex Inc (66.7%) / Ledcor Power Group (33.3%)","operator":"","agency":"Innergex","period":"201708","sourceUrl":"https://open.canada.ca/data/en/dataset/490db619-ab58-4a2a-a245-2376ce1840de","sourceTitle":"Renewable Energy Power Plants, 1 MW or more","licence":"Open Government Licence - Canada","vintage":"201708"}},{"type":"Feature","geometry":{"type":"Point","coordinates":[-123.42673,49.60062]},"properties":{"id":"nacei-6312","kind":"plant","cat":"hydro","name":"Box Canyon","province":"British Columbia","place":"Port Mellon","mw":15,"renewMw":15,"totalMw":15,"hydroMw":15,"pumpedMw":0,"solarMw":0,"windMw":0,"geoMw":0,"bioMw":0,"tidalMw":0,"owner":"","operator":"Box Canyon Hydro Corp, Sound Energy Inc","agency":"BC Hydro IPP supply","period":"201704","sourceUrl":"https://open.canada.ca/data/en/dataset/490db619-ab58-4a2a-a245-2376ce1840de","sourceTitle":"Renewable Energy Power Plants, 1 MW or more","licence":"Open Government Licence - Canada","vintage":"201704"}},{"type":"Feature","geometry":{"type":"Point","coordinates":[-123.14173,49.97825]},"properties":{"id":"nacei-6313","kind":"plant","cat":"hydro","name":"Brandywine Creek Small Hydro","province":"British Columbia","place":"Whistler","mw":8,"renewMw":8,"totalMw":8,"hydroMw":8,"pumpedMw":0,"solarMw":0,"windMw":0,"geoMw":0,"bioMw":0,"tidalMw":0,"owner":"Rockford Energy Corp","operator":"Rockford Energy Corp","agency":"BC Hydro IPP supply","period":"201704","sourceUrl":"https://open.canada.ca/data/en/dataset/490db619-ab58-4a2a-a245-2376ce1840de","sourceTitle":"Renewable Energy Power Plants, 1 MW or more","licence":"Open Government Licence - Canada","vintage":"201704"}},{"type":"Feature","geometry":{"type":"Point","coordinates":[-66.0826,43.974]},"properties":{"id":"nacei-6314","kind":"plant","cat":"wind","name":"Brenton Community Wind Project","province":"Nova Scotia","place":"Brenton","mw":2,"renewMw":2,"totalMw":2,"hydroMw":0,"pumpedMw":0,"solarMw":0,"windMw":2,"geoMw":0,"bioMw":0,"tidalMw":0,"owner":"Scotian Wind Fields","operator":"Scotian Wind Fields","agency":"CanWEA","period":"201612","sourceUrl":"https://open.canada.ca/data/en/dataset/490db619-ab58-4a2a-a245-2376ce1840de","sourceTitle":"Renewable Energy Power Plants, 1 MW or more","licence":"Open Government Licence - Canada","vintage":"201612"}},{"type":"Feature","geometry":{"type":"Point","coordinates":[-121.31967,50.78731]},"properties":{"id":"nacei-6315","kind":"plant","cat":"biomass","name":"Cache Creek LFG","province":"British Columbia","place":"Cache Creek","mw":5,"renewMw":5,"totalMw":5,"hydroMw":0,"pumpedMw":0,"solarMw":0,"windMw":0,"geoMw":0,"bioMw":5,"tidalMw":0,"owner":"","operator":"Wastech Services Ltd","agency":"BC Hydro IPP supply","period":"201704","sourceUrl":"https://open.canada.ca/data/en/dataset/490db619-ab58-4a2a-a245-2376ce1840de","sourceTitle":"Renewable Energy Power Plants, 1 MW or more","licence":"Open Government Licence - Canada","vintage":"201704"}},{"type":"Feature","geometry":{"type":"Point","coordinates":[-125.39557,49.17692]},"properties":{"id":"nacei-6316","kind":"plant","cat":"hydro","name":"Canoe Creek Hydro","province":"British Columbia","place":"Ucluelet","mw":6,"renewMw":6,"totalMw":6,"hydroMw":6,"pumpedMw":0,"solarMw":0,"windMw":0,"geoMw":0,"bioMw":0,"tidalMw":0,"owner":"","operator":"Canoe Creek Hydro Company","agency":"BC Hydro IPP supply","period":"201704","sourceUrl":"https://open.canada.ca/data/en/dataset/490db619-ab58-4a2a-a245-2376ce1840de","sourceTitle":"Renewable Energy Power Plants, 1 MW or more","licence":"Open Government Licence - Canada","vintage":"201704"}},{"type":"Feature","geometry":{"type":"Point","coordinates":[-120.19417,53.10917]},"properties":{"id":"nacei-6317","kind":"plant","cat":"hydro","name":"Castle Creek","province":"British Columbia","place":"McBride","mw":6,"renewMw":6,"totalMw":6,"hydroMw":6,"pumpedMw":0,"solarMw":0,"windMw":0,"geoMw":0,"bioMw":0,"tidalMw":0,"owner":"Castle Mountain Hydro Ltd","operator":"Castle Mountain Hydro Ltd","agency":"BC Hydro IPP supply","period":"201704","sourceUrl":"https://open.canada.ca/data/en/dataset/490db619-ab58-4a2a-a245-2376ce1840de","sourceTitle":"Renewable Energy Power Plants, 1 MW or more","licence":"Open Government Licence - Canada","vintage":"201704"}},{"type":"Feature","geometry":{"type":"Point","coordinates":[-64.90976,50.31354]},"properties":{"id":"nacei-6318","kind":"plant","cat":"hydro","name":"Centrale de La Courbe du Sault","province":"Québec","place":"Sheldrake","mw":25,"renewMw":25,"totalMw":25,"hydroMw":25,"pumpedMw":0,"solarMw":0,"windMw":0,"geoMw":0,"bioMw":0,"tidalMw":0,"owner":"Société D’énergie Rivière Sheldrake Inc","operator":"Hydro-Quebec","agency":"MERN","period":"201708","sourceUrl":"https://open.canada.ca/data/en/dataset/490db619-ab58-4a2a-a245-2376ce1840de","sourceTitle":"Renewable Energy Power Plants, 1 MW or more","licence":"Open Government Licence - Canada","vintage":"201708"}},{"type":"Feature","geometry":{"type":"Point","coordinates":[-70.87705,47.072]},"properties":{"id":"nacei-6319","kind":"plant","cat":"hydro","name":"Centrale Hydro-Canyon Saint-Joachim","province":"Québec","place":"Beaupre","mw":23.2,"renewMw":23.2,"totalMw":23.2,"hydroMw":23.2,"pumpedMw":0,"solarMw":0,"windMw":0,"geoMw":0,"bioMw":0,"tidalMw":0,"owner":"Société Hydro-Canyon Saint-Joachim Inc","operator":"Société Hydro-Canyon Saint-Joachim Inc","agency":"MERN","period":"201708","sourceUrl":"https://open.canada.ca/data/en/dataset/490db619-ab58-4a2a-a245-2376ce1840de","sourceTitle":"Renewable Energy Power Plants, 1 MW or more","licence":"Open Government Licence - Canada","vintage":"201708"}},{"type":"Feature","geometry":{"type":"Point","coordinates":[-72.96839,46.42349]},"properties":{"id":"nacei-6320","kind":"plant","cat":"hydro","name":"Centrale Lefrançois","province":"Québec","place":"Saint-Paulin","mw":7.9,"renewMw":7.9,"totalMw":7.9,"hydroMw":7.9,"pumpedMw":0,"solarMw":0,"windMw":0,"geoMw":0,"bioMw":0,"tidalMw":0,"owner":"Innergex Inc","operator":"Innergex Inc","agency":"MERN","period":"201708","sourceUrl":"https://open.canada.ca/data/en/dataset/490db619-ab58-4a2a-a245-2376ce1840de","sourceTitle":"Renewable Energy Power Plants, 1 MW or more","licence":"Open Government Licence - Canada","vintage":"201708"}},{"type":"Feature","geometry":{"type":"Point","coordinates":[-72.16725,48.43337]},"properties":{"id":"nacei-6321","kind":"plant","cat":"hydro","name":"Centrale Val-Jalbert","province":"Québec","place":"Chambord","mw":16,"renewMw":16,"totalMw":16,"hydroMw":16,"pumpedMw":0,"solarMw":0,"windMw":0,"geoMw":0,"bioMw":0,"tidalMw":0,"owner":"Énergie Hydroélectrique Ouiatchouan (Société en Commandite)","operator":"Énergie Hydroélectrique Ouiatchouan (Société en Commandite)","agency":"Hydro-Québec","period":"201708","sourceUrl":"https://open.canada.ca/data/en/dataset/490db619-ab58-4a2a-a245-2376ce1840de","sourceTitle":"Renewable Energy Power Plants, 1 MW or more","licence":"Open Government Licence - Canada","vintage":"201708"}},{"type":"Feature","geometry":{"type":"Point","coordinates":[-76.23819,45.47519]},"properties":{"id":"nacei-6322","kind":"plant","cat":"hydro","name":"Chats Fall / Chute-des-Chats","province":"Québec","place":"Pontiac","mw":192,"renewMw":192,"totalMw":192,"hydroMw":192,"pumpedMw":0,"solarMw":0,"windMw":0,"geoMw":0,"bioMw":0,"tidalMw":0,"owner":"Ontario Power Generation/Hydro-Electric Power Commission of Ontario","operator":"Ontario Power Generation/Hydro-Electric Power Commission of Ontario","agency":"OPG","period":"201708","sourceUrl":"https://open.canada.ca/data/en/dataset/490db619-ab58-4a2a-a245-2376ce1840de","sourceTitle":"Renewable Energy Power Plants, 1 MW or more","licence":"Open Government Licence - Canada","vintage":"201708"}},{"type":"Feature","geometry":{"type":"Point","coordinates":[-121.56505,55.72349]},"properties":{"id":"nacei-6323","kind":"plant","cat":"biomass","name":"Chetwynd","province":"British Columbia","place":"Chetwynd","mw":12,"renewMw":12,"totalMw":12,"hydroMw":0,"pumpedMw":0,"solarMw":0,"windMw":0,"geoMw":0,"bioMw":12,"tidalMw":0,"owner":"","operator":"West Fraser Mills Ltd","agency":"BC Hydro IPP supply","period":"201704","sourceUrl":"https://open.canada.ca/data/en/dataset/490db619-ab58-4a2a-a245-2376ce1840de","sourceTitle":"Renewable Energy Power Plants, 1 MW or more","licence":"Open Government Licence - Canada","vintage":"201704"}},{"type":"Feature","geometry":{"type":"Point","coordinates":[-80.44864,47.83995]},"properties":{"id":"nacei-6324","kind":"plant","cat":"hydro","name":"Chute","province":"Ontario","place":"Matachewan","mw":3,"renewMw":3,"totalMw":3,"hydroMw":3,"pumpedMw":0,"solarMw":0,"windMw":0,"geoMw":0,"bioMw":0,"tidalMw":0,"owner":"Hydro-Electric Power Commission of Ontario","operator":"Hydro-Electric Power Commission of Ontario","agency":"OPG","period":"201708","sourceUrl":"https://open.canada.ca/data/en/dataset/490db619-ab58-4a2a-a245-2376ce1840de","sourceTitle":"Renewable Energy Power Plants, 1 MW or more","licence":"Open Government Licence - Canada","vintage":"201708"}},{"type":"Feature","geometry":{"type":"Point","coordinates":[-70.88104,47.30062]},"properties":{"id":"nacei-6325","kind":"plant","cat":"wind","name":"Côte-de-Beaupré","province":"Québec","place":"Saint-Tite-des-Caps","mw":23.5,"renewMw":23.5,"totalMw":23.5,"hydroMw":0,"pumpedMw":0,"solarMw":0,"windMw":23.5,"geoMw":0,"bioMw":0,"tidalMw":0,"owner":"Boralex","operator":"Boralex","agency":"CanWEA","period":"201612","sourceUrl":"https://open.canada.ca/data/en/dataset/490db619-ab58-4a2a-a245-2376ce1840de","sourceTitle":"Renewable Energy Power Plants, 1 MW or more","licence":"Open Government Licence - Canada","vintage":"201612"}},{"type":"Feature","geometry":{"type":"Point","coordinates":[-114.71509,49.64739]},"properties":{"id":"nacei-6326","kind":"plant","cat":"other","name":"Crowsnest Pass ERG","province":"British Columbia","place":"Sparwood","mw":11,"renewMw":11,"totalMw":11,"hydroMw":0,"pumpedMw":0,"solarMw":0,"windMw":0,"geoMw":0,"bioMw":0,"tidalMw":0,"owner":"","operator":"Kensington Crowsnest Power LP","agency":"BC Hydro IPP supply","period":"201704","sourceUrl":"https://open.canada.ca/data/en/dataset/490db619-ab58-4a2a-a245-2376ce1840de","sourceTitle":"Renewable Energy Power Plants, 1 MW or more","licence":"Open Government Licence - Canada","vintage":"201704"}},{"type":"Feature","geometry":{"type":"Point","coordinates":[-123.15989,49.87718]},"properties":{"id":"nacei-6327","kind":"plant","cat":"hydro","name":"Culliton Creek","province":"British Columbia","place":"Squamish","mw":15,"renewMw":15,"totalMw":15,"hydroMw":15,"pumpedMw":0,"solarMw":0,"windMw":0,"geoMw":0,"bioMw":0,"tidalMw":0,"owner":"","operator":"Culliton Creek Power LP","agency":"BC Hydro IPP supply","period":"201704","sourceUrl":"https://open.canada.ca/data/en/dataset/490db619-ab58-4a2a-a245-2376ce1840de","sourceTitle":"Renewable Energy Power Plants, 1 MW or more","licence":"Open Government Licence - Canada","vintage":"201704"}},{"type":"Feature","geometry":{"type":"Point","coordinates":[-128.91485,54.38348]},"properties":{"id":"nacei-6328","kind":"plant","cat":"hydro","name":"Dasque","province":"British Columbia","place":"Terrace","mw":12,"renewMw":12,"totalMw":12,"hydroMw":12,"pumpedMw":0,"solarMw":0,"windMw":0,"geoMw":0,"bioMw":0,"tidalMw":0,"owner":"","operator":"Sun Power 2 Partnership","agency":"BC Hydro IPP supply","period":"201704","sourceUrl":"https://open.canada.ca/data/en/dataset/490db619-ab58-4a2a-a245-2376ce1840de","sourceTitle":"Renewable Energy Power Plants, 1 MW or more","licence":"Open Government Licence - Canada","vintage":"201704"}},{"type":"Feature","geometry":{"type":"Point","coordinates":[-125.27553,49.29643]},"properties":{"id":"nacei-6329","kind":"plant","cat":"hydro","name":"Doran Taylor","province":"British Columbia","place":"Port Alberni","mw":6,"renewMw":6,"totalMw":6,"hydroMw":6,"pumpedMw":0,"solarMw":0,"windMw":0,"geoMw":0,"bioMw":0,"tidalMw":0,"owner":"","operator":"Doran Taylor Hydro (JV)","agency":"BC Hydro IPP supply","period":"201704","sourceUrl":"https://open.canada.ca/data/en/dataset/490db619-ab58-4a2a-a245-2376ce1840de","sourceTitle":"Renewable Energy Power Plants, 1 MW or more","licence":"Open Government Licence - Canada","vintage":"201704"}},{"type":"Feature","geometry":{"type":"Point","coordinates":[-64.0276,44.93159]},"properties":{"id":"nacei-6330","kind":"plant","cat":"wind","name":"Ellershouse Wind Farm","province":"Nova Scotia","place":"Ellershouse","mw":16.4,"renewMw":16.4,"totalMw":16.4,"hydroMw":0,"pumpedMw":0,"solarMw":0,"windMw":16.4,"geoMw":0,"bioMw":0,"tidalMw":0,"owner":"Alternative Resource Energy Authority","operator":"Alternative Resource Energy Authority","agency":"CanWEA","period":"201612","sourceUrl":"https://open.canada.ca/data/en/dataset/490db619-ab58-4a2a-a245-2376ce1840de","sourceTitle":"Renewable Energy Power Plants, 1 MW or more","licence":"Open Government Licence - Canada","vintage":"201612"}},{"type":"Feature","geometry":{"type":"Point","coordinates":[-80.43288,43.68087]},"properties":{"id":"nacei-6331","kind":"plant","cat":"hydro","name":"Elora","province":"Ontario","place":"Elora","mw":1,"renewMw":1,"totalMw":1,"hydroMw":1,"pumpedMw":0,"solarMw":0,"windMw":0,"geoMw":0,"bioMw":0,"tidalMw":0,"owner":"2405489 Ontario Inc","operator":"2405489 Ontario Inc","agency":"IESO","period":"201703","sourceUrl":"https://open.canada.ca/data/en/dataset/490db619-ab58-4a2a-a245-2376ce1840de","sourceTitle":"Renewable Energy Power Plants, 1 MW or more","licence":"Open Government Licence - Canada","vintage":"201703"}},{"type":"Feature","geometry":{"type":"Point","coordinates":[-124.74839,54.06733]},"properties":{"id":"nacei-6332","kind":"plant","cat":"biomass","name":"Fraser Lake Biomass","province":"British Columbia","place":"Fraser Lake","mw":12,"renewMw":12,"totalMw":12,"hydroMw":0,"pumpedMw":0,"solarMw":0,"windMw":0,"geoMw":0,"bioMw":12,"tidalMw":0,"owner":"West Fraser Mills Ltd","operator":"West Fraser Mills Ltd","agency":"BC Hydro IPP supply","period":"201704","sourceUrl":"https://open.canada.ca/data/en/dataset/490db619-ab58-4a2a-a245-2376ce1840de","sourceTitle":"Renewable Energy Power Plants, 1 MW or more","licence":"Open Government Licence - Canada","vintage":"201704"}},{"type":"Feature","geometry":{"type":"Point","coordinates":[-60.08389,46.195]},"properties":{"id":"nacei-6333","kind":"plant","cat":"wind","name":"Gardiner Mines (Cape Breton University)","province":"Nova Scotia","place":"","mw":5.4,"renewMw":5.4,"totalMw":5.4,"hydroMw":0,"pumpedMw":0,"solarMw":0,"windMw":5.4,"geoMw":0,"bioMw":0,"tidalMw":0,"owner":"Gardner Mines Wind Farm LP","operator":"Gardner Mines Wind Farm LP","agency":"CanWEA","period":"201612","sourceUrl":"https://open.canada.ca/data/en/dataset/490db619-ab58-4a2a-a245-2376ce1840de","sourceTitle":"Renewable Energy Power Plants, 1 MW or more","licence":"Open Government Licence - Canada","vintage":"201612"}},{"type":"Feature","geometry":{"type":"Point","coordinates":[-80.289,44.314]},"properties":{"id":"nacei-6334","kind":"plant","cat":"wind","name":"Grey Highlands Zero Emission People (Zep)","province":"Ontario","place":"Feversham","mw":10,"renewMw":10,"totalMw":10,"hydroMw":0,"pumpedMw":0,"solarMw":0,"windMw":10,"geoMw":0,"bioMw":0,"tidalMw":0,"owner":"Capstone Infrastructure Corp 50%","operator":"Capstone Infrastructure Corp","agency":"CanWEA","period":"201612","sourceUrl":"https://open.canada.ca/data/en/dataset/490db619-ab58-4a2a-a245-2376ce1840de","sourceTitle":"Renewable Energy Power Plants, 1 MW or more","licence":"Open Government Licence - Canada","vintage":"201612"}},{"type":"Feature","geometry":{"type":"Point","coordinates":[-65.46148,49.18097]},"properties":{"id":"nacei-6335","kind":"plant","cat":"wind","name":"Gros Morne I","province":"Québec","place":"","mw":100.5,"renewMw":100.5,"totalMw":100.5,"hydroMw":0,"pumpedMw":0,"solarMw":0,"windMw":100.5,"geoMw":0,"bioMw":0,"tidalMw":0,"owner":"Innergex Inc (38%) / TransCanada (42%)","operator":"","agency":"CanWEA","period":"201612","sourceUrl":"https://open.canada.ca/data/en/dataset/490db619-ab58-4a2a-a245-2376ce1840de","sourceTitle":"Renewable Energy Power Plants, 1 MW or more","licence":"Open Government Licence - Canada","vintage":"201612"}},{"type":"Feature","geometry":{"type":"Point","coordinates":[-125.38367,49.24792]},"properties":{"id":"nacei-6336","kind":"plant","cat":"hydro","name":"Haa-ak-suuk Creek Hydro","province":"British Columbia","place":"Ucluelet","mw":6,"renewMw":6,"totalMw":6,"hydroMw":6,"pumpedMw":0,"solarMw":0,"windMw":0,"geoMw":0,"bioMw":0,"tidalMw":0,"owner":"Haa-ak-suuk Creek Hydro LP","operator":"","agency":"BC Hydro IPP supply","period":"201704","sourceUrl":"https://open.canada.ca/data/en/dataset/490db619-ab58-4a2a-a245-2376ce1840de","sourceTitle":"Renewable Energy Power Plants, 1 MW or more","licence":"Open Government Licence - Canada","vintage":"201704"}},{"type":"Feature","geometry":{"type":"Point","coordinates":[-63.51776,45.08919]},"properties":{"id":"nacei-6337","kind":"plant","cat":"wind","name":"Hardwood Lands Community Wind Project","province":"Nova Scotia","place":"Shubenacadie","mw":6,"renewMw":6,"totalMw":6,"hydroMw":0,"pumpedMw":0,"solarMw":0,"windMw":6,"geoMw":0,"bioMw":0,"tidalMw":0,"owner":"WEB Windenergie AG","operator":"WEB Windenergie AG","agency":"CanWEA","period":"201612","sourceUrl":"https://open.canada.ca/data/en/dataset/490db619-ab58-4a2a-a245-2376ce1840de","sourceTitle":"Renewable Energy Power Plants, 1 MW or more","licence":"Open Government Licence - Canada","vintage":"201612"}},{"type":"Feature","geometry":{"type":"Point","coordinates":[-119.45618,52.93417]},"properties":{"id":"nacei-6338","kind":"plant","cat":"hydro","name":"Hauer Creek","province":"British Columbia","place":"Valemount","mw":2,"renewMw":2,"totalMw":2,"hydroMw":2,"pumpedMw":0,"solarMw":0,"windMw":0,"geoMw":0,"bioMw":0,"tidalMw":0,"owner":"","operator":"Hauer Creek Power Inc","agency":"BC Hydro IPP supply","period":"201704","sourceUrl":"https://open.canada.ca/data/en/dataset/490db619-ab58-4a2a-a245-2376ce1840de","sourceTitle":"Renewable Energy Power Plants, 1 MW or more","licence":"Open Government Licence - Canada","vintage":"201704"}},{"type":"Feature","geometry":{"type":"Point","coordinates":[-123.05682,50.82821]},"properties":{"id":"nacei-6339","kind":"plant","cat":"hydro","name":"Jamie Creek","province":"British Columbia","place":"Gold Bridge","mw":21,"renewMw":21,"totalMw":21,"hydroMw":21,"pumpedMw":0,"solarMw":0,"windMw":0,"geoMw":0,"bioMw":0,"tidalMw":0,"owner":"Jamie Creek LP","operator":"Jamie Creek LP","agency":"BC Hydro IPP supply","period":"201704","sourceUrl":"https://open.canada.ca/data/en/dataset/490db619-ab58-4a2a-a245-2376ce1840de","sourceTitle":"Renewable Energy Power Plants, 1 MW or more","licence":"Open Government Licence - Canada","vintage":"201704"}},{"type":"Feature","geometry":{"type":"Point","coordinates":[-124.02489,50.60401]},"properties":{"id":"nacei-6340","kind":"plant","cat":"hydro","name":"Jimmie Creek (Upper Toba Valley)","province":"British Columbia","place":"Powell River","mw":62,"renewMw":62,"totalMw":62,"hydroMw":62,"pumpedMw":0,"solarMw":0,"windMw":0,"geoMw":0,"bioMw":0,"tidalMw":0,"owner":"","operator":"Jimmie Creek LP","agency":"BC Hydro IPP supply","period":"201704","sourceUrl":"https://open.canada.ca/data/en/dataset/490db619-ab58-4a2a-a245-2376ce1840de","sourceTitle":"Renewable Energy Power Plants, 1 MW or more","licence":"Open Government Licence - Canada","vintage":"201704"}},{"type":"Feature","geometry":{"type":"Point","coordinates":[-63.60982,44.53716]},"properties":{"id":"nacei-6341","kind":"plant","cat":"wind","name":"Ketch Harbour Wind Power Project","province":"Nova Scotia","place":"Harrietsfield","mw":4.6,"renewMw":4.6,"totalMw":4.6,"hydroMw":0,"pumpedMw":0,"solarMw":0,"windMw":4.6,"geoMw":0,"bioMw":0,"tidalMw":0,"owner":"Watts Wind","operator":"Watts Wind","agency":"CanWEA","period":"201612","sourceUrl":"https://open.canada.ca/data/en/dataset/490db619-ab58-4a2a-a245-2376ce1840de","sourceTitle":"Renewable Energy Power Plants, 1 MW or more","licence":"Open Government Licence - Canada","vintage":"201612"}},{"type":"Feature","geometry":{"type":"Point","coordinates":[-64.62892,49.07976]},"properties":{"id":"nacei-6342","kind":"plant","cat":"wind","name":"L'Anse-à-Valleau","province":"Québec","place":"Gaspe","mw":100.5,"renewMw":100.5,"totalMw":100.5,"hydroMw":0,"pumpedMw":0,"solarMw":0,"windMw":100.5,"geoMw":0,"bioMw":0,"tidalMw":0,"owner":"Cartier Wind Energy","operator":"Cartier Wind Energy","agency":"CanWEA","period":"201612","sourceUrl":"https://open.canada.ca/data/en/dataset/490db619-ab58-4a2a-a245-2376ce1840de","sourceTitle":"Renewable Energy Power Plants, 1 MW or more","licence":"Open Government Licence - Canada","vintage":"201612"}},{"type":"Feature","geometry":{"type":"Point","coordinates":[-66.75732,49.06731]},"properties":{"id":"nacei-6343","kind":"plant","cat":"wind","name":"Le Nordais (Phase 1 - Cap Chat)","province":"Québec","place":"Petit-Fonds","mw":56.3,"renewMw":56.3,"totalMw":56.3,"hydroMw":0,"pumpedMw":0,"solarMw":0,"windMw":56.3,"geoMw":0,"bioMw":0,"tidalMw":0,"owner":"Transalta","operator":"Transalta","agency":"CanWEA","period":"201612","sourceUrl":"https://open.canada.ca/data/en/dataset/490db619-ab58-4a2a-a245-2376ce1840de","sourceTitle":"Renewable Energy Power Plants, 1 MW or more","licence":"Open Government Licence - Canada","vintage":"201612"}},{"type":"Feature","geometry":{"type":"Point","coordinates":[-121.60125,49.32771]},"properties":{"id":"nacei-6344","kind":"plant","cat":"hydro","name":"Lorenzetta Creek","province":"British Columbia","place":"Laidlaw","mw":3,"renewMw":3,"totalMw":3,"hydroMw":3,"pumpedMw":0,"solarMw":0,"windMw":0,"geoMw":0,"bioMw":0,"tidalMw":0,"owner":"Zella Holdings Ltd","operator":"Zella Holdings Ltd","agency":"BC Hydro IPP supply","period":"201704","sourceUrl":"https://open.canada.ca/data/en/dataset/490db619-ab58-4a2a-a245-2376ce1840de","sourceTitle":"Renewable Energy Power Plants, 1 MW or more","licence":"Open Government Licence - Canada","vintage":"201704"}},{"type":"Feature","geometry":{"type":"Point","coordinates":[-125.35686,49.23421]},"properties":{"id":"nacei-6345","kind":"plant","cat":"hydro","name":"Marion 3 Creek","province":"British Columbia","place":"Port Alberni","mw":5,"renewMw":5,"totalMw":5,"hydroMw":5,"pumpedMw":0,"solarMw":0,"windMw":0,"geoMw":0,"bioMw":0,"tidalMw":0,"owner":"","operator":"Marion Creek Hydro Inc","agency":"BC Hydro IPP supply","period":"201704","sourceUrl":"https://open.canada.ca/data/en/dataset/490db619-ab58-4a2a-a245-2376ce1840de","sourceTitle":"Renewable Energy Power Plants, 1 MW or more","licence":"Open Government Licence - Canada","vintage":"201704"}},{"type":"Feature","geometry":{"type":"Point","coordinates":[-120.3754,53.36868]},"properties":{"id":"nacei-6346","kind":"plant","cat":"hydro","name":"McIntosh Creek","province":"British Columbia","place":"McBride","mw":1,"renewMw":1,"totalMw":1,"hydroMw":1,"pumpedMw":0,"solarMw":0,"windMw":0,"geoMw":0,"bioMw":0,"tidalMw":0,"owner":"Snowshoe Power Ltd","operator":"Snowshoe Power Ltd","agency":"BC Hydro IPP supply","period":"201704","sourceUrl":"https://open.canada.ca/data/en/dataset/490db619-ab58-4a2a-a245-2376ce1840de","sourceTitle":"Renewable Energy Power Plants, 1 MW or more","licence":"Open Government Licence - Canada","vintage":"201704"}},{"type":"Feature","geometry":{"type":"Point","coordinates":[-130.79745,56.6872]},"properties":{"id":"nacei-6347","kind":"plant","cat":"hydro","name":"McLymont Creek","province":"British Columbia","place":"Stewart","mw":66,"renewMw":66,"totalMw":66,"hydroMw":66,"pumpedMw":0,"solarMw":0,"windMw":0,"geoMw":0,"bioMw":0,"tidalMw":0,"owner":"","operator":"Coast Mountain Hydro LP","agency":"BC Hydro IPP supply","period":"201704","sourceUrl":"https://open.canada.ca/data/en/dataset/490db619-ab58-4a2a-a245-2376ce1840de","sourceTitle":"Renewable Energy Power Plants, 1 MW or more","licence":"Open Government Licence - Canada","vintage":"201704"}},{"type":"Feature","geometry":{"type":"Point","coordinates":[-121.46906,55.28556]},"properties":{"id":"nacei-6348","kind":"plant","cat":"wind","name":"Meikle Wind","province":"British Columbia","place":"Tumbler Ridge","mw":185,"renewMw":185,"totalMw":185,"hydroMw":0,"pumpedMw":0,"solarMw":0,"windMw":185,"geoMw":0,"bioMw":0,"tidalMw":0,"owner":"","operator":"Meikle Wind Energy LP","agency":"BC Hydro IPP supply","period":"201704","sourceUrl":"https://open.canada.ca/data/en/dataset/490db619-ab58-4a2a-a245-2376ce1840de","sourceTitle":"Renewable Energy Power Plants, 1 MW or more","licence":"Open Government Licence - Canada","vintage":"201704"}},{"type":"Feature","geometry":{"type":"Point","coordinates":[-128.88515,54.37871]},"properties":{"id":"nacei-6349","kind":"plant","cat":"hydro","name":"Middle","province":"British Columbia","place":"Terrace","mw":8,"renewMw":8,"totalMw":8,"hydroMw":8,"pumpedMw":0,"solarMw":0,"windMw":0,"geoMw":0,"bioMw":0,"tidalMw":0,"owner":"","operator":"Sun Power 2 Partnership","agency":"BC Hydro IPP supply","period":"201704","sourceUrl":"https://open.canada.ca/data/en/dataset/490db619-ab58-4a2a-a245-2376ce1840de","sourceTitle":"Renewable Energy Power Plants, 1 MW or more","licence":"Open Government Licence - Canada","vintage":"201704"}},{"type":"Feature","geometry":{"type":"Point","coordinates":[-65.52714,48.93995]},"properties":{"id":"nacei-6350","kind":"plant","cat":"wind","name":"Mont Copper","province":"Québec","place":"Murdochville","mw":54,"renewMw":54,"totalMw":54,"hydroMw":0,"pumpedMw":0,"solarMw":0,"windMw":54,"geoMw":0,"bioMw":0,"tidalMw":0,"owner":"NextEra Energy","operator":"NextEra Energy","agency":"CanWEA","period":"201612","sourceUrl":"https://open.canada.ca/data/en/dataset/490db619-ab58-4a2a-a245-2376ce1840de","sourceTitle":"Renewable Energy Power Plants, 1 MW or more","licence":"Open Government Licence - Canada","vintage":"201612"}},{"type":"Feature","geometry":{"type":"Point","coordinates":[-65.37961,48.97201]},"properties":{"id":"nacei-6351","kind":"plant","cat":"wind","name":"Mont Rothery","province":"Québec","place":"Murdochville","mw":74,"renewMw":74,"totalMw":74,"hydroMw":0,"pumpedMw":0,"solarMw":0,"windMw":74,"geoMw":0,"bioMw":0,"tidalMw":0,"owner":"EDF Energies Nouvelles 50%","operator":"EDF Renewable Services","agency":"CanWEA","period":"201612","sourceUrl":"https://open.canada.ca/data/en/dataset/490db619-ab58-4a2a-a245-2376ce1840de","sourceTitle":"Renewable Energy Power Plants, 1 MW or more","licence":"Open Government Licence - Canada","vintage":"201612"}},{"type":"Feature","geometry":{"type":"Point","coordinates":[-64.94175,49.17804]},"properties":{"id":"nacei-6352","kind":"plant","cat":"wind","name":"Montagne-Sèche","province":"Québec","place":"Cloridorme","mw":58.5,"renewMw":58.5,"totalMw":58.5,"hydroMw":0,"pumpedMw":0,"solarMw":0,"windMw":58.5,"geoMw":0,"bioMw":0,"tidalMw":0,"owner":"Innergex Inc (38%) / TransCanada (42%)","operator":"","agency":"CanWEA","period":"201612","sourceUrl":"https://open.canada.ca/data/en/dataset/490db619-ab58-4a2a-a245-2376ce1840de","sourceTitle":"Renewable Energy Power Plants, 1 MW or more","licence":"Open Government Licence - Canada","vintage":"201612"}},{"type":"Feature","geometry":{"type":"Point","coordinates":[-65.65021,49.18183]},"properties":{"id":"nacei-6353","kind":"plant","cat":"wind","name":"Mont-Louis","province":"Québec","place":"Mont-Louis","mw":100.5,"renewMw":100.5,"totalMw":100.5,"hydroMw":0,"pumpedMw":0,"solarMw":0,"windMw":100.5,"geoMw":0,"bioMw":0,"tidalMw":0,"owner":"Northland Power","operator":"Northland Power","agency":"CanWEA","period":"201612","sourceUrl":"https://open.canada.ca/data/en/dataset/490db619-ab58-4a2a-a245-2376ce1840de","sourceTitle":"Renewable Energy Power Plants, 1 MW or more","licence":"Open Government Licence - Canada","vintage":"201612"}},{"type":"Feature","geometry":{"type":"Point","coordinates":[-120.10928,49.92561]},"properties":{"id":"nacei-6354","kind":"plant","cat":"wind","name":"Pennask","province":"British Columbia","place":"Westbank","mw":15,"renewMw":15,"totalMw":15,"hydroMw":0,"pumpedMw":0,"solarMw":0,"windMw":15,"geoMw":0,"bioMw":0,"tidalMw":0,"owner":"Zero Emissions Pennask","operator":"","agency":"BC Hydro IPP supply","period":"201704","sourceUrl":"https://open.canada.ca/data/en/dataset/490db619-ab58-4a2a-a245-2376ce1840de","sourceTitle":"Renewable Energy Power Plants, 1 MW or more","licence":"Open Government Licence - Canada","vintage":"201704"}},{"type":"Feature","geometry":{"type":"Point","coordinates":[-81.52265,49.962]},"properties":{"id":"nacei-6355","kind":"plant","cat":"hydro","name":"Peter Sutherlan Sr.","province":"Ontario","place":"","mw":28,"renewMw":28,"totalMw":28,"hydroMw":28,"pumpedMw":0,"solarMw":0,"windMw":0,"geoMw":0,"bioMw":0,"tidalMw":0,"owner":"Coral Rapids Power, OPG","operator":"Coral Rapids Power, OPG","agency":"OPG","period":"201708","sourceUrl":"https://open.canada.ca/data/en/dataset/490db619-ab58-4a2a-a245-2376ce1840de","sourceTitle":"Renewable Energy Power Plants, 1 MW or more","licence":"Open Government Licence - Canada","vintage":"201708"}},{"type":"Feature","geometry":{"type":"Point","coordinates":[-72.92745,45.967]},"properties":{"id":"nacei-6356","kind":"plant","cat":"wind","name":"Pierre-De Saurel","province":"Québec","place":"Pierre-De Saurel","mw":24.6,"renewMw":24.6,"totalMw":24.6,"hydroMw":0,"pumpedMw":0,"solarMw":0,"windMw":24.6,"geoMw":0,"bioMw":0,"tidalMw":0,"owner":"Pierre-De Saurel MCR","operator":"Pierre-De Saurel MCR","agency":"CanWEA","period":"201612","sourceUrl":"https://open.canada.ca/data/en/dataset/490db619-ab58-4a2a-a245-2376ce1840de","sourceTitle":"Renewable Energy Power Plants, 1 MW or more","licence":"Open Government Licence - Canada","vintage":"201612"}},{"type":"Feature","geometry":{"type":"Point","coordinates":[-60.31998,46.322]},"properties":{"id":"nacei-6357","kind":"plant","cat":"wind","name":"Point Aconi Wind Project","province":"Nova Scotia","place":"Point Aconi","mw":1.9,"renewMw":1.9,"totalMw":1.9,"hydroMw":0,"pumpedMw":0,"solarMw":0,"windMw":1.9,"geoMw":0,"bioMw":0,"tidalMw":0,"owner":"Celtic Current","operator":"Celtic Current","agency":"CanWEA","period":"201612","sourceUrl":"https://open.canada.ca/data/en/dataset/490db619-ab58-4a2a-a245-2376ce1840de","sourceTitle":"Renewable Energy Power Plants, 1 MW or more","licence":"Open Government Licence - Canada","vintage":"201612"}},{"type":"Feature","geometry":{"type":"Point","coordinates":[-63.35692,44.725]},"properties":{"id":"nacei-6358","kind":"plant","cat":"wind","name":"Porters Lake Wind Power Project","province":"Nova Scotia","place":"Lake Echo","mw":3.2,"renewMw":3.2,"totalMw":3.2,"hydroMw":0,"pumpedMw":0,"solarMw":0,"windMw":3.2,"geoMw":0,"bioMw":0,"tidalMw":0,"owner":"Watts Wind","operator":"Watts Wind","agency":"CanWEA","period":"201612","sourceUrl":"https://open.canada.ca/data/en/dataset/490db619-ab58-4a2a-a245-2376ce1840de","sourceTitle":"Renewable Energy Power Plants, 1 MW or more","licence":"Open Government Licence - Canada","vintage":"201612"}},{"type":"Feature","geometry":{"type":"Point","coordinates":[-67.43876,48.13808]},"properties":{"id":"nacei-6359","kind":"plant","cat":"wind","name":"Roncevaux","province":"Québec","place":"Causapscal","mw":74.8,"renewMw":74.8,"totalMw":74.8,"hydroMw":0,"pumpedMw":0,"solarMw":0,"windMw":74.8,"geoMw":0,"bioMw":0,"tidalMw":0,"owner":"Invenergy Wind LLC","operator":"Invenergy Wind LLC","agency":"CanWEA","period":"201612","sourceUrl":"https://open.canada.ca/data/en/dataset/490db619-ab58-4a2a-a245-2376ce1840de","sourceTitle":"Renewable Energy Power Plants, 1 MW or more","licence":"Open Government Licence - Canada","vintage":"201612"}},{"type":"Feature","geometry":{"type":"Point","coordinates":[-70.35658,46.65941]},"properties":{"id":"nacei-6360","kind":"plant","cat":"wind","name":"Saint-Philémon","province":"Québec","place":"Saint-Philémon","mw":24,"renewMw":24,"totalMw":24,"hydroMw":0,"pumpedMw":0,"solarMw":0,"windMw":24,"geoMw":0,"bioMw":0,"tidalMw":0,"owner":"Capstone (51%)","operator":"Capstone","agency":"CanWEA","period":"201612","sourceUrl":"https://open.canada.ca/data/en/dataset/490db619-ab58-4a2a-a245-2376ce1840de","sourceTitle":"Renewable Energy Power Plants, 1 MW or more","licence":"Open Government Licence - Canada","vintage":"201612"}},{"type":"Feature","geometry":{"type":"Point","coordinates":[-121.88012,49.33262]},"properties":{"id":"nacei-6361","kind":"plant","cat":"hydro","name":"Sakwi Creek","province":"British Columbia","place":"Agassiz","mw":6,"renewMw":6,"totalMw":6,"hydroMw":6,"pumpedMw":0,"solarMw":0,"windMw":0,"geoMw":0,"bioMw":0,"tidalMw":0,"owner":"Sakwi Creek Hydro LP","operator":"","agency":"BC Hydro IPP supply","period":"201704","sourceUrl":"https://open.canada.ca/data/en/dataset/490db619-ab58-4a2a-a245-2376ce1840de","sourceTitle":"Renewable Energy Power Plants, 1 MW or more","licence":"Open Government Licence - Canada","vintage":"201704"}},{"type":"Feature","geometry":{"type":"Point","coordinates":[-120.85505,50.74875]},"properties":{"id":"nacei-6362","kind":"plant","cat":"other","name":"Savona ERG","province":"British Columbia","place":"Savona","mw":6,"renewMw":6,"totalMw":6,"hydroMw":0,"pumpedMw":0,"solarMw":0,"windMw":0,"geoMw":0,"bioMw":0,"tidalMw":0,"owner":"","operator":"EnPower Green Energy Generation LP","agency":"BC Hydro IPP supply","period":"201704","sourceUrl":"https://open.canada.ca/data/en/dataset/490db619-ab58-4a2a-a245-2376ce1840de","sourceTitle":"Renewable Energy Power Plants, 1 MW or more","licence":"Open Government Licence - Canada","vintage":"201704"}},{"type":"Feature","geometry":{"type":"Point","coordinates":[-78.65617,44.102]},"properties":{"id":"nacei-6363","kind":"plant","cat":"wind","name":"Settlers Landing","province":"Ontario","place":"Pontypool","mw":8,"renewMw":8,"totalMw":8,"hydroMw":0,"pumpedMw":0,"solarMw":0,"windMw":8,"geoMw":0,"bioMw":0,"tidalMw":0,"owner":"Settlers Landing Wind Development Joint Venture","operator":"Settlers Landing Wind Development Joint Venture","agency":"IESO","period":"201703","sourceUrl":"https://open.canada.ca/data/en/dataset/490db619-ab58-4a2a-a245-2376ce1840de","sourceTitle":"Renewable Energy Power Plants, 1 MW or more","licence":"Open Government Licence - Canada","vintage":"201703"}},{"type":"Feature","geometry":{"type":"Point","coordinates":[-120.12221,49.66018]},"properties":{"id":"nacei-6364","kind":"plant","cat":"wind","name":"Shinish Creek Wind Farm","province":"British Columbia","place":"Summerland","mw":15,"renewMw":15,"totalMw":15,"hydroMw":0,"pumpedMw":0,"solarMw":0,"windMw":15,"geoMw":0,"bioMw":0,"tidalMw":0,"owner":"","operator":"Zero Emissions Shinish Creek LP","agency":"BC Hydro IPP supply","period":"201704","sourceUrl":"https://open.canada.ca/data/en/dataset/490db619-ab58-4a2a-a245-2376ce1840de","sourceTitle":"Renewable Energy Power Plants, 1 MW or more","licence":"Open Government Licence - Canada","vintage":"201704"}},{"type":"Feature","geometry":{"type":"Point","coordinates":[-122.99557,49.72047]},"properties":{"id":"nacei-6365","kind":"plant","cat":"hydro","name":"Skookum Power (Mamquam Skookum)","province":"British Columbia","place":"Squamish","mw":25,"renewMw":25,"totalMw":25,"hydroMw":25,"pumpedMw":0,"solarMw":0,"windMw":0,"geoMw":0,"bioMw":0,"tidalMw":0,"owner":"","operator":"Skookum Creek Power Partnership","agency":"BC Hydro IPP supply","period":"201704","sourceUrl":"https://open.canada.ca/data/en/dataset/490db619-ab58-4a2a-a245-2376ce1840de","sourceTitle":"Renewable Energy Power Plants, 1 MW or more","licence":"Open Government Licence - Canada","vintage":"201704"}},{"type":"Feature","geometry":{"type":"Point","coordinates":[-122.97762,50.28423]},"properties":{"id":"nacei-6366","kind":"plant","cat":"hydro","name":"Soo River 2","province":"British Columbia","place":"Whistler","mw":13,"renewMw":13,"totalMw":13,"hydroMw":13,"pumpedMw":0,"solarMw":0,"windMw":0,"geoMw":0,"bioMw":0,"tidalMw":0,"owner":"","operator":"","agency":"BC Hydro IPP supply","period":"201704","sourceUrl":"https://open.canada.ca/data/en/dataset/490db619-ab58-4a2a-a245-2376ce1840de","sourceTitle":"Renewable Energy Power Plants, 1 MW or more","licence":"Open Government Licence - Canada","vintage":"201704"}},{"type":"Feature","geometry":{"type":"Point","coordinates":[-125.30921,49.28761]},"properties":{"id":"nacei-6367","kind":"plant","cat":"hydro","name":"South Sutton Creek","province":"British Columbia","place":"Port Alberni","mw":5,"renewMw":5,"totalMw":5,"hydroMw":5,"pumpedMw":0,"solarMw":0,"windMw":0,"geoMw":0,"bioMw":0,"tidalMw":0,"owner":"South Sutton Creek Hydro Inc","operator":"South Sutton Creek Hydro Inc","agency":"BC Hydro IPP supply","period":"201704","sourceUrl":"https://open.canada.ca/data/en/dataset/490db619-ab58-4a2a-a245-2376ce1840de","sourceTitle":"Renewable Energy Power Plants, 1 MW or more","licence":"Open Government Licence - Canada","vintage":"201704"}},{"type":"Feature","geometry":{"type":"Point","coordinates":[-80.7472,44.102]},"properties":{"id":"nacei-6368","kind":"plant","cat":"solar","name":"Southgate Solar","province":"Ontario","place":"Holstein","mw":50,"renewMw":50,"totalMw":50,"hydroMw":0,"pumpedMw":0,"solarMw":50,"windMw":0,"geoMw":0,"bioMw":0,"tidalMw":0,"owner":"Southgate Solar LP","operator":"","agency":"IESO","period":"201703","sourceUrl":"https://open.canada.ca/data/en/dataset/490db619-ab58-4a2a-a245-2376ce1840de","sourceTitle":"Renewable Energy Power Plants, 1 MW or more","licence":"Open Government Licence - Canada","vintage":"201703"}},{"type":"Feature","geometry":{"type":"Point","coordinates":[-123.26138,49.6761]},"properties":{"id":"nacei-6369","kind":"plant","cat":"hydro","name":"Squamish Power Project","province":"British Columbia","place":"Squamish","mw":1,"renewMw":1,"totalMw":1,"hydroMw":1,"pumpedMw":0,"solarMw":0,"windMw":0,"geoMw":0,"bioMw":0,"tidalMw":0,"owner":"Woodfibre LNG Ltd","operator":"Woodfibre LNG Ltd","agency":"BC Hydro IPP supply","period":"201704","sourceUrl":"https://open.canada.ca/data/en/dataset/490db619-ab58-4a2a-a245-2376ce1840de","sourceTitle":"Renewable Energy Power Plants, 1 MW or more","licence":"Open Government Licence - Canada","vintage":"201704"}},{"type":"Feature","geometry":{"type":"Point","coordinates":[-69.12245,47.63625]},"properties":{"id":"nacei-6370","kind":"plant","cat":"wind","name":"Témiscouata 1","province":"Québec","place":"Saint-Honoré-de-Témiscouata","mw":23.5,"renewMw":23.5,"totalMw":23.5,"hydroMw":0,"pumpedMw":0,"solarMw":0,"windMw":23.5,"geoMw":0,"bioMw":0,"tidalMw":0,"owner":"Boralex","operator":"Boralex","agency":"CanWEA","period":"201612","sourceUrl":"https://open.canada.ca/data/en/dataset/490db619-ab58-4a2a-a245-2376ce1840de","sourceTitle":"Renewable Energy Power Plants, 1 MW or more","licence":"Open Government Licence - Canada","vintage":"201612"}},{"type":"Feature","geometry":{"type":"Point","coordinates":[-69.12961,47.62115]},"properties":{"id":"nacei-6371","kind":"plant","cat":"wind","name":"Témiscouata 2","province":"Québec","place":"Saint-Honoré-de-Témiscouata","mw":51.7,"renewMw":51.7,"totalMw":51.7,"hydroMw":0,"pumpedMw":0,"solarMw":0,"windMw":51.7,"geoMw":0,"bioMw":0,"tidalMw":0,"owner":"Boralex","operator":"Boralex","agency":"CanWEA","period":"201612","sourceUrl":"https://open.canada.ca/data/en/dataset/490db619-ab58-4a2a-a245-2376ce1840de","sourceTitle":"Renewable Energy Power Plants, 1 MW or more","licence":"Open Government Licence - Canada","vintage":"201612"}},{"type":"Feature","geometry":{"type":"Point","coordinates":[-123.68575,49.83708]},"properties":{"id":"nacei-6372","kind":"plant","cat":"hydro","name":"Tyson Creek","province":"British Columbia","place":"Sechelt","mw":9,"renewMw":9,"totalMw":9,"hydroMw":9,"pumpedMw":0,"solarMw":0,"windMw":0,"geoMw":0,"bioMw":0,"tidalMw":0,"owner":"","operator":"Tyson Creek Hydro Power Corp","agency":"BC Hydro IPP supply","period":"201704","sourceUrl":"https://open.canada.ca/data/en/dataset/490db619-ab58-4a2a-a245-2376ce1840de","sourceTitle":"Renewable Energy Power Plants, 1 MW or more","licence":"Open Government Licence - Canada","vintage":"201704"}},{"type":"Feature","geometry":{"type":"Point","coordinates":[-123.44764,50.657]},"properties":{"id":"nacei-6373","kind":"plant","cat":"hydro","name":"Upper Lillooet River","province":"British Columbia","place":"Squamish-Lillooet","mw":81.4,"renewMw":81.4,"totalMw":81.4,"hydroMw":81.4,"pumpedMw":0,"solarMw":0,"windMw":0,"geoMw":0,"bioMw":0,"tidalMw":0,"owner":"Innergex (66.7%) / Ledcor Power Group (33.3%)","operator":"Innergex (66.7%) / Ledcor Power Group (33.3%)","agency":"Innergex","period":"201708","sourceUrl":"https://open.canada.ca/data/en/dataset/490db619-ab58-4a2a-a245-2376ce1840de","sourceTitle":"Renewable Energy Power Plants, 1 MW or more","licence":"Open Government Licence - Canada","vintage":"201708"}},{"type":"Feature","geometry":{"type":"Point","coordinates":[-67.14079,48.31718]},"properties":{"id":"nacei-6374","kind":"plant","cat":"wind","name":"Vents du Kempt","province":"Québec","place":"Ste-Marguerite-Marie","mw":101.1,"renewMw":101.1,"totalMw":101.1,"hydroMw":0,"pumpedMw":0,"solarMw":0,"windMw":101.1,"geoMw":0,"bioMw":0,"tidalMw":0,"owner":"Le Club Éolectric (51%)","operator":"Le Club Éolectric (51%)","agency":"CanWEA","period":"201612","sourceUrl":"https://open.canada.ca/data/en/dataset/490db619-ab58-4a2a-a245-2376ce1840de","sourceTitle":"Renewable Energy Power Plants, 1 MW or more","licence":"Open Government Licence - Canada","vintage":"201612"}},{"type":"Feature","geometry":{"type":"Point","coordinates":[-130.5977,56.72891]},"properties":{"id":"nacei-6375","kind":"plant","cat":"hydro","name":"Volcano Creek","province":"British Columbia","place":"Stewart","mw":18,"renewMw":18,"totalMw":18,"hydroMw":18,"pumpedMw":0,"solarMw":0,"windMw":0,"geoMw":0,"bioMw":0,"tidalMw":0,"owner":"","operator":"Coast Mountain Hydro LP","agency":"BC Hydro IPP supply","period":"201704","sourceUrl":"https://open.canada.ca/data/en/dataset/490db619-ab58-4a2a-a245-2376ce1840de","sourceTitle":"Renewable Energy Power Plants, 1 MW or more","licence":"Open Government Licence - Canada","vintage":"201704"}},{"type":"Feature","geometry":{"type":"Point","coordinates":[-63.9688,45.197]},"properties":{"id":"nacei-6376","kind":"plant","cat":"wind","name":"Walton Community Wind Project","province":"Nova Scotia","place":"Walton","mw":2,"renewMw":2,"totalMw":2,"hydroMw":0,"pumpedMw":0,"solarMw":0,"windMw":2,"geoMw":0,"bioMw":0,"tidalMw":0,"owner":"Scotian Wind Fields","operator":"Scotian Wind Fields","agency":"CanWEA","period":"201612","sourceUrl":"https://open.canada.ca/data/en/dataset/490db619-ab58-4a2a-a245-2376ce1840de","sourceTitle":"Renewable Energy Power Plants, 1 MW or more","licence":"Open Government Licence - Canada","vintage":"201612"}},{"type":"Feature","geometry":{"type":"Point","coordinates":[-82.93513,42.281]},"properties":{"id":"nacei-6377","kind":"plant","cat":"solar","name":"Windsor Airport SF","province":"Ontario","place":"Windsor","mw":50,"renewMw":50,"totalMw":50,"hydroMw":0,"pumpedMw":0,"solarMw":50,"windMw":0,"geoMw":0,"bioMw":0,"tidalMw":0,"owner":"Windsor Solar LP","operator":"Windsor Solar LP","agency":"IESO","period":"201703","sourceUrl":"https://open.canada.ca/data/en/dataset/490db619-ab58-4a2a-a245-2376ce1840de","sourceTitle":"Renewable Energy Power Plants, 1 MW or more","licence":"Open Government Licence - Canada","vintage":"201703"}},{"type":"Feature","geometry":{"type":"Point","coordinates":[-61.8666,47.38333]},"properties":{"id":"rced-1","kind":"remote","cat":"remote-fossil","name":"Les Îles-de-la-Madeleine","altName":"Magdalen Islands","province":"QC","mw":67.044,"population":12475,"mainPower":"Heavy fuel oil","fossilKw":67044,"renewableKw":0,"annualFossilMwh":181648,"fuelPrice":0.7,"fuelUnits":"$/l","roadAccess":"No","flyIn":"No","provider":"Hydro-Quebec","indigenous":"Non-indigenous","communityType":"Settlement","status":"Active > Multi-community local microgrid","sourceUrl":"https://open.canada.ca/data/en/dataset/0e76433c-7aeb-46dc-a019-11db10ee28dd","sourceTitle":"Remote Communities Energy Database","licence":"Open Government Licence - Canada","vintage":"2018"}},{"type":"Feature","geometry":{"type":"Point","coordinates":[-127.7,52.35]},"properties":{"id":"rced-2","kind":"remote","cat":"remote-hydro","name":"Ocean Falls","altName":"","province":"BC","mw":10,"population":203,"mainPower":"Hydro","fossilKw":0,"renewableKw":10000,"annualFossilMwh":0,"fuelPrice":null,"fuelUnits":"","roadAccess":"No","flyIn":"No","provider":"BC Hydro","indigenous":"Non-indigenous","communityType":"Settlement","status":"Active > Multi-community local microgrid","sourceUrl":"https://open.canada.ca/data/en/dataset/0e76433c-7aeb-46dc-a019-11db10ee28dd","sourceTitle":"Remote Communities Energy Database","licence":"Open Government Licence - Canada","vintage":"2018"}},{"type":"Feature","geometry":{"type":"Point","coordinates":[-135.08,60.75]},"properties":{"id":"rced-3","kind":"remote","cat":"remote-grid","name":"Whitehorse 8","altName":"","province":"YT","mw":0,"population":0,"mainPower":"Prov./terr. grid","fossilKw":0,"renewableKw":0,"annualFossilMwh":0,"fuelPrice":0.33,"fuelUnits":"$/l","roadAccess":"Yes","flyIn":"No","provider":"Yukon Energy Corp.","indigenous":"First Nation","communityType":"Settlement","status":"Active > Grid connected: Yukon or NWT grid","sourceUrl":"https://open.canada.ca/data/en/dataset/0e76433c-7aeb-46dc-a019-11db10ee28dd","sourceTitle":"Remote Communities Energy Database","licence":"Open Government Licence - Canada","vintage":"2018"}},{"type":"Feature","geometry":{"type":"Point","coordinates":[-128.14548,52.16034]},"properties":{"id":"rced-4","kind":"remote","cat":"remote-hydro","name":"Bella Bella","altName":"Bella Bella 1","province":"BC","mw":4.9,"population":1019,"mainPower":"Hydro","fossilKw":4900,"renewableKw":0,"annualFossilMwh":982.8699999999993,"fuelPrice":null,"fuelUnits":"","roadAccess":"No","flyIn":"No","provider":"BC Hydro","indigenous":"First Nation","communityType":"Settlement","status":"Active > Multi-community local microgrid","sourceUrl":"https://open.canada.ca/data/en/dataset/0e76433c-7aeb-46dc-a019-11db10ee28dd","sourceTitle":"Remote Communities Energy Database","licence":"Open Government Licence - Canada","vintage":"2018"}},{"type":"Feature","geometry":{"type":"Point","coordinates":[-128.14361,52.16167]},"properties":{"id":"rced-5","kind":"remote","cat":"remote-hydro","name":"Wagisla","altName":"","province":"BC","mw":0,"population":0,"mainPower":"Hydro","fossilKw":0,"renewableKw":0,"annualFossilMwh":0,"fuelPrice":null,"fuelUnits":"","roadAccess":"No","flyIn":"No","provider":"BC Hydro","indigenous":"First Nation","communityType":"Settlement","status":"Active > Multi-community local microgrid","sourceUrl":"https://open.canada.ca/data/en/dataset/0e76433c-7aeb-46dc-a019-11db10ee28dd","sourceTitle":"Remote Communities Energy Database","licence":"Open Government Licence - Canada","vintage":"2018"}},{"type":"Feature","geometry":{"type":"Point","coordinates":[-128.08,52.13]},"properties":{"id":"rced-6","kind":"remote","cat":"remote-hydro","name":"Shearwater","altName":"","province":"BC","mw":0,"population":50,"mainPower":"Hydro","fossilKw":0,"renewableKw":0,"annualFossilMwh":0,"fuelPrice":null,"fuelUnits":"","roadAccess":"No","flyIn":"No","provider":"BC Hydro","indigenous":"Non-indigenous","communityType":"Settlement","status":"Active > Multi-community local microgrid","sourceUrl":"https://open.canada.ca/data/en/dataset/0e76433c-7aeb-46dc-a019-11db10ee28dd","sourceTitle":"Remote Communities Energy Database","licence":"Open Government Licence - Canada","vintage":"2018"}},{"type":"Feature","geometry":{"type":"Point","coordinates":[-126.75579,52.37146]},"properties":{"id":"rced-7","kind":"remote","cat":"remote-hydro","name":"Bella Coola","altName":"Bella Coola 1","province":"BC","mw":9.25,"population":807,"mainPower":"Hydro","fossilKw":9250,"renewableKw":0,"annualFossilMwh":7938.840000000001,"fuelPrice":null,"fuelUnits":"","roadAccess":"Yes","flyIn":"No","provider":"BC Hydro","indigenous":"First Nation","communityType":"Settlement","status":"Active > Multi-community local microgrid","sourceUrl":"https://open.canada.ca/data/en/dataset/0e76433c-7aeb-46dc-a019-11db10ee28dd","sourceTitle":"Remote Communities Energy Database","licence":"Open Government Licence - Canada","vintage":"2018"}},{"type":"Feature","geometry":{"type":"Point","coordinates":[-126.29223,52.4427]},"properties":{"id":"rced-8","kind":"remote","cat":"remote-hydro","name":"Firvale","altName":"","province":"BC","mw":0,"population":0,"mainPower":"Hydro","fossilKw":0,"renewableKw":0,"annualFossilMwh":0,"fuelPrice":null,"fuelUnits":"","roadAccess":"","flyIn":"","provider":"BC Hydro","indigenous":"Non-indigenous","communityType":"Settlement","status":"Active > Multi-community local microgrid","sourceUrl":"https://open.canada.ca/data/en/dataset/0e76433c-7aeb-46dc-a019-11db10ee28dd","sourceTitle":"Remote Communities Energy Database","licence":"Open Government Licence - Canada","vintage":"2018"}},{"type":"Feature","geometry":{"type":"Point","coordinates":[-126.55,52.38]},"properties":{"id":"rced-9","kind":"remote","cat":"remote-hydro","name":"Hagensborg","altName":"","province":"BC","mw":0,"population":256,"mainPower":"Hydro","fossilKw":0,"renewableKw":0,"annualFossilMwh":0,"fuelPrice":null,"fuelUnits":"","roadAccess":"Yes","flyIn":"No","provider":"BC Hydro","indigenous":"Non-indigenous","communityType":"Settlement","status":"Active > Multi-community local microgrid","sourceUrl":"https://open.canada.ca/data/en/dataset/0e76433c-7aeb-46dc-a019-11db10ee28dd","sourceTitle":"Remote Communities Energy Database","licence":"Open Government Licence - Canada","vintage":"2018"}},{"type":"Feature","geometry":{"type":"Point","coordinates":[-132.13806,54.01]},"properties":{"id":"rced-10","kind":"remote","cat":"remote-fossil","name":"Masset","altName":"Old Masset","province":"BC","mw":13.095,"population":793,"mainPower":"Diesel","fossilKw":13095,"renewableKw":0,"annualFossilMwh":26433,"fuelPrice":null,"fuelUnits":"","roadAccess":"No","flyIn":"No","provider":"BC Hydro","indigenous":"Non-indigenous","communityType":"Settlement","status":"Active > Multi-community local microgrid","sourceUrl":"https://open.canada.ca/data/en/dataset/0e76433c-7aeb-46dc-a019-11db10ee28dd","sourceTitle":"Remote Communities Energy Database","licence":"Open Government Licence - Canada","vintage":"2018"}},{"type":"Feature","geometry":{"type":"Point","coordinates":[-132.1362,54.00797]},"properties":{"id":"rced-11","kind":"remote","cat":"remote-fossil","name":"Old Masset","altName":"Masset 1","province":"BC","mw":0,"population":555,"mainPower":"Diesel","fossilKw":0,"renewableKw":0,"annualFossilMwh":0,"fuelPrice":null,"fuelUnits":"","roadAccess":"No","flyIn":"No","provider":"BC Hydro","indigenous":"First Nation","communityType":"Settlement","status":"Active > Multi-community local microgrid","sourceUrl":"https://open.canada.ca/data/en/dataset/0e76433c-7aeb-46dc-a019-11db10ee28dd","sourceTitle":"Remote Communities Energy Database","licence":"Open Government Licence - Canada","vintage":"2018"}},{"type":"Feature","geometry":{"type":"Point","coordinates":[-132.18,53.68]},"properties":{"id":"rced-12","kind":"remote","cat":"remote-fossil","name":"Port Clements","altName":"","province":"BC","mw":0,"population":555,"mainPower":"Diesel","fossilKw":0,"renewableKw":0,"annualFossilMwh":0,"fuelPrice":null,"fuelUnits":"","roadAccess":"No","flyIn":"No","provider":"BC Hydro","indigenous":"Non-indigenous","communityType":"Settlement","status":"Active > Multi-community local microgrid","sourceUrl":"https://open.canada.ca/data/en/dataset/0e76433c-7aeb-46dc-a019-11db10ee28dd","sourceTitle":"Remote Communities Energy Database","licence":"Open Government Licence - Canada","vintage":"2018"}},{"type":"Feature","geometry":{"type":"Point","coordinates":[-132.08,53.25]},"properties":{"id":"rced-13","kind":"remote","cat":"remote-hydro","name":"Queen Charlotte","altName":"Queen Charlotte City","province":"BC","mw":0,"population":852,"mainPower":"Hydro","fossilKw":0,"renewableKw":0,"annualFossilMwh":0,"fuelPrice":null,"fuelUnits":"","roadAccess":"No","flyIn":"No","provider":"BC Hydro","indigenous":"Non-indigenous","communityType":"Settlement","status":"Active > Multi-community local microgrid","sourceUrl":"https://open.canada.ca/data/en/dataset/0e76433c-7aeb-46dc-a019-11db10ee28dd","sourceTitle":"Remote Communities Energy Database","licence":"Open Government Licence - Canada","vintage":"2018"}},{"type":"Feature","geometry":{"type":"Point","coordinates":[-131.81667,53.23333]},"properties":{"id":"rced-14","kind":"remote","cat":"remote-hydro","name":"Sandspit","altName":"","province":"BC","mw":10.15,"population":296,"mainPower":"Hydro","fossilKw":10150,"renewableKw":0,"annualFossilMwh":5507.200000000001,"fuelPrice":null,"fuelUnits":"","roadAccess":"No","flyIn":"No","provider":"BC Hydro","indigenous":"Non-indigenous","communityType":"Settlement","status":"Active > Multi-community local microgrid","sourceUrl":"https://open.canada.ca/data/en/dataset/0e76433c-7aeb-46dc-a019-11db10ee28dd","sourceTitle":"Remote Communities Energy Database","licence":"Open Government Licence - Canada","vintage":"2018"}},{"type":"Feature","geometry":{"type":"Point","coordinates":[-132.01162,53.24816]},"properties":{"id":"rced-15","kind":"remote","cat":"remote-hydro","name":"Skidegate Landing","altName":"","province":"BC","mw":0,"population":837,"mainPower":"Hydro","fossilKw":0,"renewableKw":0,"annualFossilMwh":0,"fuelPrice":null,"fuelUnits":"","roadAccess":"No","flyIn":"No","provider":"BC Hydro","indigenous":"First Nation","communityType":"Settlement","status":"Active > Multi-community local microgrid","sourceUrl":"https://open.canada.ca/data/en/dataset/0e76433c-7aeb-46dc-a019-11db10ee28dd","sourceTitle":"Remote Communities Energy Database","licence":"Open Government Licence - Canada","vintage":"2018"}},{"type":"Feature","geometry":{"type":"Point","coordinates":[-131.93,53.57]},"properties":{"id":"rced-16","kind":"remote","cat":"remote-hydro","name":"Tlell","altName":"","province":"BC","mw":0,"population":539,"mainPower":"Hydro","fossilKw":0,"renewableKw":0,"annualFossilMwh":0,"fuelPrice":null,"fuelUnits":"","roadAccess":"No","flyIn":"No","provider":"BC Hydro","indigenous":"Non-indigenous","communityType":"Settlement","status":"Active > Multi-community local microgrid","sourceUrl":"https://open.canada.ca/data/en/dataset/0e76433c-7aeb-46dc-a019-11db10ee28dd","sourceTitle":"Remote Communities Energy Database","licence":"Open Government Licence - Canada","vintage":"2018"}},{"type":"Feature","geometry":{"type":"Point","coordinates":[-125.3,52.45]},"properties":{"id":"rced-17","kind":"remote","cat":"remote-fossil","name":"Anahim Lake","altName":"Ulkatcho 14A","province":"BC","mw":3.55,"population":82,"mainPower":"Diesel","fossilKw":3550,"renewableKw":0,"annualFossilMwh":6649,"fuelPrice":null,"fuelUnits":"","roadAccess":"Yes","flyIn":"No","provider":"BC Hydro","indigenous":"First Nation","communityType":"Settlement","status":"Active > Single community off-grid","sourceUrl":"https://open.canada.ca/data/en/dataset/0e76433c-7aeb-46dc-a019-11db10ee28dd","sourceTitle":"Remote Communities Energy Database","licence":"Open Government Licence - Canada","vintage":"2018"}},{"type":"Feature","geometry":{"type":"Point","coordinates":[-133.7,59.56667]},"properties":{"id":"rced-18","kind":"remote","cat":"remote-hydro","name":"Atlin","altName":"","province":"BC","mw":0,"population":450,"mainPower":"Hydro","fossilKw":0,"renewableKw":0,"annualFossilMwh":347.70000000000033,"fuelPrice":null,"fuelUnits":"","roadAccess":"Yes","flyIn":"No","provider":"BC Hydro","indigenous":"First Nation","communityType":"Settlement","status":"Active > Single community off-grid","sourceUrl":"https://open.canada.ca/data/en/dataset/0e76433c-7aeb-46dc-a019-11db10ee28dd","sourceTitle":"Remote Communities Energy Database","licence":"Open Government Licence - Canada","vintage":"2018"}},{"type":"Feature","geometry":{"type":"Point","coordinates":[-125.55799,51.00101]},"properties":{"id":"rced-20","kind":"remote","cat":"remote-fossil","name":"Da'naxda'xw First Nation","altName":"Da'naxda'xw;Awaetlala;Sim Creek;Dead Point 5","province":"BC","mw":0,"population":19,"mainPower":"Diesel","fossilKw":0,"renewableKw":0,"annualFossilMwh":0,"fuelPrice":null,"fuelUnits":"","roadAccess":"No","flyIn":"No","provider":"Independent","indigenous":"First Nation","communityType":"Settlement","status":"Active > Single community off-grid","sourceUrl":"https://open.canada.ca/data/en/dataset/0e76433c-7aeb-46dc-a019-11db10ee28dd","sourceTitle":"Remote Communities Energy Database","licence":"Open Government Licence - Canada","vintage":"2018"}},{"type":"Feature","geometry":{"type":"Point","coordinates":[-130.03333,58.46667]},"properties":{"id":"rced-21","kind":"remote","cat":"remote-hydro","name":"Dease Lake","altName":"","province":"BC","mw":0,"population":335,"mainPower":"Hydro","fossilKw":0,"renewableKw":0,"annualFossilMwh":0,"fuelPrice":null,"fuelUnits":"","roadAccess":"Yes","flyIn":"No","provider":"BC Hydro","indigenous":"Non-Indigenous","communityType":"Settlement","status":"Active > Single community off-grid","sourceUrl":"https://open.canada.ca/data/en/dataset/0e76433c-7aeb-46dc-a019-11db10ee28dd","sourceTitle":"Remote Communities Energy Database","licence":"Open Government Licence - Canada","vintage":"2018"}},{"type":"Feature","geometry":{"type":"Point","coordinates":[-126.17808,50.9733]},"properties":{"id":"rced-22","kind":"remote","cat":"remote-fossil","name":"Quaee 7","altName":"Tsawataineuk/ Quaee 7","province":"BC","mw":0,"population":90,"mainPower":"Diesel","fossilKw":0,"renewableKw":0,"annualFossilMwh":0,"fuelPrice":null,"fuelUnits":"","roadAccess":"No","flyIn":"No","provider":"Independent","indigenous":"First Nation","communityType":"Settlement","status":"Active > Single community off-grid","sourceUrl":"https://open.canada.ca/data/en/dataset/0e76433c-7aeb-46dc-a019-11db10ee28dd","sourceTitle":"Remote Communities Energy Database","licence":"Open Government Licence - Canada","vintage":"2018"}},{"type":"Feature","geometry":{"type":"Point","coordinates":[-125.62705,57.42844]},"properties":{"id":"rced-24","kind":"remote","cat":"remote-fossil","name":"Kwadacha","altName":"Fort Ware;Fort Ware 1","province":"BC","mw":2.115,"population":332,"mainPower":"Diesel","fossilKw":1800,"renewableKw":315,"annualFossilMwh":2963,"fuelPrice":null,"fuelUnits":"","roadAccess":"Yes","flyIn":"No","provider":"BC Hydro","indigenous":"First Nation","communityType":"Settlement","status":"Active > Single community off-grid","sourceUrl":"https://open.canada.ca/data/en/dataset/0e76433c-7aeb-46dc-a019-11db10ee28dd","sourceTitle":"Remote Communities Energy Database","licence":"Open Government Licence - Canada","vintage":"2018"}},{"type":"Feature","geometry":{"type":"Point","coordinates":[-129.22314,59.1847]},"properties":{"id":"rced-25","kind":"remote","cat":"remote-fossil","name":"Good Hope Lake","altName":"Dease River","province":"BC","mw":0.622,"population":0,"mainPower":"Diesel","fossilKw":622,"renewableKw":0,"annualFossilMwh":1060,"fuelPrice":null,"fuelUnits":"","roadAccess":"Yes","flyIn":"No","provider":"BC Hydro","indigenous":"First Nation","communityType":"Settlement","status":"Active > Single community off-grid","sourceUrl":"https://open.canada.ca/data/en/dataset/0e76433c-7aeb-46dc-a019-11db10ee28dd","sourceTitle":"Remote Communities Energy Database","licence":"Open Government Licence - Canada","vintage":"2018"}},{"type":"Feature","geometry":{"type":"Point","coordinates":[-129.625,59.25833]},"properties":{"id":"rced-26","kind":"remote","cat":"remote-fossil","name":"Jade City","altName":"","province":"BC","mw":0,"population":30,"mainPower":"Diesel","fossilKw":0,"renewableKw":0,"annualFossilMwh":0,"fuelPrice":null,"fuelUnits":"","roadAccess":"Yes","flyIn":"No","provider":"BC Hydro","indigenous":"Non-indigenous","communityType":"Settlement","status":"Active > Single community off-grid","sourceUrl":"https://open.canada.ca/data/en/dataset/0e76433c-7aeb-46dc-a019-11db10ee28dd","sourceTitle":"Remote Communities Energy Database","licence":"Open Government Licence - Canada","vintage":"2018"}},{"type":"Feature","geometry":{"type":"Point","coordinates":[-126.81999,50.92442]},"properties":{"id":"rced-27","kind":"remote","cat":"remote-fossil","name":"Gwawaenuk","altName":"Kwa-wa-aineuk;Hopetown;Hopetown 10A","province":"BC","mw":0,"population":16,"mainPower":"Diesel","fossilKw":0,"renewableKw":0,"annualFossilMwh":0,"fuelPrice":null,"fuelUnits":"","roadAccess":"No","flyIn":"No","provider":"Independent","indigenous":"First Nation","communityType":"Settlement","status":"Active > Single community off-grid","sourceUrl":"https://open.canada.ca/data/en/dataset/0e76433c-7aeb-46dc-a019-11db10ee28dd","sourceTitle":"Remote Communities Energy Database","licence":"Open Government Licence - Canada","vintage":"2018"}},{"type":"Feature","geometry":{"type":"Point","coordinates":[-129.25979,53.42442]},"properties":{"id":"rced-28","kind":"remote","cat":"remote-fossil","name":"Kulkayu","altName":"Gitga’at;Hartley Bay","province":"BC","mw":1.095,"population":68,"mainPower":"Diesel","fossilKw":1095,"renewableKw":0,"annualFossilMwh":1673,"fuelPrice":null,"fuelUnits":"","roadAccess":"No","flyIn":"No","provider":"BC Hydro","indigenous":"First Nation","communityType":"Settlement","status":"Active > Single community off-grid","sourceUrl":"https://open.canada.ca/data/en/dataset/0e76433c-7aeb-46dc-a019-11db10ee28dd","sourceTitle":"Remote Communities Energy Database","licence":"Open Government Licence - Canada","vintage":"2018"}},{"type":"Feature","geometry":{"type":"Point","coordinates":[-126.27292,49.36658]},"properties":{"id":"rced-29","kind":"remote","cat":"remote-fossil","name":"Hesquiaht","altName":"Refuge Cove 6;Hesquiaht","province":"BC","mw":0.15,"population":44,"mainPower":"Diesel","fossilKw":150,"renewableKw":0,"annualFossilMwh":0,"fuelPrice":0.41,"fuelUnits":"$/l","roadAccess":"No","flyIn":"No","provider":"Independent","indigenous":"First Nation","communityType":"Settlement","status":"Active > Single community off-grid","sourceUrl":"https://open.canada.ca/data/en/dataset/0e76433c-7aeb-46dc-a019-11db10ee28dd","sourceTitle":"Remote Communities Energy Database","licence":"Open Government Licence - Canada","vintage":"2018"}},{"type":"Feature","geometry":{"type":"Point","coordinates":[-128.53205,52.58909]},"properties":{"id":"rced-31","kind":"remote","cat":"remote-hydro","name":"Klemtu","altName":"Kitasoo","province":"BC","mw":25,"population":292,"mainPower":"Hydro","fossilKw":0,"renewableKw":25000,"annualFossilMwh":0,"fuelPrice":null,"fuelUnits":"","roadAccess":"No","flyIn":"No","provider":"Independent","indigenous":"First Nation","communityType":"Settlement","status":"Active > Single community off-grid","sourceUrl":"https://open.canada.ca/data/en/dataset/0e76433c-7aeb-46dc-a019-11db10ee28dd","sourceTitle":"Remote Communities Energy Database","licence":"Open Government Licence - Canada","vintage":"2018"}},{"type":"Feature","geometry":{"type":"Point","coordinates":[-126.59799,50.69502]},"properties":{"id":"rced-32","kind":"remote","cat":"remote-fossil","name":"Kwikwasut'inuxw Haxwa'mis","altName":"Gwayasdums;Gwayasdums 1","province":"BC","mw":0.225,"population":27,"mainPower":"Diesel","fossilKw":225,"renewableKw":0,"annualFossilMwh":0,"fuelPrice":null,"fuelUnits":"","roadAccess":"No","flyIn":"No","provider":"Independent","indigenous":"First Nation","communityType":"Settlement","status":"Active > Single community off-grid","sourceUrl":"https://open.canada.ca/data/en/dataset/0e76433c-7aeb-46dc-a019-11db10ee28dd","sourceTitle":"Remote Communities Energy Database","licence":"Open Government Licence - Canada","vintage":"2018"}},{"type":"Feature","geometry":{"type":"Point","coordinates":[-124.49322,53.09324]},"properties":{"id":"rced-33","kind":"remote","cat":"remote-fossil","name":"Kluskus","altName":"Lhoosk' uz Dene Nation","province":"BC","mw":0.02,"population":32,"mainPower":"Diesel","fossilKw":20,"renewableKw":0,"annualFossilMwh":0,"fuelPrice":null,"fuelUnits":"","roadAccess":"Yes","flyIn":"No","provider":"Independent","indigenous":"First Nation","communityType":"Settlement","status":"Active > Single community off-grid","sourceUrl":"https://open.canada.ca/data/en/dataset/0e76433c-7aeb-46dc-a019-11db10ee28dd","sourceTitle":"Remote Communities Energy Database","licence":"Open Government Licence - Canada","vintage":"2018"}},{"type":"Feature","geometry":{"type":"Point","coordinates":[-128.48639,59.92384]},"properties":{"id":"rced-34","kind":"remote","cat":"remote-fossil","name":"Liard First Nation","altName":"Liard River 3;Lower Post 3","province":"BC","mw":0.995,"population":81,"mainPower":"Diesel","fossilKw":995,"renewableKw":0,"annualFossilMwh":0,"fuelPrice":null,"fuelUnits":"","roadAccess":"Yes","flyIn":"No","provider":"BC Hydro/Yukon Electrical","indigenous":"First Nation","communityType":"Settlement","status":"Active > Single community off-grid","sourceUrl":"https://open.canada.ca/data/en/dataset/0e76433c-7aeb-46dc-a019-11db10ee28dd","sourceTitle":"Remote Communities Energy Database","licence":"Open Government Licence - Canada","vintage":"2018"}},{"type":"Feature","geometry":{"type":"Point","coordinates":[-127.1978,51.6802]},"properties":{"id":"rced-36","kind":"remote","cat":"remote-fossil","name":"Owikeno","altName":"Katit 1;Oweekeno;Rivers Inlet","province":"BC","mw":0.3,"population":90,"mainPower":"Diesel","fossilKw":300,"renewableKw":0,"annualFossilMwh":1400,"fuelPrice":0.506,"fuelUnits":"$/l","roadAccess":"No","flyIn":"No","provider":"Independent","indigenous":"First Nation","communityType":"Settlement","status":"Active > Single community off-grid","sourceUrl":"https://open.canada.ca/data/en/dataset/0e76433c-7aeb-46dc-a019-11db10ee28dd","sourceTitle":"Remote Communities Energy Database","licence":"Open Government Licence - Canada","vintage":"2018"}},{"type":"Feature","geometry":{"type":"Point","coordinates":[-131.16667,57.9]},"properties":{"id":"rced-42","kind":"remote","cat":"remote-fossil","name":"Telegraph Creek","altName":"Tahltan Nation","province":"BC","mw":1.8,"population":250,"mainPower":"Diesel","fossilKw":1800,"renewableKw":0,"annualFossilMwh":2612,"fuelPrice":null,"fuelUnits":"","roadAccess":"Yes","flyIn":"No","provider":"BC Hydro","indigenous":"First Nation","communityType":"Settlement","status":"Active > Single community off-grid","sourceUrl":"https://open.canada.ca/data/en/dataset/0e76433c-7aeb-46dc-a019-11db10ee28dd","sourceTitle":"Remote Communities Energy Database","licence":"Open Government Licence - Canada","vintage":"2018"}},{"type":"Feature","geometry":{"type":"Point","coordinates":[-127.9497,50.90894]},"properties":{"id":"rced-44","kind":"remote","cat":"remote-fossil","name":"Tlatlasikwala","altName":"Bull Harbour;Hope Island 1","province":"BC","mw":0.07,"population":30,"mainPower":"Diesel","fossilKw":70,"renewableKw":0,"annualFossilMwh":0,"fuelPrice":null,"fuelUnits":"","roadAccess":"No","flyIn":"No","provider":"Independent","indigenous":"First Nation","communityType":"Settlement","status":"Active > Single community off-grid","sourceUrl":"https://open.canada.ca/data/en/dataset/0e76433c-7aeb-46dc-a019-11db10ee28dd","sourceTitle":"Remote Communities Energy Database","licence":"Open Government Licence - Canada","vintage":"2018"}},{"type":"Feature","geometry":{"type":"Point","coordinates":[-125.23333,58.85]},"properties":{"id":"rced-45","kind":"remote","cat":"remote-fossil","name":"Toad River Area","altName":"","province":"BC","mw":0.622,"population":40,"mainPower":"Diesel","fossilKw":622,"renewableKw":0,"annualFossilMwh":754,"fuelPrice":null,"fuelUnits":"","roadAccess":"Yes","flyIn":"No","provider":"BC Hydro","indigenous":"Non-Indigenous","communityType":"Settlement","status":"Active > Single community off-grid","sourceUrl":"https://open.canada.ca/data/en/dataset/0e76433c-7aeb-46dc-a019-11db10ee28dd","sourceTitle":"Remote Communities Energy Database","licence":"Open Government Licence - Canada","vintage":"2018"}},{"type":"Feature","geometry":{"type":"Point","coordinates":[-124.60636,56.62216]},"properties":{"id":"rced-46","kind":"remote","cat":"remote-fossil","name":"Tsay Keh Dene","altName":"Finlay River","province":"BC","mw":1.095,"population":0,"mainPower":"Diesel","fossilKw":1095,"renewableKw":0,"annualFossilMwh":2119,"fuelPrice":null,"fuelUnits":"","roadAccess":"Yes","flyIn":"No","provider":"BC Hydro","indigenous":"First Nation","communityType":"Settlement","status":"Active > Single community off-grid","sourceUrl":"https://open.canada.ca/data/en/dataset/0e76433c-7aeb-46dc-a019-11db10ee28dd","sourceTitle":"Remote Communities Energy Database","licence":"Open Government Licence - Canada","vintage":"2018"}},{"type":"Feature","geometry":{"type":"Point","coordinates":[-125.04435,49.02085]},"properties":{"id":"rced-47","kind":"remote","cat":"remote-fossil","name":"Uchucklesaht","altName":"Elhlateese;Elhlateese 2","province":"BC","mw":0.219,"population":5,"mainPower":"Diesel","fossilKw":219,"renewableKw":0,"annualFossilMwh":2119,"fuelPrice":null,"fuelUnits":"","roadAccess":"No","flyIn":"No","provider":"BC Hydro","indigenous":"First Nation","communityType":"Settlement","status":"Active > Single community off-grid","sourceUrl":"https://open.canada.ca/data/en/dataset/0e76433c-7aeb-46dc-a019-11db10ee28dd","sourceTitle":"Remote Communities Energy Database","licence":"Open Government Licence - Canada","vintage":"2018"}},{"type":"Feature","geometry":{"type":"Point","coordinates":[-124.11276,51.41486]},"properties":{"id":"rced-48","kind":"remote","cat":"remote-fossil","name":"Xeni Gwet'in First Nation","altName":"Nemiah Valley;Chilco Lake;Lohbiee","province":"BC","mw":0.078,"population":197,"mainPower":"Diesel","fossilKw":78,"renewableKw":0,"annualFossilMwh":0,"fuelPrice":0.99,"fuelUnits":"$/l","roadAccess":"Yes","flyIn":"No","provider":"Independent","indigenous":"First Nation","communityType":"Settlement","status":"Active > Single community off-grid","sourceUrl":"https://open.canada.ca/data/en/dataset/0e76433c-7aeb-46dc-a019-11db10ee28dd","sourceTitle":"Remote Communities Energy Database","licence":"Open Government Licence - Canada","vintage":"2018"}},{"type":"Feature","geometry":{"type":"Point","coordinates":[-123.58333,49.66667]},"properties":{"id":"rced-52","kind":"remote","cat":"remote-fossil","name":"Sechelt Creek","altName":"","province":"BC","mw":0.125,"population":45,"mainPower":"Diesel","fossilKw":125,"renewableKw":0,"annualFossilMwh":0,"fuelPrice":0.34,"fuelUnits":"$/l","roadAccess":"No","flyIn":"No","provider":"Independent","indigenous":"Non-indigenous","communityType":"Settlement","status":"Active > Single community off-grid","sourceUrl":"https://open.canada.ca/data/en/dataset/0e76433c-7aeb-46dc-a019-11db10ee28dd","sourceTitle":"Remote Communities Energy Database","licence":"Open Government Licence - Canada","vintage":"2018"}},{"type":"Feature","geometry":{"type":"Point","coordinates":[-127.17,51.07]},"properties":{"id":"rced-53","kind":"remote","cat":"remote-fossil","name":"Seymour Inlet","altName":"","province":"BC","mw":0.125,"population":45,"mainPower":"Diesel","fossilKw":125,"renewableKw":0,"annualFossilMwh":0,"fuelPrice":0.36,"fuelUnits":"$/l","roadAccess":"No","flyIn":"No","provider":"Independent","indigenous":"Non-indigenous","communityType":"Settlement","status":"Active > Single community off-grid","sourceUrl":"https://open.canada.ca/data/en/dataset/0e76433c-7aeb-46dc-a019-11db10ee28dd","sourceTitle":"Remote Communities Energy Database","licence":"Open Government Licence - Canada","vintage":"2018"}},{"type":"Feature","geometry":{"type":"Point","coordinates":[-126.5,51.66667]},"properties":{"id":"rced-54","kind":"remote","cat":"remote-fossil","name":"Sheemahantt Conservancy","altName":"","province":"BC","mw":0.575,"population":0,"mainPower":"Diesel","fossilKw":575,"renewableKw":0,"annualFossilMwh":0,"fuelPrice":0.35,"fuelUnits":"$/l","roadAccess":"No","flyIn":"No","provider":"Independent","indigenous":"Non-indigenous","communityType":"Settlement","status":"Active > Single community off-grid","sourceUrl":"https://open.canada.ca/data/en/dataset/0e76433c-7aeb-46dc-a019-11db10ee28dd","sourceTitle":"Remote Communities Energy Database","licence":"Open Government Licence - Canada","vintage":"2018"}},{"type":"Feature","geometry":{"type":"Point","coordinates":[-126.5,51]},"properties":{"id":"rced-55","kind":"remote","cat":"remote-fossil","name":"Timfor","altName":"","province":"BC","mw":0.125,"population":45,"mainPower":"Diesel","fossilKw":125,"renewableKw":0,"annualFossilMwh":0,"fuelPrice":0.34,"fuelUnits":"$/l","roadAccess":"No","flyIn":"No","provider":"Independent","indigenous":"Non-indigenous","communityType":"Settlement","status":"Active > Single community off-grid","sourceUrl":"https://open.canada.ca/data/en/dataset/0e76433c-7aeb-46dc-a019-11db10ee28dd","sourceTitle":"Remote Communities Energy Database","licence":"Open Government Licence - Canada","vintage":"2018"}},{"type":"Feature","geometry":{"type":"Point","coordinates":[-125.63,50.78]},"properties":{"id":"rced-56","kind":"remote","cat":"remote-fossil","name":"Knight Inlet","altName":"","province":"BC","mw":0.125,"population":0,"mainPower":"Diesel","fossilKw":125,"renewableKw":0,"annualFossilMwh":0,"fuelPrice":0.344,"fuelUnits":"$/l","roadAccess":"No","flyIn":"No","provider":"Independent","indigenous":"Non-indigenous","communityType":"Settlement","status":"Active > Single community off-grid","sourceUrl":"https://open.canada.ca/data/en/dataset/0e76433c-7aeb-46dc-a019-11db10ee28dd","sourceTitle":"Remote Communities Energy Database","licence":"Open Government Licence - Canada","vintage":"2018"}},{"type":"Feature","geometry":{"type":"Point","coordinates":[-123.75,49.75]},"properties":{"id":"rced-57","kind":"remote","cat":"remote-fossil","name":"Narrows Inlet Logging Div","altName":"","province":"BC","mw":0.125,"population":45,"mainPower":"Diesel","fossilKw":125,"renewableKw":0,"annualFossilMwh":0,"fuelPrice":0.34,"fuelUnits":"$/l","roadAccess":"Yes","flyIn":"No","provider":"Independent","indigenous":"Non-indigenous","communityType":"Commercial","status":"Active > Single community off-grid","sourceUrl":"https://open.canada.ca/data/en/dataset/0e76433c-7aeb-46dc-a019-11db10ee28dd","sourceTitle":"Remote Communities Energy Database","licence":"Open Government Licence - Canada","vintage":"2018"}},{"type":"Feature","geometry":{"type":"Point","coordinates":[-124.93333,50.38333]},"properties":{"id":"rced-58","kind":"remote","cat":"remote-fossil","name":"Quatam River","altName":"","province":"BC","mw":0.125,"population":0,"mainPower":"Diesel","fossilKw":125,"renewableKw":0,"annualFossilMwh":0,"fuelPrice":0.34,"fuelUnits":"$/l","roadAccess":"No","flyIn":"No","provider":"Independent","indigenous":"Non-indigenous","communityType":"Settlement","status":"Active > Single community off-grid","sourceUrl":"https://open.canada.ca/data/en/dataset/0e76433c-7aeb-46dc-a019-11db10ee28dd","sourceTitle":"Remote Communities Energy Database","licence":"Open Government Licence - Canada","vintage":"2018"}},{"type":"Feature","geometry":{"type":"Point","coordinates":[-126.45,50.77]},"properties":{"id":"rced-59","kind":"remote","cat":"remote-fossil","name":"Scott Cove","altName":"","province":"BC","mw":0.125,"population":0,"mainPower":"Diesel","fossilKw":125,"renewableKw":0,"annualFossilMwh":0,"fuelPrice":0.36,"fuelUnits":"$/l","roadAccess":"No","flyIn":"No","provider":"Independent","indigenous":"Non-indigenous","communityType":"Settlement","status":"Active > Single community off-grid","sourceUrl":"https://open.canada.ca/data/en/dataset/0e76433c-7aeb-46dc-a019-11db10ee28dd","sourceTitle":"Remote Communities Energy Database","licence":"Open Government Licence - Canada","vintage":"2018"}},{"type":"Feature","geometry":{"type":"Point","coordinates":[-127.75,50.5]},"properties":{"id":"rced-60","kind":"remote","cat":"remote-fossil","name":"Cleagh Creek","altName":"","province":"BC","mw":0.125,"population":0,"mainPower":"Diesel","fossilKw":125,"renewableKw":0,"annualFossilMwh":0,"fuelPrice":0.357,"fuelUnits":"$/l","roadAccess":"No","flyIn":"No","provider":"Independent","indigenous":"Non-indigenous","communityType":"Settlement","status":"Active > Single community off-grid","sourceUrl":"https://open.canada.ca/data/en/dataset/0e76433c-7aeb-46dc-a019-11db10ee28dd","sourceTitle":"Remote Communities Energy Database","licence":"Open Government Licence - Canada","vintage":"2018"}},{"type":"Feature","geometry":{"type":"Point","coordinates":[-127.08333,50.91667]},"properties":{"id":"rced-61","kind":"remote","cat":"remote-fossil","name":"Drury Inlet","altName":"","province":"BC","mw":0.125,"population":0,"mainPower":"Diesel","fossilKw":125,"renewableKw":0,"annualFossilMwh":0,"fuelPrice":0.36,"fuelUnits":"$/l","roadAccess":"No","flyIn":"No","provider":"Independent","indigenous":"Non-indigenous","communityType":"Settlement","status":"Active > Single community off-grid","sourceUrl":"https://open.canada.ca/data/en/dataset/0e76433c-7aeb-46dc-a019-11db10ee28dd","sourceTitle":"Remote Communities Energy Database","licence":"Open Government Licence - Canada","vintage":"2018"}},{"type":"Feature","geometry":{"type":"Point","coordinates":[-126.83333,51.5]},"properties":{"id":"rced-64","kind":"remote","cat":"remote-fossil","name":"Machmell","altName":"Machmell River","province":"BC","mw":0.125,"population":0,"mainPower":"Diesel","fossilKw":125,"renewableKw":0,"annualFossilMwh":0,"fuelPrice":0.34,"fuelUnits":"$/l","roadAccess":"No","flyIn":"No","provider":"Independent","indigenous":"Non-indigenous","communityType":"Settlement","status":"Active > Single community off-grid","sourceUrl":"https://open.canada.ca/data/en/dataset/0e76433c-7aeb-46dc-a019-11db10ee28dd","sourceTitle":"Remote Communities Energy Database","licence":"Open Government Licence - Canada","vintage":"2018"}},{"type":"Feature","geometry":{"type":"Point","coordinates":[-126.61667,49.61667]},"properties":{"id":"rced-66","kind":"remote","cat":"remote-fossil","name":"Mooyah Bay","altName":"Mooya Bay","province":"BC","mw":0.125,"population":0,"mainPower":"Diesel","fossilKw":125,"renewableKw":0,"annualFossilMwh":0,"fuelPrice":0.34,"fuelUnits":"$/l","roadAccess":"No","flyIn":"No","provider":"Independent","indigenous":"Non-indigenous","communityType":"Settlement","status":"Active > Single community off-grid","sourceUrl":"https://open.canada.ca/data/en/dataset/0e76433c-7aeb-46dc-a019-11db10ee28dd","sourceTitle":"Remote Communities Energy Database","licence":"Open Government Licence - Canada","vintage":"2018"}},{"type":"Feature","geometry":{"type":"Point","coordinates":[-127.5,51.66667]},"properties":{"id":"rced-67","kind":"remote","cat":"remote-fossil","name":"Moses Inlet","altName":"","province":"BC","mw":0.1,"population":0,"mainPower":"Diesel","fossilKw":100,"renewableKw":0,"annualFossilMwh":0,"fuelPrice":0.35,"fuelUnits":"$/l","roadAccess":"No","flyIn":"No","provider":"Independent","indigenous":"Non-indigenous","communityType":"Settlement","status":"Active > Single community off-grid","sourceUrl":"https://open.canada.ca/data/en/dataset/0e76433c-7aeb-46dc-a019-11db10ee28dd","sourceTitle":"Remote Communities Energy Database","licence":"Open Government Licence - Canada","vintage":"2018"}},{"type":"Feature","geometry":{"type":"Point","coordinates":[-125.35,50.55]},"properties":{"id":"rced-68","kind":"remote","cat":"remote-fossil","name":"Phillips Arm","altName":"","province":"BC","mw":0.125,"population":0,"mainPower":"Diesel","fossilKw":125,"renewableKw":0,"annualFossilMwh":0,"fuelPrice":0.34,"fuelUnits":"$/l","roadAccess":"No","flyIn":"No","provider":"Independent","indigenous":"Non-indigenous","communityType":"Settlement","status":"Active > Single community off-grid","sourceUrl":"https://open.canada.ca/data/en/dataset/0e76433c-7aeb-46dc-a019-11db10ee28dd","sourceTitle":"Remote Communities Energy Database","licence":"Open Government Licence - Canada","vintage":"2018"}},{"type":"Feature","geometry":{"type":"Point","coordinates":[-122.66667,49.42]},"properties":{"id":"rced-69","kind":"remote","cat":"remote-fossil","name":"Pitt Lake","altName":"","province":"BC","mw":0.125,"population":0,"mainPower":"Diesel","fossilKw":125,"renewableKw":0,"annualFossilMwh":0,"fuelPrice":0.34,"fuelUnits":"$/l","roadAccess":"Yes","flyIn":"No","provider":"Independent","indigenous":"Non-indigenous","communityType":"Settlement","status":"Active > Single community off-grid","sourceUrl":"https://open.canada.ca/data/en/dataset/0e76433c-7aeb-46dc-a019-11db10ee28dd","sourceTitle":"Remote Communities Energy Database","licence":"Open Government Licence - Canada","vintage":"2018"}},{"type":"Feature","geometry":{"type":"Point","coordinates":[-126.6,50.69604]},"properties":{"id":"rced-70","kind":"remote","cat":"remote-fossil","name":"Gilford Island","altName":"Gwa’yas’dums, Gwayadums 1","province":"BC","mw":0.045,"population":30,"mainPower":"Diesel","fossilKw":45,"renewableKw":0,"annualFossilMwh":0,"fuelPrice":0.46,"fuelUnits":"$/l","roadAccess":"No","flyIn":"No","provider":"Independent","indigenous":"First Nation","communityType":"Settlement","status":"Active > Single community off-grid","sourceUrl":"https://open.canada.ca/data/en/dataset/0e76433c-7aeb-46dc-a019-11db10ee28dd","sourceTitle":"Remote Communities Energy Database","licence":"Open Government Licence - Canada","vintage":"2018"}},{"type":"Feature","geometry":{"type":"Point","coordinates":[-126.18333,50.93333]},"properties":{"id":"rced-71","kind":"remote","cat":"remote-fossil","name":"Kingcome Inlet","altName":"","province":"BC","mw":0.19,"population":91,"mainPower":"Diesel","fossilKw":190,"renewableKw":0,"annualFossilMwh":0,"fuelPrice":0.52,"fuelUnits":"$/l","roadAccess":"No","flyIn":"No","provider":"Independent","indigenous":"Non-indigenous","communityType":"Settlement","status":"Active > Single community off-grid","sourceUrl":"https://open.canada.ca/data/en/dataset/0e76433c-7aeb-46dc-a019-11db10ee28dd","sourceTitle":"Remote Communities Energy Database","licence":"Open Government Licence - Canada","vintage":"2018"}},{"type":"Feature","geometry":{"type":"Point","coordinates":[-130.43333,53.76667]},"properties":{"id":"rced-72","kind":"remote","cat":"remote-fossil","name":"Kitkatla","altName":"Kitkatlah","province":"BC","mw":0.85,"population":68,"mainPower":"Diesel","fossilKw":850,"renewableKw":0,"annualFossilMwh":0,"fuelPrice":0.46,"fuelUnits":"$/l","roadAccess":"No","flyIn":"No","provider":"Independent","indigenous":"First Nation","communityType":"Settlement","status":"Active > Single community off-grid","sourceUrl":"https://open.canada.ca/data/en/dataset/0e76433c-7aeb-46dc-a019-11db10ee28dd","sourceTitle":"Remote Communities Energy Database","licence":"Open Government Licence - Canada","vintage":"2018"}},{"type":"Feature","geometry":{"type":"Point","coordinates":[-126.98,49.88]},"properties":{"id":"rced-74","kind":"remote","cat":"remote-unknown","name":"Queens Cove","altName":"","province":"BC","mw":0,"population":0,"mainPower":"Unknown","fossilKw":0,"renewableKw":0,"annualFossilMwh":0,"fuelPrice":null,"fuelUnits":"","roadAccess":"No","flyIn":"No","provider":"Unknown","indigenous":"Non-indigenous","communityType":"Settlement","status":"Active > Single community off-grid","sourceUrl":"https://open.canada.ca/data/en/dataset/0e76433c-7aeb-46dc-a019-11db10ee28dd","sourceTitle":"Remote Communities Energy Database","licence":"Open Government Licence - Canada","vintage":"2018"}},{"type":"Feature","geometry":{"type":"Point","coordinates":[-126.93333,49.78333]},"properties":{"id":"rced-77","kind":"remote","cat":"remote-fossil","name":"Nuchatlaht","altName":"Nuchatlitz, Oclucje, Oclucje 7","province":"BC","mw":0.008,"population":20,"mainPower":"Diesel","fossilKw":8,"renewableKw":0,"annualFossilMwh":0,"fuelPrice":null,"fuelUnits":"","roadAccess":"No","flyIn":"No","provider":"Unknown","indigenous":"Indigenous","communityType":"Settlement","status":"Active > Single community off-grid","sourceUrl":"https://open.canada.ca/data/en/dataset/0e76433c-7aeb-46dc-a019-11db10ee28dd","sourceTitle":"Remote Communities Energy Database","licence":"Open Government Licence - Canada","vintage":"2018"}},{"type":"Feature","geometry":{"type":"Point","coordinates":[-130.25,56]},"properties":{"id":"rced-81","kind":"remote","cat":"remote-fossil","name":"Tide Lake","altName":"","province":"BC","mw":0,"population":0,"mainPower":"Diesel","fossilKw":0,"renewableKw":0,"annualFossilMwh":0,"fuelPrice":null,"fuelUnits":"","roadAccess":"","flyIn":"","provider":"Unknown","indigenous":"Non-indigenous","communityType":"Settlement","status":"Active > Single community off-grid","sourceUrl":"https://open.canada.ca/data/en/dataset/0e76433c-7aeb-46dc-a019-11db10ee28dd","sourceTitle":"Remote Communities Energy Database","licence":"Open Government Licence - Canada","vintage":"2018"}},{"type":"Feature","geometry":{"type":"Point","coordinates":[-125.66667,49.58333]},"properties":{"id":"rced-82","kind":"remote","cat":"remote-fossil","name":"Myra Falls","altName":"Western Mines at Myra Falls","province":"BC","mw":2,"population":0,"mainPower":"Diesel","fossilKw":2000,"renewableKw":0,"annualFossilMwh":0,"fuelPrice":null,"fuelUnits":"","roadAccess":"Yes","flyIn":"No","provider":"Independent","indigenous":"Non-indigenous","communityType":"Commercial","status":"Active > Single community off-grid","sourceUrl":"https://open.canada.ca/data/en/dataset/0e76433c-7aeb-46dc-a019-11db10ee28dd","sourceTitle":"Remote Communities Energy Database","licence":"Open Government Licence - Canada","vintage":"2018"}},{"type":"Feature","geometry":{"type":"Point","coordinates":[-129.65894,59.24744]},"properties":{"id":"rced-83","kind":"remote","cat":"remote-fossil","name":"Table Mountain Gold Project","altName":"Erickson Gold Mine Village","province":"BC","mw":2.1,"population":0,"mainPower":"Diesel","fossilKw":2100,"renewableKw":0,"annualFossilMwh":0,"fuelPrice":0.33,"fuelUnits":"$/l","roadAccess":"","flyIn":"","provider":"Independent","indigenous":"Non-indigenous","communityType":"Commercial","status":"Active > Single community off-grid","sourceUrl":"https://open.canada.ca/data/en/dataset/0e76433c-7aeb-46dc-a019-11db10ee28dd","sourceTitle":"Remote Communities Energy Database","licence":"Open Government Licence - Canada","vintage":"2018"}},{"type":"Feature","geometry":{"type":"Point","coordinates":[-122.08333,51.16667]},"properties":{"id":"rced-84","kind":"remote","cat":"remote-fossil","name":"Big Bar","altName":"Jesmond Creek","province":"BC","mw":0,"population":0,"mainPower":"Diesel","fossilKw":0,"renewableKw":0,"annualFossilMwh":0,"fuelPrice":0.37,"fuelUnits":"$/l","roadAccess":"Yes","flyIn":"No","provider":"Unknown","indigenous":"Non-indigenous","communityType":"Settlement","status":"Active > Single community off-grid","sourceUrl":"https://open.canada.ca/data/en/dataset/0e76433c-7aeb-46dc-a019-11db10ee28dd","sourceTitle":"Remote Communities Energy Database","licence":"Open Government Licence - Canada","vintage":"2018"}},{"type":"Feature","geometry":{"type":"Point","coordinates":[-130.16667,56.91667]},"properties":{"id":"rced-85","kind":"remote","cat":"remote-fossil","name":"Bob Quinn Lake","altName":"","province":"BC","mw":0.25,"population":0,"mainPower":"Diesel","fossilKw":250,"renewableKw":0,"annualFossilMwh":0,"fuelPrice":null,"fuelUnits":"","roadAccess":"Yes","flyIn":"No","provider":"Unknown","indigenous":"Non-indigenous","communityType":"Settlement","status":"Active > Single community off-grid","sourceUrl":"https://open.canada.ca/data/en/dataset/0e76433c-7aeb-46dc-a019-11db10ee28dd","sourceTitle":"Remote Communities Energy Database","licence":"Open Government Licence - Canada","vintage":"2018"}},{"type":"Feature","geometry":{"type":"Point","coordinates":[-122.5,49.33333]},"properties":{"id":"rced-86","kind":"remote","cat":"remote-fossil","name":"Boulder Bay","altName":"","province":"BC","mw":0.075,"population":0,"mainPower":"Diesel","fossilKw":75,"renewableKw":0,"annualFossilMwh":0,"fuelPrice":null,"fuelUnits":"","roadAccess":"","flyIn":"","provider":"Unknown","indigenous":"Non-indigenous","communityType":"Settlement","status":"Active > Single community off-grid","sourceUrl":"https://open.canada.ca/data/en/dataset/0e76433c-7aeb-46dc-a019-11db10ee28dd","sourceTitle":"Remote Communities Energy Database","licence":"Open Government Licence - Canada","vintage":"2018"}},{"type":"Feature","geometry":{"type":"Point","coordinates":[-124.75,55.78333]},"properties":{"id":"rced-87","kind":"remote","cat":"remote-unknown","name":"Germansen Landing","altName":"","province":"BC","mw":0,"population":0,"mainPower":"Unknown","fossilKw":0,"renewableKw":0,"annualFossilMwh":0,"fuelPrice":null,"fuelUnits":"","roadAccess":"Yes","flyIn":"No","provider":"Unknown","indigenous":"Non-indigenous","communityType":"Settlement","status":"Active > Single community off-grid","sourceUrl":"https://open.canada.ca/data/en/dataset/0e76433c-7aeb-46dc-a019-11db10ee28dd","sourceTitle":"Remote Communities Energy Database","licence":"Open Government Licence - Canada","vintage":"2018"}},{"type":"Feature","geometry":{"type":"Point","coordinates":[-122.29167,49.37167]},"properties":{"id":"rced-89","kind":"remote","cat":"remote-fossil","name":"Stave Lake","altName":"","province":"BC","mw":0.11,"population":0,"mainPower":"Diesel","fossilKw":110,"renewableKw":0,"annualFossilMwh":0,"fuelPrice":null,"fuelUnits":"","roadAccess":"Yes","flyIn":"No","provider":"Unknown","indigenous":"Non-indigenous","communityType":"Settlement","status":"Active > Single community off-grid","sourceUrl":"https://open.canada.ca/data/en/dataset/0e76433c-7aeb-46dc-a019-11db10ee28dd","sourceTitle":"Remote Communities Energy Database","licence":"Open Government Licence - Canada","vintage":"2018"}},{"type":"Feature","geometry":{"type":"Point","coordinates":[-124.27,49.48]},"properties":{"id":"rced-90","kind":"remote","cat":"remote-fossil","name":"Lasqueti Island","altName":"Lasqueti Island Trust Area","province":"BC","mw":0,"population":399,"mainPower":"Diesel","fossilKw":0,"renewableKw":0,"annualFossilMwh":0,"fuelPrice":null,"fuelUnits":"","roadAccess":"No","flyIn":"No","provider":"Independent","indigenous":"Non-indigenous","communityType":"Settlement","status":"Active > Single community off-grid","sourceUrl":"https://open.canada.ca/data/en/dataset/0e76433c-7aeb-46dc-a019-11db10ee28dd","sourceTitle":"Remote Communities Energy Database","licence":"Open Government Licence - Canada","vintage":"2018"}},{"type":"Feature","geometry":{"type":"Point","coordinates":[-124.76667,49.95]},"properties":{"id":"rced-91","kind":"remote","cat":"remote-unknown","name":"Savary Island","altName":"","province":"BC","mw":0,"population":100,"mainPower":"Unknown","fossilKw":0,"renewableKw":0,"annualFossilMwh":0,"fuelPrice":null,"fuelUnits":"","roadAccess":"No","flyIn":"No","provider":"Unknown","indigenous":"Non-indigenous","communityType":"Settlement","status":"Active > Single community off-grid","sourceUrl":"https://open.canada.ca/data/en/dataset/0e76433c-7aeb-46dc-a019-11db10ee28dd","sourceTitle":"Remote Communities Energy Database","licence":"Open Government Licence - Canada","vintage":"2018"}},{"type":"Feature","geometry":{"type":"Point","coordinates":[-118.96667,51.25]},"properties":{"id":"rced-92","kind":"remote","cat":"remote-unknown","name":"Seymour Arm","altName":"","province":"BC","mw":0,"population":102,"mainPower":"Unknown","fossilKw":0,"renewableKw":0,"annualFossilMwh":0,"fuelPrice":null,"fuelUnits":"","roadAccess":"No","flyIn":"No","provider":"Unknown","indigenous":"Non-indigenous","communityType":"Settlement","status":"Active > Single community off-grid","sourceUrl":"https://open.canada.ca/data/en/dataset/0e76433c-7aeb-46dc-a019-11db10ee28dd","sourceTitle":"Remote Communities Energy Database","licence":"Open Government Licence - Canada","vintage":"2018"}},{"type":"Feature","geometry":{"type":"Point","coordinates":[-120.75,49.16667]},"properties":{"id":"rced-93","kind":"remote","cat":"remote-fossil","name":"Eastgate","altName":"","province":"BC","mw":0.05,"population":0,"mainPower":"Diesel","fossilKw":50,"renewableKw":0,"annualFossilMwh":0,"fuelPrice":0.356,"fuelUnits":"$/l","roadAccess":"Yes","flyIn":"No","provider":"Unknown","indigenous":"Non-indigenous","communityType":"Settlement","status":"Active > Single community off-grid","sourceUrl":"https://open.canada.ca/data/en/dataset/0e76433c-7aeb-46dc-a019-11db10ee28dd","sourceTitle":"Remote Communities Energy Database","licence":"Open Government Licence - Canada","vintage":"2018"}},{"type":"Feature","geometry":{"type":"Point","coordinates":[-121.46667,53.91667]},"properties":{"id":"rced-95","kind":"remote","cat":"remote-unknown","name":"Longworth","altName":"","province":"BC","mw":0,"population":0,"mainPower":"Unknown","fossilKw":0,"renewableKw":0,"annualFossilMwh":0,"fuelPrice":null,"fuelUnits":"","roadAccess":"Yes","flyIn":"No","provider":"Unknown","indigenous":"Non-indigenous","communityType":"Settlement","status":"Active > Single community off-grid","sourceUrl":"https://open.canada.ca/data/en/dataset/0e76433c-7aeb-46dc-a019-11db10ee28dd","sourceTitle":"Remote Communities Energy Database","licence":"Open Government Licence - Canada","vintage":"2018"}},{"type":"Feature","geometry":{"type":"Point","coordinates":[-128.5,59.91667]},"properties":{"id":"rced-96","kind":"remote","cat":"remote-fossil","name":"Lower Post","altName":"Fort Liard","province":"BC","mw":0,"population":81,"mainPower":"Diesel","fossilKw":0,"renewableKw":0,"annualFossilMwh":0,"fuelPrice":null,"fuelUnits":"","roadAccess":"Yes","flyIn":"No","provider":"ATCO Electric Yukon","indigenous":"Non-indigenous","communityType":"Settlement","status":"Active > Single community off-grid","sourceUrl":"https://open.canada.ca/data/en/dataset/0e76433c-7aeb-46dc-a019-11db10ee28dd","sourceTitle":"Remote Communities Energy Database","licence":"Open Government Licence - Canada","vintage":"2018"}},{"type":"Feature","geometry":{"type":"Point","coordinates":[-121.3,53.85]},"properties":{"id":"rced-97","kind":"remote","cat":"remote-unknown","name":"Penny","altName":"","province":"BC","mw":0,"population":0,"mainPower":"Unknown","fossilKw":0,"renewableKw":0,"annualFossilMwh":0,"fuelPrice":null,"fuelUnits":"","roadAccess":"Yes","flyIn":"No","provider":"Unknown","indigenous":"Non-indigenous","communityType":"Settlement","status":"Active > Single community off-grid","sourceUrl":"https://open.canada.ca/data/en/dataset/0e76433c-7aeb-46dc-a019-11db10ee28dd","sourceTitle":"Remote Communities Energy Database","licence":"Open Government Licence - Canada","vintage":"2018"}},{"type":"Feature","geometry":{"type":"Point","coordinates":[-121.03333,53.75]},"properties":{"id":"rced-99","kind":"remote","cat":"remote-fossil","name":"Dome Creek","altName":"","province":"BC","mw":0,"population":0,"mainPower":"Diesel","fossilKw":0,"renewableKw":0,"annualFossilMwh":0,"fuelPrice":0.44,"fuelUnits":"$/l","roadAccess":"Yes","flyIn":"No","provider":"Unknown","indigenous":"Non-indigenous","communityType":"Settlement","status":"Active > Single community off-grid","sourceUrl":"https://open.canada.ca/data/en/dataset/0e76433c-7aeb-46dc-a019-11db10ee28dd","sourceTitle":"Remote Communities Energy Database","licence":"Open Government Licence - Canada","vintage":"2018"}},{"type":"Feature","geometry":{"type":"Point","coordinates":[-120.68333,53.58333]},"properties":{"id":"rced-100","kind":"remote","cat":"remote-fossil","name":"Crescent Spur","altName":"","province":"BC","mw":0,"population":24,"mainPower":"Diesel","fossilKw":0,"renewableKw":0,"annualFossilMwh":0,"fuelPrice":null,"fuelUnits":"","roadAccess":"Yes","flyIn":"No","provider":"Unknown","indigenous":"Non-indigenous","communityType":"Settlement","status":"Active > Single community off-grid","sourceUrl":"https://open.canada.ca/data/en/dataset/0e76433c-7aeb-46dc-a019-11db10ee28dd","sourceTitle":"Remote Communities Energy Database","licence":"Open Government Licence - Canada","vintage":"2018"}},{"type":"Feature","geometry":{"type":"Point","coordinates":[-129.16667,56.03333]},"properties":{"id":"rced-102","kind":"remote","cat":"remote-fossil","name":"Meziadin Lake","altName":"Meziadin Junction;Meziadin Subdivision","province":"BC","mw":0.5,"population":20,"mainPower":"Diesel","fossilKw":500,"renewableKw":0,"annualFossilMwh":0,"fuelPrice":0.43,"fuelUnits":"$/l","roadAccess":"Yes","flyIn":"No","provider":"Independent","indigenous":"Non-indigenous","communityType":"Commercial","status":"Active > Single community off-grid","sourceUrl":"https://open.canada.ca/data/en/dataset/0e76433c-7aeb-46dc-a019-11db10ee28dd","sourceTitle":"Remote Communities Energy Database","licence":"Open Government Licence - Canada","vintage":"2018"}},{"type":"Feature","geometry":{"type":"Point","coordinates":[-129.16417,59.67]},"properties":{"id":"rced-104","kind":"remote","cat":"remote-fossil","name":"Dease River 4","altName":"Good Hope Lake","province":"BC","mw":0,"population":38,"mainPower":"Diesel","fossilKw":0,"renewableKw":0,"annualFossilMwh":0,"fuelPrice":null,"fuelUnits":"","roadAccess":"Yes","flyIn":"No","provider":"Unknown","indigenous":"First Nation","communityType":"Settlement","status":"Active > Single community off-grid","sourceUrl":"https://open.canada.ca/data/en/dataset/0e76433c-7aeb-46dc-a019-11db10ee28dd","sourceTitle":"Remote Communities Energy Database","licence":"Open Government Licence - Canada","vintage":"2018"}},{"type":"Feature","geometry":{"type":"Point","coordinates":[-140.86964,62.35985]},"properties":{"id":"rced-105","kind":"remote","cat":"remote-fossil","name":"Beaver Creek","altName":"","province":"YT","mw":0.9,"population":93,"mainPower":"Diesel","fossilKw":900,"renewableKw":0,"annualFossilMwh":1775,"fuelPrice":null,"fuelUnits":"$/l","roadAccess":"Yes","flyIn":"No","provider":"ATCO Electric Yukon","indigenous":"First Nation","communityType":"Settlement","status":"Active > Single community off-grid","sourceUrl":"https://open.canada.ca/data/en/dataset/0e76433c-7aeb-46dc-a019-11db10ee28dd","sourceTitle":"Remote Communities Energy Database","licence":"Open Government Licence - Canada","vintage":"2018"}},{"type":"Feature","geometry":{"type":"Point","coordinates":[-138.99444,61.355]},"properties":{"id":"rced-106","kind":"remote","cat":"remote-fossil","name":"Burwash Landing","altName":"","province":"YT","mw":0,"population":72,"mainPower":"Diesel","fossilKw":0,"renewableKw":0,"annualFossilMwh":0,"fuelPrice":null,"fuelUnits":"","roadAccess":"Yes","flyIn":"No","provider":"ATCO Electric Yukon","indigenous":"First Nation","communityType":"Settlement","status":"Active > Multi-community local microgrid","sourceUrl":"https://open.canada.ca/data/en/dataset/0e76433c-7aeb-46dc-a019-11db10ee28dd","sourceTitle":"Remote Communities Energy Database","licence":"Open Government Licence - Canada","vintage":"2018"}},{"type":"Feature","geometry":{"type":"Point","coordinates":[-138.80095,61.25278]},"properties":{"id":"rced-107","kind":"remote","cat":"remote-fossil","name":"Destruction Bay","altName":"","province":"YT","mw":0.9,"population":55,"mainPower":"Diesel","fossilKw":900,"renewableKw":0,"annualFossilMwh":1793,"fuelPrice":0.37,"fuelUnits":"$/l","roadAccess":"Yes","flyIn":"No","provider":"ATCO Electric Yukon","indigenous":"First Nation","communityType":"Settlement","status":"Active > Multi-community local microgrid","sourceUrl":"https://open.canada.ca/data/en/dataset/0e76433c-7aeb-46dc-a019-11db10ee28dd","sourceTitle":"Remote Communities Energy Database","licence":"Open Government Licence - Canada","vintage":"2018"}},{"type":"Feature","geometry":{"type":"Point","coordinates":[-139.83411,67.57126]},"properties":{"id":"rced-108","kind":"remote","cat":"remote-fossil","name":"Old Crow","altName":"","province":"YT","mw":0.7,"population":221,"mainPower":"Diesel","fossilKw":700,"renewableKw":0,"annualFossilMwh":2350,"fuelPrice":0.8,"fuelUnits":"$/l","roadAccess":"No","flyIn":"Yes","provider":"ATCO Electric Yukon","indigenous":"First Nation","communityType":"Settlement","status":"Active > Single community off-grid","sourceUrl":"https://open.canada.ca/data/en/dataset/0e76433c-7aeb-46dc-a019-11db10ee28dd","sourceTitle":"Remote Communities Energy Database","licence":"Open Government Licence - Canada","vintage":"2018"}},{"type":"Feature","geometry":{"type":"Point","coordinates":[-128.70797,60.065]},"properties":{"id":"rced-110","kind":"remote","cat":"remote-fossil","name":"Watson Lake","altName":"","province":"YT","mw":5,"population":790,"mainPower":"Diesel","fossilKw":5000,"renewableKw":0,"annualFossilMwh":14902,"fuelPrice":0.37,"fuelUnits":"$/l","roadAccess":"Yes","flyIn":"No","provider":"ATCO Electric Yukon","indigenous":"First Nation","communityType":"Settlement","status":"Active > Single community off-grid","sourceUrl":"https://open.canada.ca/data/en/dataset/0e76433c-7aeb-46dc-a019-11db10ee28dd","sourceTitle":"Remote Communities Energy Database","licence":"Open Government Licence - Canada","vintage":"2018"}},{"type":"Feature","geometry":{"type":"Point","coordinates":[-136.26667,62.10593]},"properties":{"id":"rced-112","kind":"remote","cat":"remote-grid","name":"Carmacks","altName":"","province":"YT","mw":1.5,"population":493,"mainPower":"Prov./terr. grid","fossilKw":1500,"renewableKw":0,"annualFossilMwh":0,"fuelPrice":0.33,"fuelUnits":"$/l","roadAccess":"Yes","flyIn":"No","provider":"Yukon Energy Corp.","indigenous":"First Nation","communityType":"Settlement","status":"Active > Grid connected: Yukon or NWT grid","sourceUrl":"https://open.canada.ca/data/en/dataset/0e76433c-7aeb-46dc-a019-11db10ee28dd","sourceTitle":"Remote Communities Energy Database","licence":"Open Government Licence - Canada","vintage":"2018"}},{"type":"Feature","geometry":{"type":"Point","coordinates":[-134.69717,60.17379]},"properties":{"id":"rced-113","kind":"remote","cat":"remote-grid","name":"Carcross","altName":"","province":"YT","mw":0,"population":301,"mainPower":"Prov./terr. grid","fossilKw":0,"renewableKw":0,"annualFossilMwh":0,"fuelPrice":0.33,"fuelUnits":"$/l","roadAccess":"Yes","flyIn":"No","provider":"Yukon Energy Corp.","indigenous":"First Nation","communityType":"Settlement","status":"Active > Grid connected: Yukon or NWT grid","sourceUrl":"https://open.canada.ca/data/en/dataset/0e76433c-7aeb-46dc-a019-11db10ee28dd","sourceTitle":"Remote Communities Energy Database","licence":"Open Government Licence - Canada","vintage":"2018"}},{"type":"Feature","geometry":{"type":"Point","coordinates":[-136.47135,60.78943]},"properties":{"id":"rced-114","kind":"remote","cat":"remote-grid","name":"Champagne","altName":"Champagne Landing","province":"YT","mw":0,"population":20,"mainPower":"Prov./terr. grid","fossilKw":0,"renewableKw":0,"annualFossilMwh":0,"fuelPrice":0.33,"fuelUnits":"$/l","roadAccess":"Yes","flyIn":"No","provider":"Yukon Energy Corp.","indigenous":"First Nation","communityType":"Settlement","status":"Active > Grid connected: Yukon or NWT grid","sourceUrl":"https://open.canada.ca/data/en/dataset/0e76433c-7aeb-46dc-a019-11db10ee28dd","sourceTitle":"Remote Communities Energy Database","licence":"Open Government Licence - Canada","vintage":"2018"}},{"type":"Feature","geometry":{"type":"Point","coordinates":[-139.4192,64.05274]},"properties":{"id":"rced-115","kind":"remote","cat":"remote-grid","name":"Dawson","altName":"Dawson City","province":"YT","mw":5.1,"population":1375,"mainPower":"Prov./terr. grid","fossilKw":5100,"renewableKw":0,"annualFossilMwh":0,"fuelPrice":0.37,"fuelUnits":"$/l","roadAccess":"Yes","flyIn":"No","provider":"Yukon Energy Corp.","indigenous":"First Nation","communityType":"Settlement","status":"Active > Grid connected: Yukon or NWT grid","sourceUrl":"https://open.canada.ca/data/en/dataset/0e76433c-7aeb-46dc-a019-11db10ee28dd","sourceTitle":"Remote Communities Energy Database","licence":"Open Government Licence - Canada","vintage":"2018"}},{"type":"Feature","geometry":{"type":"Point","coordinates":[-133.35616,62.23156]},"properties":{"id":"rced-117","kind":"remote","cat":"remote-grid","name":"Faro","altName":"","province":"YT","mw":8.5,"population":348,"mainPower":"Prov./terr. grid","fossilKw":8500,"renewableKw":0,"annualFossilMwh":0,"fuelPrice":0.33,"fuelUnits":"$/l","roadAccess":"Yes","flyIn":"No","provider":"Yukon Energy Corp.","indigenous":"Non-indigenous","communityType":"Settlement","status":"Active > Grid connected: Yukon or NWT grid","sourceUrl":"https://open.canada.ca/data/en/dataset/0e76433c-7aeb-46dc-a019-11db10ee28dd","sourceTitle":"Remote Communities Energy Database","licence":"Open Government Licence - Canada","vintage":"2018"}},{"type":"Feature","geometry":{"type":"Point","coordinates":[-137.51039,60.76328]},"properties":{"id":"rced-118","kind":"remote","cat":"remote-grid","name":"Haines Junction","altName":"","province":"YT","mw":1.5,"population":613,"mainPower":"Prov./terr. grid","fossilKw":1500,"renewableKw":0,"annualFossilMwh":0,"fuelPrice":0.33,"fuelUnits":"$/l","roadAccess":"Yes","flyIn":"No","provider":"Yukon Energy Corp.","indigenous":"First Nation","communityType":"Settlement","status":"Active > Grid connected: Yukon or NWT grid","sourceUrl":"https://open.canada.ca/data/en/dataset/0e76433c-7aeb-46dc-a019-11db10ee28dd","sourceTitle":"Remote Communities Energy Database","licence":"Open Government Licence - Canada","vintage":"2018"}},{"type":"Feature","geometry":{"type":"Point","coordinates":[-133.29491,60.48938]},"properties":{"id":"rced-119","kind":"remote","cat":"remote-grid","name":"Johnsons Crossing","altName":"","province":"YT","mw":0,"population":10,"mainPower":"Prov./terr. grid","fossilKw":0,"renewableKw":0,"annualFossilMwh":0,"fuelPrice":0.33,"fuelUnits":"$/l","roadAccess":"Yes","flyIn":"No","provider":"Yukon Energy Corp.","indigenous":"Non-indigenous","communityType":"Settlement","status":"Active > Grid connected: Yukon or NWT grid","sourceUrl":"https://open.canada.ca/data/en/dataset/0e76433c-7aeb-46dc-a019-11db10ee28dd","sourceTitle":"Remote Communities Energy Database","licence":"Open Government Licence - Canada","vintage":"2018"}},{"type":"Feature","geometry":{"type":"Point","coordinates":[-135.2804,63.90988]},"properties":{"id":"rced-120","kind":"remote","cat":"remote-grid","name":"Keno","altName":"Keno Hill","province":"YT","mw":0,"population":20,"mainPower":"Prov./terr. grid","fossilKw":0,"renewableKw":0,"annualFossilMwh":0,"fuelPrice":0.33,"fuelUnits":"$/l","roadAccess":"Yes","flyIn":"No","provider":"Yukon Energy Corp.","indigenous":"Non-indigenous","communityType":"Settlement","status":"Active > Grid connected: Yukon or NWT grid","sourceUrl":"https://open.canada.ca/data/en/dataset/0e76433c-7aeb-46dc-a019-11db10ee28dd","sourceTitle":"Remote Communities Energy Database","licence":"Open Government Licence - Canada","vintage":"2018"}},{"type":"Feature","geometry":{"type":"Point","coordinates":[-134.33333,60.51667]},"properties":{"id":"rced-121","kind":"remote","cat":"remote-grid","name":"Marsh Lake","altName":"","province":"YT","mw":0,"population":696,"mainPower":"Prov./terr. grid","fossilKw":0,"renewableKw":0,"annualFossilMwh":0,"fuelPrice":0.33,"fuelUnits":"$/l","roadAccess":"Yes","flyIn":"No","provider":"Yukon Energy Corp.","indigenous":"Non-indigenous","communityType":"Settlement","status":"Active > Grid connected: Yukon or NWT grid","sourceUrl":"https://open.canada.ca/data/en/dataset/0e76433c-7aeb-46dc-a019-11db10ee28dd","sourceTitle":"Remote Communities Energy Database","licence":"Open Government Licence - Canada","vintage":"2018"}},{"type":"Feature","geometry":{"type":"Point","coordinates":[-135.89649,63.59426]},"properties":{"id":"rced-122","kind":"remote","cat":"remote-grid","name":"Mayo","altName":"Mayo 6","province":"YT","mw":2.5,"population":226,"mainPower":"Prov./terr. grid","fossilKw":2500,"renewableKw":0,"annualFossilMwh":0,"fuelPrice":0.33,"fuelUnits":"$/l","roadAccess":"Yes","flyIn":"No","provider":"Yukon Energy Corp.","indigenous":"First Nation","communityType":"Settlement","status":"Active > Grid connected: Yukon or NWT grid","sourceUrl":"https://open.canada.ca/data/en/dataset/0e76433c-7aeb-46dc-a019-11db10ee28dd","sourceTitle":"Remote Communities Energy Database","licence":"Open Government Licence - Canada","vintage":"2018"}},{"type":"Feature","geometry":{"type":"Point","coordinates":[-136.5773,62.81802]},"properties":{"id":"rced-123","kind":"remote","cat":"remote-grid","name":"Pelly Crossing","altName":"","province":"YT","mw":1.2,"population":353,"mainPower":"Prov./terr. grid","fossilKw":1200,"renewableKw":0,"annualFossilMwh":0,"fuelPrice":0.37,"fuelUnits":"$/l","roadAccess":"Yes","flyIn":"No","provider":"Yukon Energy Corp.","indigenous":"First Nation","communityType":"Settlement","status":"Active > Grid connected: Yukon or NWT grid","sourceUrl":"https://open.canada.ca/data/en/dataset/0e76433c-7aeb-46dc-a019-11db10ee28dd","sourceTitle":"Remote Communities Energy Database","licence":"Open Government Licence - Canada","vintage":"2018"}},{"type":"Feature","geometry":{"type":"Point","coordinates":[-132.45,61.98333]},"properties":{"id":"rced-124","kind":"remote","cat":"remote-grid","name":"Ross River","altName":"","province":"YT","mw":1,"population":293,"mainPower":"Prov./terr. grid","fossilKw":1000,"renewableKw":0,"annualFossilMwh":0,"fuelPrice":0.33,"fuelUnits":"$/l","roadAccess":"Yes","flyIn":"No","provider":"Yukon Energy Corp.","indigenous":"First Nation","communityType":"Settlement","status":"Active > Grid connected: Yukon or NWT grid","sourceUrl":"https://open.canada.ca/data/en/dataset/0e76433c-7aeb-46dc-a019-11db10ee28dd","sourceTitle":"Remote Communities Energy Database","licence":"Open Government Licence - Canada","vintage":"2018"}},{"type":"Feature","geometry":{"type":"Point","coordinates":[-136.68401,63.37133]},"properties":{"id":"rced-125","kind":"remote","cat":"remote-grid","name":"Stewart Crossing","altName":"","province":"YT","mw":0.1,"population":17,"mainPower":"Prov./terr. grid","fossilKw":100,"renewableKw":0,"annualFossilMwh":0,"fuelPrice":0.37,"fuelUnits":"$/l","roadAccess":"Yes","flyIn":"No","provider":"Yukon Energy Corp.","indigenous":"Non-indigenous","communityType":"Settlement","status":"Active > Grid connected: Yukon or NWT grid","sourceUrl":"https://open.canada.ca/data/en/dataset/0e76433c-7aeb-46dc-a019-11db10ee28dd","sourceTitle":"Remote Communities Energy Database","licence":"Open Government Licence - Canada","vintage":"2018"}},{"type":"Feature","geometry":{"type":"Point","coordinates":[-134.28,60.29553]},"properties":{"id":"rced-126","kind":"remote","cat":"remote-grid","name":"Tagish and Marsh Lake","altName":"Tagish","province":"YT","mw":0,"population":249,"mainPower":"Prov./terr. grid","fossilKw":0,"renewableKw":0,"annualFossilMwh":0,"fuelPrice":0.33,"fuelUnits":"$/l","roadAccess":"Yes","flyIn":"No","provider":"Yukon Energy Corp.","indigenous":"First Nation","communityType":"Settlement","status":"Active > Grid connected: Yukon or NWT grid","sourceUrl":"https://open.canada.ca/data/en/dataset/0e76433c-7aeb-46dc-a019-11db10ee28dd","sourceTitle":"Remote Communities Energy Database","licence":"Open Government Licence - Canada","vintage":"2018"}},{"type":"Feature","geometry":{"type":"Point","coordinates":[-132.71667,60.16667]},"properties":{"id":"rced-127","kind":"remote","cat":"remote-grid","name":"Teslin","altName":"Teslin Post 13","province":"YT","mw":1.5,"population":124,"mainPower":"Prov./terr. grid","fossilKw":1500,"renewableKw":0,"annualFossilMwh":0,"fuelPrice":0.33,"fuelUnits":"$/l","roadAccess":"Yes","flyIn":"No","provider":"Yukon Energy Corp.","indigenous":"First Nation","communityType":"Settlement","status":"Active > Grid connected: Yukon or NWT grid","sourceUrl":"https://open.canada.ca/data/en/dataset/0e76433c-7aeb-46dc-a019-11db10ee28dd","sourceTitle":"Remote Communities Energy Database","licence":"Open Government Licence - Canada","vintage":"2018"}},{"type":"Feature","geometry":{"type":"Point","coordinates":[-135.05,60.71667]},"properties":{"id":"rced-128","kind":"remote","cat":"remote-grid","name":"Whitehorse","altName":"","province":"YT","mw":23,"population":25085,"mainPower":"Prov./terr. grid","fossilKw":23000,"renewableKw":0,"annualFossilMwh":0,"fuelPrice":0.33,"fuelUnits":"$/l","roadAccess":"Yes","flyIn":"No","provider":"Yukon Energy Corp.","indigenous":"Non-indigenous","communityType":"Settlement","status":"Active > Grid connected: Yukon or NWT grid","sourceUrl":"https://open.canada.ca/data/en/dataset/0e76433c-7aeb-46dc-a019-11db10ee28dd","sourceTitle":"Remote Communities Energy Database","licence":"Open Government Licence - Canada","vintage":"2018"}},{"type":"Feature","geometry":{"type":"Point","coordinates":[-113.45,56.9333]},"properties":{"id":"rced-129","kind":"remote","cat":"remote-fossil","name":"Chipewyan Lake","altName":"","province":"AB","mw":0.441,"population":38,"mainPower":"Diesel","fossilKw":441,"renewableKw":0,"annualFossilMwh":804.3,"fuelPrice":null,"fuelUnits":"","roadAccess":"Yes","flyIn":"Yes","provider":"ATCO","indigenous":"First Nation","communityType":"Settlement","status":"Active > Single community off-grid","sourceUrl":"https://open.canada.ca/data/en/dataset/0e76433c-7aeb-46dc-a019-11db10ee28dd","sourceTitle":"Remote Communities Energy Database","licence":"Open Government Licence - Canada","vintage":"2018"}},{"type":"Feature","geometry":{"type":"Point","coordinates":[-111.13,58.7]},"properties":{"id":"rced-130","kind":"remote","cat":"remote-fossil","name":"Fort Chipewyan","altName":"","province":"AB","mw":4.58,"population":853,"mainPower":"Diesel","fossilKw":4580,"renewableKw":0,"annualFossilMwh":12843,"fuelPrice":null,"fuelUnits":"","roadAccess":"No","flyIn":"Yes","provider":"ATCO","indigenous":"Non-indigenous","communityType":"Settlement","status":"Active > Single community off-grid","sourceUrl":"https://open.canada.ca/data/en/dataset/0e76433c-7aeb-46dc-a019-11db10ee28dd","sourceTitle":"Remote Communities Energy Database","licence":"Open Government Licence - Canada","vintage":"2018"}},{"type":"Feature","geometry":{"type":"Point","coordinates":[-117.1679,59.6226]},"properties":{"id":"rced-132","kind":"remote","cat":"remote-fossil","name":"Steen River","altName":"","province":"AB","mw":0.12,"population":1,"mainPower":"Diesel","fossilKw":120,"renewableKw":0,"annualFossilMwh":252,"fuelPrice":null,"fuelUnits":"","roadAccess":"Yes","flyIn":"No","provider":"ATCO","indigenous":"Non-indigenous","communityType":"Commercial","status":"Active > Single community off-grid","sourceUrl":"https://open.canada.ca/data/en/dataset/0e76433c-7aeb-46dc-a019-11db10ee28dd","sourceTitle":"Remote Communities Energy Database","licence":"Open Government Licence - Canada","vintage":"2018"}},{"type":"Feature","geometry":{"type":"Point","coordinates":[-118.8222,52.8736]},"properties":{"id":"rced-133","kind":"remote","cat":"remote-fossil","name":"Jasper","altName":"Jasper National Park","province":"AB","mw":868.355,"population":4590,"mainPower":"Natural Gas","fossilKw":17000,"renewableKw":851355,"annualFossilMwh":58342,"fuelPrice":null,"fuelUnits":"","roadAccess":"Yes","flyIn":"No","provider":"ATCO","indigenous":"Non-indigenous","communityType":"Settlement","status":"Active > Single community off-grid","sourceUrl":"https://open.canada.ca/data/en/dataset/0e76433c-7aeb-46dc-a019-11db10ee28dd","sourceTitle":"Remote Communities Energy Database","licence":"Open Government Licence - Canada","vintage":"2018"}},{"type":"Feature","geometry":{"type":"Point","coordinates":[-117.3472,59.8675]},"properties":{"id":"rced-134","kind":"remote","cat":"remote-fossil","name":"Indian Cabins","altName":"","province":"AB","mw":0.1,"population":0,"mainPower":"Diesel","fossilKw":100,"renewableKw":0,"annualFossilMwh":144,"fuelPrice":null,"fuelUnits":"","roadAccess":"Yes","flyIn":"No","provider":"ATCO","indigenous":"Non-indigenous","communityType":"Commercial","status":"Active > Single community off-grid","sourceUrl":"https://open.canada.ca/data/en/dataset/0e76433c-7aeb-46dc-a019-11db10ee28dd","sourceTitle":"Remote Communities Energy Database","licence":"Open Government Licence - Canada","vintage":"2018"}},{"type":"Feature","geometry":{"type":"Point","coordinates":[-112.44639,59.12528]},"properties":{"id":"rced-135","kind":"remote","cat":"remote-fossil","name":"Peace Point","altName":"Peace Point 222","province":"AB","mw":0.048,"population":1,"mainPower":"Diesel","fossilKw":48,"renewableKw":0,"annualFossilMwh":59,"fuelPrice":null,"fuelUnits":"","roadAccess":"Yes","flyIn":"No","provider":"ATCO","indigenous":"First Nation","communityType":"Settlement","status":"Active > Single community off-grid","sourceUrl":"https://open.canada.ca/data/en/dataset/0e76433c-7aeb-46dc-a019-11db10ee28dd","sourceTitle":"Remote Communities Energy Database","licence":"Open Government Licence - Canada","vintage":"2018"}},{"type":"Feature","geometry":{"type":"Point","coordinates":[-115.39481,55.43881]},"properties":{"id":"rced-136","kind":"remote","cat":"remote-fossil","name":"Narrows Point","altName":"","province":"AB","mw":0.201,"population":0,"mainPower":"Diesel","fossilKw":201,"renewableKw":0,"annualFossilMwh":223,"fuelPrice":null,"fuelUnits":"","roadAccess":"Yes","flyIn":"No","provider":"ATCO","indigenous":"First Nation","communityType":"Settlement","status":"Active > Single community off-grid","sourceUrl":"https://open.canada.ca/data/en/dataset/0e76433c-7aeb-46dc-a019-11db10ee28dd","sourceTitle":"Remote Communities Energy Database","licence":"Open Government Licence - Canada","vintage":"2018"}},{"type":"Feature","geometry":{"type":"Point","coordinates":[-83.17,64.13]},"properties":{"id":"rced-141","kind":"remote","cat":"remote-fossil","name":"Coral Harbour","altName":"Salliq;Salliit","province":"NU","mw":1.39,"population":891,"mainPower":"Diesel","fossilKw":1390,"renewableKw":0,"annualFossilMwh":3525,"fuelPrice":null,"fuelUnits":"$/l","roadAccess":"No","flyIn":"Yes","provider":"Qulliq Energy Corporation","indigenous":"Inuit","communityType":"Settlement","status":"Active > Single community off-grid","sourceUrl":"https://open.canada.ca/data/en/dataset/0e76433c-7aeb-46dc-a019-11db10ee28dd","sourceTitle":"Remote Communities Energy Database","licence":"Open Government Licence - Canada","vintage":"2018"}},{"type":"Feature","geometry":{"type":"Point","coordinates":[-94.06,61.11]},"properties":{"id":"rced-142","kind":"remote","cat":"remote-fossil","name":"Arviat","altName":"Eskimo Point","province":"NU","mw":3.11,"population":2657,"mainPower":"Diesel","fossilKw":3110,"renewableKw":0,"annualFossilMwh":8661,"fuelPrice":1.07,"fuelUnits":"$/l","roadAccess":"No","flyIn":"No","provider":"Qulliq Energy Corporation","indigenous":"Inuit","communityType":"Settlement","status":"Active > Single community off-grid","sourceUrl":"https://open.canada.ca/data/en/dataset/0e76433c-7aeb-46dc-a019-11db10ee28dd","sourceTitle":"Remote Communities Energy Database","licence":"Open Government Licence - Canada","vintage":"2018"}},{"type":"Feature","geometry":{"type":"Point","coordinates":[-86.25,66.53]},"properties":{"id":"rced-143","kind":"remote","cat":"remote-fossil","name":"Naujaat","altName":"Repulse Bay","province":"NU","mw":1.4,"population":1082,"mainPower":"Diesel","fossilKw":1400,"renewableKw":0,"annualFossilMwh":4115,"fuelPrice":1.16,"fuelUnits":"$/l","roadAccess":"No","flyIn":"Yes","provider":"Qulliq Energy Corporation","indigenous":"Inuit","communityType":"Settlement","status":"Active > Single community off-grid","sourceUrl":"https://open.canada.ca/data/en/dataset/0e76433c-7aeb-46dc-a019-11db10ee28dd","sourceTitle":"Remote Communities Energy Database","licence":"Open Government Licence - Canada","vintage":"2018"}},{"type":"Feature","geometry":{"type":"Point","coordinates":[-96.02,64.32]},"properties":{"id":"rced-144","kind":"remote","cat":"remote-fossil","name":"Baker Lake","altName":"Qamani'tuaq","province":"NU","mw":3.42,"population":2069,"mainPower":"Diesel","fossilKw":3420,"renewableKw":0,"annualFossilMwh":8917,"fuelPrice":1.16,"fuelUnits":"$/l","roadAccess":"No","flyIn":"Yes","provider":"Qulliq Energy Corporation","indigenous":"Inuit","communityType":"Settlement","status":"Active > Single community off-grid","sourceUrl":"https://open.canada.ca/data/en/dataset/0e76433c-7aeb-46dc-a019-11db10ee28dd","sourceTitle":"Remote Communities Energy Database","licence":"Open Government Licence - Canada","vintage":"2018"}},{"type":"Feature","geometry":{"type":"Point","coordinates":[-90.7,63.34]},"properties":{"id":"rced-145","kind":"remote","cat":"remote-fossil","name":"Chesterfield Inlet","altName":"Igluligaarjuk","province":"NU","mw":1,"population":437,"mainPower":"Diesel","fossilKw":1000,"renewableKw":0,"annualFossilMwh":2070,"fuelPrice":1.2,"fuelUnits":"$/l","roadAccess":"No","flyIn":"Yes","provider":"Qulliq Energy Corporation","indigenous":"Inuit","communityType":"Settlement","status":"Active > Single community off-grid","sourceUrl":"https://open.canada.ca/data/en/dataset/0e76433c-7aeb-46dc-a019-11db10ee28dd","sourceTitle":"Remote Communities Energy Database","licence":"Open Government Licence - Canada","vintage":"2018"}},{"type":"Feature","geometry":{"type":"Point","coordinates":[-92.08,62.82]},"properties":{"id":"rced-146","kind":"remote","cat":"remote-fossil","name":"Rankin Inlet","altName":"Kangiqliniq;Kangirliniq","province":"NU","mw":6.2,"population":2842,"mainPower":"Diesel","fossilKw":6200,"renewableKw":0,"annualFossilMwh":18113,"fuelPrice":1.07,"fuelUnits":"$/l","roadAccess":"No","flyIn":"Yes","provider":"Qulliq Energy Corporation","indigenous":"Inuit","communityType":"Settlement","status":"Active > Single community off-grid","sourceUrl":"https://open.canada.ca/data/en/dataset/0e76433c-7aeb-46dc-a019-11db10ee28dd","sourceTitle":"Remote Communities Energy Database","licence":"Open Government Licence - Canada","vintage":"2018"}},{"type":"Feature","geometry":{"type":"Point","coordinates":[-92.58,62.17]},"properties":{"id":"rced-147","kind":"remote","cat":"remote-fossil","name":"Whale Cove","altName":"Tikiraqjuaq","province":"NU","mw":1.07,"population":435,"mainPower":"Diesel","fossilKw":1070,"renewableKw":0,"annualFossilMwh":1844,"fuelPrice":1.13,"fuelUnits":"$/l","roadAccess":"No","flyIn":"Yes","provider":"Qulliq Energy Corporation","indigenous":"Inuit","communityType":"Settlement","status":"Active > Single community off-grid","sourceUrl":"https://open.canada.ca/data/en/dataset/0e76433c-7aeb-46dc-a019-11db10ee28dd","sourceTitle":"Remote Communities Energy Database","licence":"Open Government Licence - Canada","vintage":"2018"}},{"type":"Feature","geometry":{"type":"Point","coordinates":[-81.24,68.79]},"properties":{"id":"rced-148","kind":"remote","cat":"remote-fossil","name":"Hall Beach","altName":"Sanirajak","province":"NU","mw":1.525,"population":848,"mainPower":"Diesel","fossilKw":1525,"renewableKw":0,"annualFossilMwh":3376,"fuelPrice":1.02,"fuelUnits":"$/l","roadAccess":"No","flyIn":"Yes","provider":"Qulliq Energy Corporation","indigenous":"Inuit","communityType":"Settlement","status":"Active > Single community off-grid","sourceUrl":"https://open.canada.ca/data/en/dataset/0e76433c-7aeb-46dc-a019-11db10ee28dd","sourceTitle":"Remote Communities Energy Database","licence":"Open Government Licence - Canada","vintage":"2018"}},{"type":"Feature","geometry":{"type":"Point","coordinates":[-69.87,62.85]},"properties":{"id":"rced-149","kind":"remote","cat":"remote-fossil","name":"Kimmirut","altName":"Lake Harbour","province":"NU","mw":0.9,"population":389,"mainPower":"Diesel","fossilKw":900,"renewableKw":0,"annualFossilMwh":2079,"fuelPrice":0.99,"fuelUnits":"$/l","roadAccess":"No","flyIn":"Yes","provider":"Qulliq Energy Corporation","indigenous":"Inuit","communityType":"Settlement","status":"Active > Single community off-grid","sourceUrl":"https://open.canada.ca/data/en/dataset/0e76433c-7aeb-46dc-a019-11db10ee28dd","sourceTitle":"Remote Communities Energy Database","licence":"Open Government Licence - Canada","vintage":"2018"}},{"type":"Feature","geometry":{"type":"Point","coordinates":[-85.17,73.03]},"properties":{"id":"rced-150","kind":"remote","cat":"remote-fossil","name":"Arctic Bay","altName":"Ikpiarjuk","province":"NU","mw":1.1,"population":868,"mainPower":"Diesel","fossilKw":1100,"renewableKw":0,"annualFossilMwh":3194,"fuelPrice":1,"fuelUnits":"$/l","roadAccess":"No","flyIn":"Yes","provider":"Qulliq Energy Corporation","indigenous":"Inuit","communityType":"Settlement","status":"Active > Single community off-grid","sourceUrl":"https://open.canada.ca/data/en/dataset/0e76433c-7aeb-46dc-a019-11db10ee28dd","sourceTitle":"Remote Communities Energy Database","licence":"Open Government Licence - Canada","vintage":"2018"}},{"type":"Feature","geometry":{"type":"Point","coordinates":[-94.83,74.7]},"properties":{"id":"rced-151","kind":"remote","cat":"remote-fossil","name":"Resolute","altName":"Resolute Bay","province":"NU","mw":1.81,"population":198,"mainPower":"Diesel","fossilKw":1810,"renewableKw":0,"annualFossilMwh":4607,"fuelPrice":1.07,"fuelUnits":"$/l","roadAccess":"No","flyIn":"Yes","provider":"Qulliq Energy Corporation","indigenous":"Inuit","communityType":"Settlement","status":"Active > Single community off-grid","sourceUrl":"https://open.canada.ca/data/en/dataset/0e76433c-7aeb-46dc-a019-11db10ee28dd","sourceTitle":"Remote Communities Energy Database","licence":"Open Government Licence - Canada","vintage":"2018"}},{"type":"Feature","geometry":{"type":"Point","coordinates":[-68.52,63.75]},"properties":{"id":"rced-152","kind":"remote","cat":"remote-fossil","name":"Iqaluit","altName":"Frobisher Bay","province":"NU","mw":25.73,"population":7740,"mainPower":"Diesel","fossilKw":25730,"renewableKw":0,"annualFossilMwh":59140,"fuelPrice":1.19,"fuelUnits":"$/l","roadAccess":"No","flyIn":"Yes","provider":"Qulliq Energy Corporation","indigenous":"Inuit","communityType":"Settlement","status":"Active > Single community off-grid","sourceUrl":"https://open.canada.ca/data/en/dataset/0e76433c-7aeb-46dc-a019-11db10ee28dd","sourceTitle":"Remote Communities Energy Database","licence":"Open Government Licence - Canada","vintage":"2018"}},{"type":"Feature","geometry":{"type":"Point","coordinates":[-76.54,64.23]},"properties":{"id":"rced-153","kind":"remote","cat":"remote-fossil","name":"Cape Dorset","altName":"Kinngait","province":"NU","mw":2.26,"population":1441,"mainPower":"Diesel","fossilKw":2260,"renewableKw":0,"annualFossilMwh":5685,"fuelPrice":0.98,"fuelUnits":"$/l","roadAccess":"No","flyIn":"Yes","provider":"Qulliq Energy Corporation","indigenous":"Inuit","communityType":"Settlement","status":"Active > Single community off-grid","sourceUrl":"https://open.canada.ca/data/en/dataset/0e76433c-7aeb-46dc-a019-11db10ee28dd","sourceTitle":"Remote Communities Energy Database","licence":"Open Government Licence - Canada","vintage":"2018"}},{"type":"Feature","geometry":{"type":"Point","coordinates":[-82.9,76.42]},"properties":{"id":"rced-154","kind":"remote","cat":"remote-fossil","name":"Grise Fiord","altName":"Aujuittuq","province":"NU","mw":0.57,"population":129,"mainPower":"Diesel","fossilKw":570,"renewableKw":0,"annualFossilMwh":1237,"fuelPrice":1.08,"fuelUnits":"$/l","roadAccess":"No","flyIn":"Yes","provider":"Qulliq Energy Corporation","indigenous":"Inuit","communityType":"Settlement","status":"Active > Single community off-grid","sourceUrl":"https://open.canada.ca/data/en/dataset/0e76433c-7aeb-46dc-a019-11db10ee28dd","sourceTitle":"Remote Communities Energy Database","licence":"Open Government Licence - Canada","vintage":"2018"}},{"type":"Feature","geometry":{"type":"Point","coordinates":[-81.8,69.38]},"properties":{"id":"rced-155","kind":"remote","cat":"remote-fossil","name":"Igloolik","altName":"","province":"NU","mw":2.37,"population":1682,"mainPower":"Diesel","fossilKw":2370,"renewableKw":0,"annualFossilMwh":6587,"fuelPrice":1.02,"fuelUnits":"$/l","roadAccess":"No","flyIn":"Yes","provider":"Qulliq Energy Corporation","indigenous":"Inuit","communityType":"Settlement","status":"Active > Single community off-grid","sourceUrl":"https://open.canada.ca/data/en/dataset/0e76433c-7aeb-46dc-a019-11db10ee28dd","sourceTitle":"Remote Communities Energy Database","licence":"Open Government Licence - Canada","vintage":"2018"}},{"type":"Feature","geometry":{"type":"Point","coordinates":[-65.72,66.14]},"properties":{"id":"rced-156","kind":"remote","cat":"remote-fossil","name":"Pangnirtung","altName":"","province":"NU","mw":2,"population":1481,"mainPower":"Diesel","fossilKw":2000,"renewableKw":0,"annualFossilMwh":6506,"fuelPrice":0.99,"fuelUnits":"$/l","roadAccess":"No","flyIn":"Yes","provider":"Qulliq Energy Corporation","indigenous":"Inuit","communityType":"Settlement","status":"Active > Single community off-grid","sourceUrl":"https://open.canada.ca/data/en/dataset/0e76433c-7aeb-46dc-a019-11db10ee28dd","sourceTitle":"Remote Communities Energy Database","licence":"Open Government Licence - Canada","vintage":"2018"}},{"type":"Feature","geometry":{"type":"Point","coordinates":[-79.23,56.53]},"properties":{"id":"rced-157","kind":"remote","cat":"remote-fossil","name":"Sanikiluaq","altName":"","province":"NU","mw":1.43,"population":882,"mainPower":"Diesel","fossilKw":1430,"renewableKw":0,"annualFossilMwh":3718,"fuelPrice":1.15,"fuelUnits":"$/l","roadAccess":"No","flyIn":"Yes","provider":"Qulliq Energy Corporation","indigenous":"Inuit","communityType":"Settlement","status":"Active > Single community off-grid","sourceUrl":"https://open.canada.ca/data/en/dataset/0e76433c-7aeb-46dc-a019-11db10ee28dd","sourceTitle":"Remote Communities Energy Database","licence":"Open Government Licence - Canada","vintage":"2018"}},{"type":"Feature","geometry":{"type":"Point","coordinates":[-64.03,67.55]},"properties":{"id":"rced-158","kind":"remote","cat":"remote-fossil","name":"Qikiqtarjuaq","altName":"Broughton Island","province":"NU","mw":1.32,"population":598,"mainPower":"Diesel","fossilKw":1320,"renewableKw":0,"annualFossilMwh":2776,"fuelPrice":0.98,"fuelUnits":"$/l","roadAccess":"No","flyIn":"Yes","provider":"Qulliq Energy Corporation","indigenous":"Inuit","communityType":"Settlement","status":"Active > Single community off-grid","sourceUrl":"https://open.canada.ca/data/en/dataset/0e76433c-7aeb-46dc-a019-11db10ee28dd","sourceTitle":"Remote Communities Energy Database","licence":"Open Government Licence - Canada","vintage":"2018"}},{"type":"Feature","geometry":{"type":"Point","coordinates":[-68.59,70.47]},"properties":{"id":"rced-159","kind":"remote","cat":"remote-fossil","name":"Clyde River","altName":"Kanngiqtugaapik","province":"NU","mw":1.36,"population":1053,"mainPower":"Diesel","fossilKw":1360,"renewableKw":0,"annualFossilMwh":3931,"fuelPrice":1.03,"fuelUnits":"$/l","roadAccess":"No","flyIn":"Yes","provider":"Qulliq Energy Corporation","indigenous":"Inuit","communityType":"Settlement","status":"Active > Single community off-grid","sourceUrl":"https://open.canada.ca/data/en/dataset/0e76433c-7aeb-46dc-a019-11db10ee28dd","sourceTitle":"Remote Communities Energy Database","licence":"Open Government Licence - Canada","vintage":"2018"}},{"type":"Feature","geometry":{"type":"Point","coordinates":[-77.96,72.7]},"properties":{"id":"rced-160","kind":"remote","cat":"remote-fossil","name":"Pond Inlet","altName":"Mittimatalik","province":"NU","mw":2.67,"population":1617,"mainPower":"Diesel","fossilKw":2670,"renewableKw":0,"annualFossilMwh":6355,"fuelPrice":1,"fuelUnits":"$/l","roadAccess":"No","flyIn":"Yes","provider":"Qulliq Energy Corporation","indigenous":"Inuit","communityType":"Settlement","status":"Active > Single community off-grid","sourceUrl":"https://open.canada.ca/data/en/dataset/0e76433c-7aeb-46dc-a019-11db10ee28dd","sourceTitle":"Remote Communities Energy Database","licence":"Open Government Licence - Canada","vintage":"2018"}},{"type":"Feature","geometry":{"type":"Point","coordinates":[-89.83,68.53]},"properties":{"id":"rced-161","kind":"remote","cat":"remote-fossil","name":"Kugaaruk","altName":"Pelly Bay;Arviligjuaq","province":"NU","mw":1.5,"population":933,"mainPower":"Diesel","fossilKw":1500,"renewableKw":0,"annualFossilMwh":2829,"fuelPrice":1.32,"fuelUnits":"$/l","roadAccess":"No","flyIn":"Yes","provider":"Qulliq Energy Corporation","indigenous":"Inuit","communityType":"Settlement","status":"Active > Single community off-grid","sourceUrl":"https://open.canada.ca/data/en/dataset/0e76433c-7aeb-46dc-a019-11db10ee28dd","sourceTitle":"Remote Communities Energy Database","licence":"Open Government Licence - Canada","vintage":"2018"}},{"type":"Feature","geometry":{"type":"Point","coordinates":[-93.52,69.54]},"properties":{"id":"rced-162","kind":"remote","cat":"remote-fossil","name":"Taloyoak","altName":"Spence Bay","province":"NU","mw":1.57,"population":1029,"mainPower":"Diesel","fossilKw":1570,"renewableKw":0,"annualFossilMwh":3964,"fuelPrice":1.36,"fuelUnits":"$/l","roadAccess":"No","flyIn":"Yes","provider":"Qulliq Energy Corporation","indigenous":"Inuit","communityType":"Settlement","status":"Active > Single community off-grid","sourceUrl":"https://open.canada.ca/data/en/dataset/0e76433c-7aeb-46dc-a019-11db10ee28dd","sourceTitle":"Remote Communities Energy Database","licence":"Open Government Licence - Canada","vintage":"2018"}},{"type":"Feature","geometry":{"type":"Point","coordinates":[-115.09,67.83]},"properties":{"id":"rced-163","kind":"remote","cat":"remote-fossil","name":"Kugluktuk","altName":"Coppermine;Qurluktuk","province":"NU","mw":2.195,"population":1491,"mainPower":"Diesel","fossilKw":2195,"renewableKw":0,"annualFossilMwh":5839,"fuelPrice":1.14,"fuelUnits":"$/l","roadAccess":"No","flyIn":"Yes","provider":"Qulliq Energy Corporation","indigenous":"Inuit","communityType":"Settlement","status":"Active > Single community off-grid","sourceUrl":"https://open.canada.ca/data/en/dataset/0e76433c-7aeb-46dc-a019-11db10ee28dd","sourceTitle":"Remote Communities Energy Database","licence":"Open Government Licence - Canada","vintage":"2018"}},{"type":"Feature","geometry":{"type":"Point","coordinates":[-105.05,69.11]},"properties":{"id":"rced-165","kind":"remote","cat":"remote-fossil","name":"Cambridge Bay","altName":"Iqaluktuuttiaq","province":"NU","mw":3.47,"population":1766,"mainPower":"Diesel","fossilKw":3470,"renewableKw":0,"annualFossilMwh":12359,"fuelPrice":1.11,"fuelUnits":"$/l","roadAccess":"No","flyIn":"Yes","provider":"Qulliq Energy Corporation","indigenous":"Inuit","communityType":"Settlement","status":"Active > Single community off-grid","sourceUrl":"https://open.canada.ca/data/en/dataset/0e76433c-7aeb-46dc-a019-11db10ee28dd","sourceTitle":"Remote Communities Energy Database","licence":"Open Government Licence - Canada","vintage":"2018"}},{"type":"Feature","geometry":{"type":"Point","coordinates":[-95.88,68.63]},"properties":{"id":"rced-166","kind":"remote","cat":"remote-fossil","name":"Gjoa Haven","altName":"Uqsuqtuuq","province":"NU","mw":1.82,"population":1324,"mainPower":"Diesel","fossilKw":1820,"renewableKw":0,"annualFossilMwh":5619,"fuelPrice":1.27,"fuelUnits":"$/l","roadAccess":"No","flyIn":"Yes","provider":"Qulliq Energy Corporation","indigenous":"Inuit","communityType":"Settlement","status":"Active > Single community off-grid","sourceUrl":"https://open.canada.ca/data/en/dataset/0e76433c-7aeb-46dc-a019-11db10ee28dd","sourceTitle":"Remote Communities Energy Database","licence":"Open Government Licence - Canada","vintage":"2018"}},{"type":"Feature","geometry":{"type":"Point","coordinates":[-79.21056,71.32333]},"properties":{"id":"rced-167","kind":"remote","cat":"remote-fossil","name":"Mary River Iron Ore Project","altName":"","province":"NU","mw":37.8,"population":0,"mainPower":"Diesel","fossilKw":37800,"renewableKw":0,"annualFossilMwh":0,"fuelPrice":null,"fuelUnits":"","roadAccess":"No","flyIn":"Yes","provider":"Independent","indigenous":"Non-indigenous","communityType":"Commercial","status":"Active > Single community off-grid","sourceUrl":"https://open.canada.ca/data/en/dataset/0e76433c-7aeb-46dc-a019-11db10ee28dd","sourceTitle":"Remote Communities Energy Database","licence":"Open Government Licence - Canada","vintage":"2018"}},{"type":"Feature","geometry":{"type":"Point","coordinates":[-106.61444,68.16389]},"properties":{"id":"rced-168","kind":"remote","cat":"remote-fossil","name":"Hope Bay Gold Mine","altName":"","province":"NU","mw":0.012,"population":190,"mainPower":"Diesel","fossilKw":12,"renewableKw":0,"annualFossilMwh":0,"fuelPrice":null,"fuelUnits":"","roadAccess":"No","flyIn":"Yes","provider":"Independent","indigenous":"Non-indigenous","communityType":"Commercial","status":"Active > Single community off-grid","sourceUrl":"https://open.canada.ca/data/en/dataset/0e76433c-7aeb-46dc-a019-11db10ee28dd","sourceTitle":"Remote Communities Energy Database","licence":"Open Government Licence - Canada","vintage":"2018"}},{"type":"Feature","geometry":{"type":"Point","coordinates":[-96.07389,65.01861]},"properties":{"id":"rced-169","kind":"remote","cat":"remote-fossil","name":"Meadowbank Gold Mine","altName":"","province":"NU","mw":29.2,"population":600,"mainPower":"Diesel","fossilKw":29200,"renewableKw":0,"annualFossilMwh":133262,"fuelPrice":0.9,"fuelUnits":"$/l","roadAccess":"Yes","flyIn":"No","provider":"Independent","indigenous":"Non-indigenous","communityType":"Commercial","status":"Active > Single community off-grid","sourceUrl":"https://open.canada.ca/data/en/dataset/0e76433c-7aeb-46dc-a019-11db10ee28dd","sourceTitle":"Remote Communities Energy Database","licence":"Open Government Licence - Canada","vintage":"2018"}},{"type":"Feature","geometry":{"type":"Point","coordinates":[-57.13,51.41667]},"properties":{"id":"rced-177","kind":"remote","cat":"remote-hydro","name":"Blanc-Sablon","altName":"","province":"QC","mw":0,"population":1112,"mainPower":"Hydro","fossilKw":0,"renewableKw":0,"annualFossilMwh":40,"fuelPrice":null,"fuelUnits":"","roadAccess":"No","flyIn":"No","provider":"Hydro-Quebec","indigenous":"Non-indigenous","communityType":"Settlement","status":"Active > Multi-community local microgrid","sourceUrl":"https://open.canada.ca/data/en/dataset/0e76433c-7aeb-46dc-a019-11db10ee28dd","sourceTitle":"Remote Communities Energy Database","licence":"Open Government Licence - Canada","vintage":"2018"}},{"type":"Feature","geometry":{"type":"Point","coordinates":[-57.23,51.45]},"properties":{"id":"rced-178","kind":"remote","cat":"remote-hydro","name":"Bradore-Bay","altName":"Brador Bay","province":"QC","mw":0,"population":175,"mainPower":"Hydro","fossilKw":0,"renewableKw":0,"annualFossilMwh":0,"fuelPrice":null,"fuelUnits":"","roadAccess":"No","flyIn":"No","provider":"Hydro-Quebec","indigenous":"Non-indigenous","communityType":"Settlement","status":"Active > Multi-community local microgrid","sourceUrl":"https://open.canada.ca/data/en/dataset/0e76433c-7aeb-46dc-a019-11db10ee28dd","sourceTitle":"Remote Communities Energy Database","licence":"Open Government Licence - Canada","vintage":"2018"}},{"type":"Feature","geometry":{"type":"Point","coordinates":[-59.6,50.46667]},"properties":{"id":"rced-179","kind":"remote","cat":"remote-hydro","name":"Chevery","altName":"Netagamu River","province":"QC","mw":0,"population":236,"mainPower":"Hydro","fossilKw":0,"renewableKw":0,"annualFossilMwh":0,"fuelPrice":null,"fuelUnits":"","roadAccess":"No","flyIn":"No","provider":"Hydro-Quebec","indigenous":"Non-indigenous","communityType":"Settlement","status":"Active > Multi-community local microgrid","sourceUrl":"https://open.canada.ca/data/en/dataset/0e76433c-7aeb-46dc-a019-11db10ee28dd","sourceTitle":"Remote Communities Energy Database","licence":"Open Government Licence - Canada","vintage":"2018"}},{"type":"Feature","geometry":{"type":"Point","coordinates":[-59.5,50.51667]},"properties":{"id":"rced-180","kind":"remote","cat":"remote-hydro","name":"Harrington Harbour","altName":"","province":"QC","mw":0,"population":229,"mainPower":"Hydro","fossilKw":0,"renewableKw":0,"annualFossilMwh":0,"fuelPrice":null,"fuelUnits":"","roadAccess":"No","flyIn":"No","provider":"Hydro-Quebec","indigenous":"Non-indigenous","communityType":"Settlement","status":"Active > Multi-community local microgrid","sourceUrl":"https://open.canada.ca/data/en/dataset/0e76433c-7aeb-46dc-a019-11db10ee28dd","sourceTitle":"Remote Communities Energy Database","licence":"Open Government Licence - Canada","vintage":"2018"}},{"type":"Feature","geometry":{"type":"Point","coordinates":[-58.96667,50.83333]},"properties":{"id":"rced-181","kind":"remote","cat":"remote-hydro","name":"La Tabatière","altName":"Gros-Mécatina","province":"QC","mw":75.274,"population":428,"mainPower":"Hydro","fossilKw":0,"renewableKw":75274,"annualFossilMwh":83,"fuelPrice":0.245,"fuelUnits":"$/l","roadAccess":"No","flyIn":"No","provider":"Hydro-Quebec","indigenous":"Non-indigenous","communityType":"Settlement","status":"Active > Multi-community local microgrid","sourceUrl":"https://open.canada.ca/data/en/dataset/0e76433c-7aeb-46dc-a019-11db10ee28dd","sourceTitle":"Remote Communities Energy Database","licence":"Open Government Licence - Canada","vintage":"2018"}},{"type":"Feature","geometry":{"type":"Point","coordinates":[-59.32,50.7]},"properties":{"id":"rced-182","kind":"remote","cat":"remote-hydro","name":"Tête-à-la-Baleine","altName":"","province":"QC","mw":0,"population":145,"mainPower":"Hydro","fossilKw":0,"renewableKw":0,"annualFossilMwh":0,"fuelPrice":null,"fuelUnits":"","roadAccess":"No","flyIn":"No","provider":"Hydro-Quebec","indigenous":"Non-indigenous","communityType":"Settlement","status":"Active > Multi-community local microgrid","sourceUrl":"https://open.canada.ca/data/en/dataset/0e76433c-7aeb-46dc-a019-11db10ee28dd","sourceTitle":"Remote Communities Energy Database","licence":"Open Government Licence - Canada","vintage":"2018"}},{"type":"Feature","geometry":{"type":"Point","coordinates":[-59.03333,50.76667]},"properties":{"id":"rced-183","kind":"remote","cat":"remote-hydro","name":"Mutton Bay","altName":"Baie-des-Moutons","province":"QC","mw":0,"population":200,"mainPower":"Hydro","fossilKw":0,"renewableKw":0,"annualFossilMwh":0,"fuelPrice":null,"fuelUnits":"","roadAccess":"No","flyIn":"No","provider":"Hydro-Quebec","indigenous":"Non-indigenous","communityType":"Settlement","status":"Active > Multi-community local microgrid","sourceUrl":"https://open.canada.ca/data/en/dataset/0e76433c-7aeb-46dc-a019-11db10ee28dd","sourceTitle":"Remote Communities Energy Database","licence":"Open Government Licence - Canada","vintage":"2018"}},{"type":"Feature","geometry":{"type":"Point","coordinates":[-57.2,51.42]},"properties":{"id":"rced-184","kind":"remote","cat":"remote-hydro","name":"Lourdes-de-Blanc-Sablon","altName":"","province":"QC","mw":0,"population":849,"mainPower":"Hydro","fossilKw":0,"renewableKw":0,"annualFossilMwh":0,"fuelPrice":null,"fuelUnits":"","roadAccess":"No","flyIn":"No","provider":"Hydro-Quebec","indigenous":"Non-indigenous","communityType":"Settlement","status":"Active > Multi-community local microgrid","sourceUrl":"https://open.canada.ca/data/en/dataset/0e76433c-7aeb-46dc-a019-11db10ee28dd","sourceTitle":"Remote Communities Energy Database","licence":"Open Government Licence - Canada","vintage":"2018"}},{"type":"Feature","geometry":{"type":"Point","coordinates":[-57.5,51.46]},"properties":{"id":"rced-185","kind":"remote","cat":"remote-hydro","name":"Middle Bay","altName":"Bonne-Espérance","province":"QC","mw":0,"population":681,"mainPower":"Hydro","fossilKw":0,"renewableKw":0,"annualFossilMwh":0,"fuelPrice":null,"fuelUnits":"","roadAccess":"No","flyIn":"No","provider":"Hydro-Quebec","indigenous":"Non-indigenous","communityType":"Settlement","status":"Active > Multi-community local microgrid","sourceUrl":"https://open.canada.ca/data/en/dataset/0e76433c-7aeb-46dc-a019-11db10ee28dd","sourceTitle":"Remote Communities Energy Database","licence":"Open Government Licence - Canada","vintage":"2018"}},{"type":"Feature","geometry":{"type":"Point","coordinates":[-58.82,51.42]},"properties":{"id":"rced-186","kind":"remote","cat":"remote-hydro","name":"Vieux-Fort","altName":"Old Fort Bay;Bonne-Espérance","province":"QC","mw":0,"population":0,"mainPower":"Hydro","fossilKw":0,"renewableKw":0,"annualFossilMwh":0,"fuelPrice":null,"fuelUnits":"","roadAccess":"No","flyIn":"No","provider":"Hydro-Quebec","indigenous":"Non-indigenous","communityType":"Settlement","status":"Active > Multi-community local microgrid","sourceUrl":"https://open.canada.ca/data/en/dataset/0e76433c-7aeb-46dc-a019-11db10ee28dd","sourceTitle":"Remote Communities Energy Database","licence":"Open Government Licence - Canada","vintage":"2018"}},{"type":"Feature","geometry":{"type":"Point","coordinates":[-57.7,51.47]},"properties":{"id":"rced-187","kind":"remote","cat":"remote-hydro","name":"Rivière-Saint-Paul","altName":"St. Paul's River;Bonne-Espérance","province":"QC","mw":0,"population":0,"mainPower":"Hydro","fossilKw":0,"renewableKw":0,"annualFossilMwh":0,"fuelPrice":null,"fuelUnits":"","roadAccess":"No","flyIn":"No","provider":"Hydro-Quebec","indigenous":"Non-indigenous","communityType":"Settlement","status":"Active > Multi-community local microgrid","sourceUrl":"https://open.canada.ca/data/en/dataset/0e76433c-7aeb-46dc-a019-11db10ee28dd","sourceTitle":"Remote Communities Energy Database","licence":"Open Government Licence - Canada","vintage":"2018"}},{"type":"Feature","geometry":{"type":"Point","coordinates":[-58.65,51.22]},"properties":{"id":"rced-188","kind":"remote","cat":"remote-hydro","name":"Saint-Augustin","altName":"St. Augustine","province":"QC","mw":0,"population":445,"mainPower":"Hydro","fossilKw":0,"renewableKw":0,"annualFossilMwh":0,"fuelPrice":null,"fuelUnits":"","roadAccess":"No","flyIn":"No","provider":"Hydro-Quebec","indigenous":"First Nation","communityType":"Settlement","status":"Active > Multi-community local microgrid","sourceUrl":"https://open.canada.ca/data/en/dataset/0e76433c-7aeb-46dc-a019-11db10ee28dd","sourceTitle":"Remote Communities Energy Database","licence":"Open Government Licence - Canada","vintage":"2018"}},{"type":"Feature","geometry":{"type":"Point","coordinates":[-75.36667,48.11667]},"properties":{"id":"rced-189","kind":"remote","cat":"remote-fossil","name":"Clova","altName":"","province":"QC","mw":0.53,"population":100,"mainPower":"Diesel","fossilKw":530,"renewableKw":0,"annualFossilMwh":788,"fuelPrice":0.9,"fuelUnits":"$/l","roadAccess":"Yes","flyIn":"No","provider":"Hydro-Quebec","indigenous":"Non-indigenous","communityType":"Settlement","status":"Active > Single community off-grid","sourceUrl":"https://open.canada.ca/data/en/dataset/0e76433c-7aeb-46dc-a019-11db10ee28dd","sourceTitle":"Remote Communities Energy Database","licence":"Open Government Licence - Canada","vintage":"2018"}},{"type":"Feature","geometry":{"type":"Point","coordinates":[-63,49.5]},"properties":{"id":"rced-190","kind":"remote","cat":"remote-fossil","name":"L'Île d'Anticosti","altName":"Anticosti","province":"QC","mw":2.845,"population":218,"mainPower":"Diesel","fossilKw":2845,"renewableKw":0,"annualFossilMwh":4477,"fuelPrice":0.9,"fuelUnits":"$/l","roadAccess":"No","flyIn":"Yes","provider":"Hydro-Quebec","indigenous":"Non-indigenous","communityType":"Settlement","status":"Active > Single community off-grid","sourceUrl":"https://open.canada.ca/data/en/dataset/0e76433c-7aeb-46dc-a019-11db10ee28dd","sourceTitle":"Remote Communities Energy Database","licence":"Open Government Licence - Canada","vintage":"2018"}},{"type":"Feature","geometry":{"type":"Point","coordinates":[-61.88333,47.22]},"properties":{"id":"rced-197","kind":"remote","cat":"remote-fossil","name":"Havre-Aubert","altName":"Amherst Island","province":"QC","mw":0,"population":0,"mainPower":"Heavy fuel oil","fossilKw":0,"renewableKw":0,"annualFossilMwh":0,"fuelPrice":0.16,"fuelUnits":"$/l","roadAccess":"No","flyIn":"No","provider":"Hydro-Quebec","indigenous":"Non-indigenous","communityType":"Settlement","status":"Active > Multi-community local microgrid","sourceUrl":"https://open.canada.ca/data/en/dataset/0e76433c-7aeb-46dc-a019-11db10ee28dd","sourceTitle":"Remote Communities Energy Database","licence":"Open Government Licence - Canada","vintage":"2018"}},{"type":"Feature","geometry":{"type":"Point","coordinates":[-61.68,47.52]},"properties":{"id":"rced-198","kind":"remote","cat":"remote-fossil","name":"Grosse-Île","altName":"","province":"QC","mw":0,"population":465,"mainPower":"Heavy fuel oil","fossilKw":0,"renewableKw":0,"annualFossilMwh":0,"fuelPrice":0.16,"fuelUnits":"$/l","roadAccess":"No","flyIn":"No","provider":"Hydro-Quebec","indigenous":"Non-indigenous","communityType":"Settlement","status":"Active > Multi-community local microgrid","sourceUrl":"https://open.canada.ca/data/en/dataset/0e76433c-7aeb-46dc-a019-11db10ee28dd","sourceTitle":"Remote Communities Energy Database","licence":"Open Government Licence - Canada","vintage":"2018"}},{"type":"Feature","geometry":{"type":"Point","coordinates":[-60.67,50.22]},"properties":{"id":"rced-199","kind":"remote","cat":"remote-fossil","name":"La Romaine","altName":"Unamen Shipu","province":"QC","mw":5.723,"population":977,"mainPower":"Diesel","fossilKw":5723,"renewableKw":0,"annualFossilMwh":14022,"fuelPrice":0.9,"fuelUnits":"$/l","roadAccess":"No","flyIn":"No","provider":"Hydro-Quebec","indigenous":"First Nation","communityType":"Settlement","status":"Active > Single community off-grid","sourceUrl":"https://open.canada.ca/data/en/dataset/0e76433c-7aeb-46dc-a019-11db10ee28dd","sourceTitle":"Remote Communities Energy Database","licence":"Open Government Licence - Canada","vintage":"2018"}},{"type":"Feature","geometry":{"type":"Point","coordinates":[-74.93333,48.66667]},"properties":{"id":"rced-200","kind":"remote","cat":"remote-fossil","name":"Obedjiwan","altName":"Opitciwan","province":"QC","mw":4.9,"population":2019,"mainPower":"Diesel","fossilKw":4900,"renewableKw":0,"annualFossilMwh":13294,"fuelPrice":0.9,"fuelUnits":"$/l","roadAccess":"Yes","flyIn":"No","provider":"Hydro-Quebec","indigenous":"First Nation","communityType":"Settlement","status":"Active > Single community off-grid","sourceUrl":"https://open.canada.ca/data/en/dataset/0e76433c-7aeb-46dc-a019-11db10ee28dd","sourceTitle":"Remote Communities Energy Database","licence":"Open Government Licence - Canada","vintage":"2018"}},{"type":"Feature","geometry":{"type":"Point","coordinates":[-76.70741,47.2553]},"properties":{"id":"rced-201","kind":"remote","cat":"remote-fossil","name":"Lac-Rapide","altName":"Rapid Lake","province":"QC","mw":1.525,"population":854,"mainPower":"Diesel","fossilKw":1525,"renewableKw":0,"annualFossilMwh":0,"fuelPrice":null,"fuelUnits":"","roadAccess":"Yes","flyIn":"No","provider":"INAC","indigenous":"First Nation","communityType":"Settlement","status":"Active > Single community off-grid","sourceUrl":"https://open.canada.ca/data/en/dataset/0e76433c-7aeb-46dc-a019-11db10ee28dd","sourceTitle":"Remote Communities Energy Database","licence":"Open Government Licence - Canada","vintage":"2018"}},{"type":"Feature","geometry":{"type":"Point","coordinates":[-76.5479,56.53]},"properties":{"id":"rced-202","kind":"remote","cat":"remote-fossil","name":"Umiujaq","altName":"","province":"QC","mw":1.05,"population":442,"mainPower":"Diesel","fossilKw":1050,"renewableKw":0,"annualFossilMwh":2989,"fuelPrice":1.4,"fuelUnits":"$/l","roadAccess":"No","flyIn":"Yes","provider":"Hydro-Quebec","indigenous":"Inuit","communityType":"Settlement","status":"Active > Single community off-grid","sourceUrl":"https://open.canada.ca/data/en/dataset/0e76433c-7aeb-46dc-a019-11db10ee28dd","sourceTitle":"Remote Communities Energy Database","licence":"Open Government Licence - Canada","vintage":"2018"}},{"type":"Feature","geometry":{"type":"Point","coordinates":[-78.2,60.8]},"properties":{"id":"rced-203","kind":"remote","cat":"remote-fossil","name":"Akulivik","altName":"Cape Smith","province":"QC","mw":2.074,"population":633,"mainPower":"Diesel","fossilKw":2019,"renewableKw":55,"annualFossilMwh":3801,"fuelPrice":1.4,"fuelUnits":"$/l","roadAccess":"No","flyIn":"Yes","provider":"Hydro-Quebec","indigenous":"Inuit","communityType":"Settlement","status":"Active > Single community off-grid","sourceUrl":"https://open.canada.ca/data/en/dataset/0e76433c-7aeb-46dc-a019-11db10ee28dd","sourceTitle":"Remote Communities Energy Database","licence":"Open Government Licence - Canada","vintage":"2018"}},{"type":"Feature","geometry":{"type":"Point","coordinates":[-69.59216,59.31042]},"properties":{"id":"rced-204","kind":"remote","cat":"remote-fossil","name":"Aupaluk","altName":"","province":"QC","mw":0.78,"population":209,"mainPower":"Diesel","fossilKw":780,"renewableKw":0,"annualFossilMwh":1905,"fuelPrice":1.4,"fuelUnits":"$/l","roadAccess":"No","flyIn":"Yes","provider":"Hydro-Quebec","indigenous":"Inuit","communityType":"Settlement","status":"Active > Single community off-grid","sourceUrl":"https://open.canada.ca/data/en/dataset/0e76433c-7aeb-46dc-a019-11db10ee28dd","sourceTitle":"Remote Communities Energy Database","licence":"Open Government Licence - Canada","vintage":"2018"}},{"type":"Feature","geometry":{"type":"Point","coordinates":[-78.10301,58.45424]},"properties":{"id":"rced-205","kind":"remote","cat":"remote-fossil","name":"Inukjuak","altName":"Port Harrison","province":"QC","mw":3.758,"population":1757,"mainPower":"Diesel","fossilKw":3758,"renewableKw":0,"annualFossilMwh":10269,"fuelPrice":1.4,"fuelUnits":"$/l","roadAccess":"No","flyIn":"Yes","provider":"Hydro-Quebec","indigenous":"Inuit","communityType":"Settlement","status":"Active > Single community off-grid","sourceUrl":"https://open.canada.ca/data/en/dataset/0e76433c-7aeb-46dc-a019-11db10ee28dd","sourceTitle":"Remote Communities Energy Database","licence":"Open Government Licence - Canada","vintage":"2018"}},{"type":"Feature","geometry":{"type":"Point","coordinates":[-77.91644,62.41657]},"properties":{"id":"rced-206","kind":"remote","cat":"remote-fossil","name":"Ivujivik","altName":"C Wolstenholme","province":"QC","mw":0.98,"population":414,"mainPower":"Diesel","fossilKw":980,"renewableKw":0,"annualFossilMwh":2373,"fuelPrice":1.4,"fuelUnits":"$/l","roadAccess":"No","flyIn":"Yes","provider":"Hydro-Quebec","indigenous":"Inuit","communityType":"Settlement","status":"Active > Single community off-grid","sourceUrl":"https://open.canada.ca/data/en/dataset/0e76433c-7aeb-46dc-a019-11db10ee28dd","sourceTitle":"Remote Communities Energy Database","licence":"Open Government Licence - Canada","vintage":"2018"}},{"type":"Feature","geometry":{"type":"Point","coordinates":[-65.95,58.68]},"properties":{"id":"rced-207","kind":"remote","cat":"remote-fossil","name":"Kangiqsualujjuaq","altName":"George R","province":"QC","mw":1.975,"population":942,"mainPower":"Diesel","fossilKw":1975,"renewableKw":0,"annualFossilMwh":4675,"fuelPrice":1.4,"fuelUnits":"$/l","roadAccess":"No","flyIn":"Yes","provider":"Hydro-Quebec","indigenous":"Inuit","communityType":"Settlement","status":"Active > Single community off-grid","sourceUrl":"https://open.canada.ca/data/en/dataset/0e76433c-7aeb-46dc-a019-11db10ee28dd","sourceTitle":"Remote Communities Energy Database","licence":"Open Government Licence - Canada","vintage":"2018"}},{"type":"Feature","geometry":{"type":"Point","coordinates":[-71.96102,61.59813]},"properties":{"id":"rced-208","kind":"remote","cat":"remote-fossil","name":"Kangiqsujuaq","altName":"Maricourt;Wakeham Bay","province":"QC","mw":1.529,"population":750,"mainPower":"Diesel","fossilKw":1529,"renewableKw":0,"annualFossilMwh":4815,"fuelPrice":1.4,"fuelUnits":"$/l","roadAccess":"No","flyIn":"Yes","provider":"Hydro-Quebec","indigenous":"Inuit","communityType":"Settlement","status":"Active > Single community off-grid","sourceUrl":"https://open.canada.ca/data/en/dataset/0e76433c-7aeb-46dc-a019-11db10ee28dd","sourceTitle":"Remote Communities Energy Database","licence":"Open Government Licence - Canada","vintage":"2018"}},{"type":"Feature","geometry":{"type":"Point","coordinates":[-69.93,58.7]},"properties":{"id":"rced-209","kind":"remote","cat":"remote-fossil","name":"Tasiujaq","altName":"Leaf Bay","province":"QC","mw":0.85,"population":369,"mainPower":"Diesel","fossilKw":850,"renewableKw":0,"annualFossilMwh":2508,"fuelPrice":1.4,"fuelUnits":"$/l","roadAccess":"No","flyIn":"Yes","provider":"Hydro-Quebec","indigenous":"Inuit","communityType":"Settlement","status":"Active > Single community off-grid","sourceUrl":"https://open.canada.ca/data/en/dataset/0e76433c-7aeb-46dc-a019-11db10ee28dd","sourceTitle":"Remote Communities Energy Database","licence":"Open Government Licence - Canada","vintage":"2018"}},{"type":"Feature","geometry":{"type":"Point","coordinates":[-77.28342,60.03338]},"properties":{"id":"rced-210","kind":"remote","cat":"remote-fossil","name":"Puvirnituq","altName":"Puvirnituq","province":"QC","mw":4.75,"population":1779,"mainPower":"Diesel","fossilKw":4750,"renewableKw":0,"annualFossilMwh":11962,"fuelPrice":1.4,"fuelUnits":"$/l","roadAccess":"No","flyIn":"Yes","provider":"Hydro-Quebec","indigenous":"Inuit","communityType":"Settlement","status":"Active > Single community off-grid","sourceUrl":"https://open.canada.ca/data/en/dataset/0e76433c-7aeb-46dc-a019-11db10ee28dd","sourceTitle":"Remote Communities Energy Database","licence":"Open Government Licence - Canada","vintage":"2018"}},{"type":"Feature","geometry":{"type":"Point","coordinates":[-69.62,61.03]},"properties":{"id":"rced-211","kind":"remote","cat":"remote-fossil","name":"Quaqtaq","altName":"","province":"QC","mw":1.085,"population":403,"mainPower":"Diesel","fossilKw":1085,"renewableKw":0,"annualFossilMwh":2863,"fuelPrice":1.4,"fuelUnits":"$/l","roadAccess":"No","flyIn":"Yes","provider":"Hydro-Quebec","indigenous":"Inuit","communityType":"Settlement","status":"Active > Single community off-grid","sourceUrl":"https://open.canada.ca/data/en/dataset/0e76433c-7aeb-46dc-a019-11db10ee28dd","sourceTitle":"Remote Communities Energy Database","licence":"Open Government Licence - Canada","vintage":"2018"}},{"type":"Feature","geometry":{"type":"Point","coordinates":[-75.65,62.20071]},"properties":{"id":"rced-212","kind":"remote","cat":"remote-fossil","name":"Salluit","altName":"","province":"QC","mw":1.878,"population":1483,"mainPower":"Diesel","fossilKw":1878,"renewableKw":0,"annualFossilMwh":8326,"fuelPrice":1.4,"fuelUnits":"$/l","roadAccess":"No","flyIn":"Yes","provider":"Hydro-Quebec","indigenous":"Inuit","communityType":"Settlement","status":"Active > Single community off-grid","sourceUrl":"https://open.canada.ca/data/en/dataset/0e76433c-7aeb-46dc-a019-11db10ee28dd","sourceTitle":"Remote Communities Energy Database","licence":"Open Government Licence - Canada","vintage":"2018"}},{"type":"Feature","geometry":{"type":"Point","coordinates":[-70.02754,60.01732]},"properties":{"id":"rced-213","kind":"remote","cat":"remote-fossil","name":"Kangirsuk","altName":"Payne Bay","province":"QC","mw":1.46,"population":567,"mainPower":"Diesel","fossilKw":1460,"renewableKw":0,"annualFossilMwh":3601,"fuelPrice":1.4,"fuelUnits":"$/l","roadAccess":"No","flyIn":"Yes","provider":"Hydro-Quebec","indigenous":"Inuit","communityType":"Settlement","status":"Active > Single community off-grid","sourceUrl":"https://open.canada.ca/data/en/dataset/0e76433c-7aeb-46dc-a019-11db10ee28dd","sourceTitle":"Remote Communities Energy Database","licence":"Open Government Licence - Canada","vintage":"2018"}},{"type":"Feature","geometry":{"type":"Point","coordinates":[-68.40612,58.10006]},"properties":{"id":"rced-214","kind":"remote","cat":"remote-fossil","name":"Kuujjuaq","altName":"Fort Chimo","province":"QC","mw":6.01,"population":2754,"mainPower":"Diesel","fossilKw":6010,"renewableKw":0,"annualFossilMwh":20333,"fuelPrice":1.4,"fuelUnits":"$/l","roadAccess":"No","flyIn":"Yes","provider":"Hydro-Quebec","indigenous":"Inuit","communityType":"Settlement","status":"Active > Single community off-grid","sourceUrl":"https://open.canada.ca/data/en/dataset/0e76433c-7aeb-46dc-a019-11db10ee28dd","sourceTitle":"Remote Communities Energy Database","licence":"Open Government Licence - Canada","vintage":"2018"}},{"type":"Feature","geometry":{"type":"Point","coordinates":[-77.75458,55.27987]},"properties":{"id":"rced-215","kind":"remote","cat":"remote-fossil","name":"Kuujjuarapik","altName":"Great Whale","province":"QC","mw":3.405,"population":686,"mainPower":"Diesel","fossilKw":3405,"renewableKw":0,"annualFossilMwh":12257,"fuelPrice":1.4,"fuelUnits":"$/l","roadAccess":"No","flyIn":"Yes","provider":"Hydro-Quebec","indigenous":"Inuit","communityType":"Settlement","status":"Active > Multi-community local microgrid","sourceUrl":"https://open.canada.ca/data/en/dataset/0e76433c-7aeb-46dc-a019-11db10ee28dd","sourceTitle":"Remote Communities Energy Database","licence":"Open Government Licence - Canada","vintage":"2018"}},{"type":"Feature","geometry":{"type":"Point","coordinates":[-77.75,55.25]},"properties":{"id":"rced-216","kind":"remote","cat":"remote-fossil","name":"Whapmagoostui","altName":"","province":"QC","mw":0,"population":984,"mainPower":"Diesel","fossilKw":0,"renewableKw":0,"annualFossilMwh":0,"fuelPrice":null,"fuelUnits":"","roadAccess":"No","flyIn":"Yes","provider":"Hydro-Quebec","indigenous":"First Nation","communityType":"Settlement","status":"Active > Multi-community local microgrid","sourceUrl":"https://open.canada.ca/data/en/dataset/0e76433c-7aeb-46dc-a019-11db10ee28dd","sourceTitle":"Remote Communities Energy Database","licence":"Open Government Licence - Canada","vintage":"2018"}},{"type":"Feature","geometry":{"type":"Point","coordinates":[-66.83333,54.8]},"properties":{"id":"rced-217","kind":"remote","cat":"remote-hydro","name":"Schefferville","altName":"Caniapiscau","province":"QC","mw":45,"population":155,"mainPower":"Hydro","fossilKw":0,"renewableKw":45000,"annualFossilMwh":0,"fuelPrice":0.9,"fuelUnits":"$/l","roadAccess":"No","flyIn":"Yes","provider":"Hydro-Quebec","indigenous":"Non-indigenous","communityType":"Settlement","status":"Active > Multi-community local microgrid","sourceUrl":"https://open.canada.ca/data/en/dataset/0e76433c-7aeb-46dc-a019-11db10ee28dd","sourceTitle":"Remote Communities Energy Database","licence":"Open Government Licence - Canada","vintage":"2018"}},{"type":"Feature","geometry":{"type":"Point","coordinates":[-66.49,54.48]},"properties":{"id":"rced-218","kind":"remote","cat":"remote-hydro","name":"Matimekosh","altName":"","province":"QC","mw":0,"population":613,"mainPower":"Hydro","fossilKw":0,"renewableKw":0,"annualFossilMwh":0,"fuelPrice":null,"fuelUnits":"","roadAccess":"No","flyIn":"Yes","provider":"Hydro-Quebec","indigenous":"First Nation","communityType":"Settlement","status":"Active > Multi-community local microgrid","sourceUrl":"https://open.canada.ca/data/en/dataset/0e76433c-7aeb-46dc-a019-11db10ee28dd","sourceTitle":"Remote Communities Energy Database","licence":"Open Government Licence - Canada","vintage":"2018"}},{"type":"Feature","geometry":{"type":"Point","coordinates":[-66.87,55.17]},"properties":{"id":"rced-219","kind":"remote","cat":"remote-hydro","name":"Kawawachikamach","altName":"","province":"QC","mw":0,"population":601,"mainPower":"Hydro","fossilKw":0,"renewableKw":0,"annualFossilMwh":0,"fuelPrice":null,"fuelUnits":"","roadAccess":"No","flyIn":"Yes","provider":"Hydro-Quebec","indigenous":"First Nation","communityType":"Settlement","status":"Active > Multi-community local microgrid","sourceUrl":"https://open.canada.ca/data/en/dataset/0e76433c-7aeb-46dc-a019-11db10ee28dd","sourceTitle":"Remote Communities Energy Database","licence":"Open Government Licence - Canada","vintage":"2018"}},{"type":"Feature","geometry":{"type":"Point","coordinates":[-73.62,61.66]},"properties":{"id":"rced-220","kind":"remote","cat":"remote-fossil","name":"Raglan Mine","altName":"Kattiniq","province":"QC","mw":24.909599999999998,"population":400,"mainPower":"Diesel","fossilKw":16500,"renewableKw":8409.6,"annualFossilMwh":0,"fuelPrice":null,"fuelUnits":"","roadAccess":"No","flyIn":"No","provider":"Independent","indigenous":"Non-indigenous","communityType":"Commercial","status":"Active > Single community off-grid","sourceUrl":"https://open.canada.ca/data/en/dataset/0e76433c-7aeb-46dc-a019-11db10ee28dd","sourceTitle":"Remote Communities Energy Database","licence":"Open Government Licence - Canada","vintage":"2018"}},{"type":"Feature","geometry":{"type":"Point","coordinates":[-72.22083,52.73056]},"properties":{"id":"rced-221","kind":"remote","cat":"remote-fossil","name":"Renard Diamond Mine","altName":"","province":"QC","mw":14.7,"population":500,"mainPower":"Natural Gas","fossilKw":14700,"renewableKw":0,"annualFossilMwh":0,"fuelPrice":null,"fuelUnits":"","roadAccess":"Yes","flyIn":"No","provider":"Independent","indigenous":"Non-indigenous","communityType":"Commercial","status":"Active > Single community off-grid","sourceUrl":"https://open.canada.ca/data/en/dataset/0e76433c-7aeb-46dc-a019-11db10ee28dd","sourceTitle":"Remote Communities Energy Database","licence":"Open Government Licence - Canada","vintage":"2018"}},{"type":"Feature","geometry":{"type":"Point","coordinates":[-73.5426,61.3843]},"properties":{"id":"rced-222","kind":"remote","cat":"remote-fossil","name":"Nunavik Nickel Mine","altName":"Kattiniq","province":"QC","mw":24,"population":500,"mainPower":"Diesel","fossilKw":24000,"renewableKw":0,"annualFossilMwh":101000,"fuelPrice":0.7718,"fuelUnits":"$/l","roadAccess":"No","flyIn":"Yes","provider":"Independent","indigenous":"Non-indigenous","communityType":"Commercial","status":"Active > Single community off-grid","sourceUrl":"https://open.canada.ca/data/en/dataset/0e76433c-7aeb-46dc-a019-11db10ee28dd","sourceTitle":"Remote Communities Energy Database","licence":"Open Government Licence - Canada","vintage":"2018"}},{"type":"Feature","geometry":{"type":"Point","coordinates":[-77.45,47.53]},"properties":{"id":"rced-223","kind":"remote","cat":"remote-unknown","name":"Kitcisakik","altName":"Grand Lac Victoria","province":"QC","mw":1.5,"population":274,"mainPower":"Other","fossilKw":1500,"renewableKw":0,"annualFossilMwh":0,"fuelPrice":null,"fuelUnits":"","roadAccess":"Yes","flyIn":"No","provider":"PetroNor","indigenous":"First Nation","communityType":"Settlement","status":"Active > Single community off-grid","sourceUrl":"https://open.canada.ca/data/en/dataset/0e76433c-7aeb-46dc-a019-11db10ee28dd","sourceTitle":"Remote Communities Energy Database","licence":"Open Government Licence - Canada","vintage":"2018"}},{"type":"Feature","geometry":{"type":"Point","coordinates":[-56.44,47.58]},"properties":{"id":"rced-224","kind":"remote","cat":"remote-fossil","name":"François","altName":"","province":"NL","mw":0.635,"population":89,"mainPower":"Diesel","fossilKw":635,"renewableKw":0,"annualFossilMwh":660,"fuelPrice":0.987,"fuelUnits":"$/l","roadAccess":"No","flyIn":"No","provider":"N&L Hydro","indigenous":"Non-indigenous","communityType":"Settlement","status":"Active > Single community off-grid","sourceUrl":"https://open.canada.ca/data/en/dataset/0e76433c-7aeb-46dc-a019-11db10ee28dd","sourceTitle":"Remote Communities Energy Database","licence":"Open Government Licence - Canada","vintage":"2018"}},{"type":"Feature","geometry":{"type":"Point","coordinates":[-57.1,47.58]},"properties":{"id":"rced-225","kind":"remote","cat":"remote-fossil","name":"Grey River","altName":"Little River","province":"NL","mw":0.522,"population":104,"mainPower":"Diesel","fossilKw":522,"renewableKw":0,"annualFossilMwh":583,"fuelPrice":0.981,"fuelUnits":"$/l","roadAccess":"No","flyIn":"No","provider":"N&L Hydro","indigenous":"Non-indigenous","communityType":"Settlement","status":"Active > Single community off-grid","sourceUrl":"https://open.canada.ca/data/en/dataset/0e76433c-7aeb-46dc-a019-11db10ee28dd","sourceTitle":"Remote Communities Energy Database","licence":"Open Government Licence - Canada","vintage":"2018"}},{"type":"Feature","geometry":{"type":"Point","coordinates":[-55.8,49.64]},"properties":{"id":"rced-226","kind":"remote","cat":"remote-fossil","name":"Little Bay Islands","altName":"","province":"NL","mw":0.93,"population":71,"mainPower":"Diesel","fossilKw":930,"renewableKw":0,"annualFossilMwh":551,"fuelPrice":0.732,"fuelUnits":"$/l","roadAccess":"No","flyIn":"No","provider":"N&L Hydro","indigenous":"Non-indigenous","communityType":"Settlement","status":"Active > Single community off-grid","sourceUrl":"https://open.canada.ca/data/en/dataset/0e76433c-7aeb-46dc-a019-11db10ee28dd","sourceTitle":"Remote Communities Energy Database","licence":"Open Government Licence - Canada","vintage":"2018"}},{"type":"Feature","geometry":{"type":"Point","coordinates":[-56.23,47.63]},"properties":{"id":"rced-227","kind":"remote","cat":"remote-fossil","name":"McCallum","altName":"","province":"NL","mw":0.446,"population":73,"mainPower":"Diesel","fossilKw":446,"renewableKw":0,"annualFossilMwh":501,"fuelPrice":1.036,"fuelUnits":"$/l","roadAccess":"No","flyIn":"No","provider":"N&L Hydro","indigenous":"Non-indigenous","communityType":"Settlement","status":"Active > Single community off-grid","sourceUrl":"https://open.canada.ca/data/en/dataset/0e76433c-7aeb-46dc-a019-11db10ee28dd","sourceTitle":"Remote Communities Energy Database","licence":"Open Government Licence - Canada","vintage":"2018"}},{"type":"Feature","geometry":{"type":"Point","coordinates":[-57.39,47.52]},"properties":{"id":"rced-228","kind":"remote","cat":"remote-fossil","name":"Ramea","altName":"","province":"NL","mw":3.333,"population":447,"mainPower":"Diesel","fossilKw":2775,"renewableKw":558,"annualFossilMwh":3853,"fuelPrice":0.916,"fuelUnits":"$/l","roadAccess":"No","flyIn":"No","provider":"N&L Hydro","indigenous":"Non-indigenous","communityType":"Settlement","status":"Active > Single community off-grid","sourceUrl":"https://open.canada.ca/data/en/dataset/0e76433c-7aeb-46dc-a019-11db10ee28dd","sourceTitle":"Remote Communities Energy Database","licence":"Open Government Licence - Canada","vintage":"2018"}},{"type":"Feature","geometry":{"type":"Point","coordinates":[-53.67,48.85]},"properties":{"id":"rced-229","kind":"remote","cat":"remote-fossil","name":"St. Brendan's","altName":"","province":"NL","mw":0.712,"population":145,"mainPower":"Diesel","fossilKw":712,"renewableKw":0,"annualFossilMwh":1051,"fuelPrice":0.672,"fuelUnits":"$/l","roadAccess":"No","flyIn":"No","provider":"N&L Hydro","indigenous":"Non-indigenous","communityType":"Settlement","status":"Active > Multi-community local microgrid","sourceUrl":"https://open.canada.ca/data/en/dataset/0e76433c-7aeb-46dc-a019-11db10ee28dd","sourceTitle":"Remote Communities Energy Database","licence":"Open Government Licence - Canada","vintage":"2018"}},{"type":"Feature","geometry":{"type":"Point","coordinates":[-56.15,52.77]},"properties":{"id":"rced-235","kind":"remote","cat":"remote-fossil","name":"Charlottetown","altName":"","province":"NL","mw":3.16,"population":290,"mainPower":"Diesel","fossilKw":3160,"renewableKw":0,"annualFossilMwh":5631,"fuelPrice":0.865,"fuelUnits":"$/l","roadAccess":"Yes","flyIn":"No","provider":"N&L Hydro","indigenous":"Indigenous Collective","communityType":"Settlement","status":"Active > Single community off-grid","sourceUrl":"https://open.canada.ca/data/en/dataset/0e76433c-7aeb-46dc-a019-11db10ee28dd","sourceTitle":"Remote Communities Energy Database","licence":"Open Government Licence - Canada","vintage":"2018"}},{"type":"Feature","geometry":{"type":"Point","coordinates":[-56.83,51.53]},"properties":{"id":"rced-236","kind":"remote","cat":"remote-hydro","name":"L'Anse-au-Loup","altName":"Wolf Cove","province":"NL","mw":31.729,"population":558,"mainPower":"Hydro","fossilKw":7150,"renewableKw":24579,"annualFossilMwh":0,"fuelPrice":0.78,"fuelUnits":"$/l","roadAccess":"Yes","flyIn":"No","provider":"N&L Hydro","indigenous":"Non-indigenous","communityType":"Settlement","status":"Active > Multi-community local microgrid","sourceUrl":"https://open.canada.ca/data/en/dataset/0e76433c-7aeb-46dc-a019-11db10ee28dd","sourceTitle":"Remote Communities Energy Database","licence":"Open Government Licence - Canada","vintage":"2018"}},{"type":"Feature","geometry":{"type":"Point","coordinates":[-56.95,51.49]},"properties":{"id":"rced-237","kind":"remote","cat":"remote-hydro","name":"Forteau","altName":"","province":"NL","mw":0,"population":409,"mainPower":"Hydro","fossilKw":0,"renewableKw":0,"annualFossilMwh":0,"fuelPrice":null,"fuelUnits":"$/l","roadAccess":"Yes","flyIn":"No","provider":"N&L Hydro","indigenous":"Non-indigenous","communityType":"Settlement","status":"Active > Multi-community local microgrid","sourceUrl":"https://open.canada.ca/data/en/dataset/0e76433c-7aeb-46dc-a019-11db10ee28dd","sourceTitle":"Remote Communities Energy Database","licence":"Open Government Licence - Canada","vintage":"2018"}},{"type":"Feature","geometry":{"type":"Point","coordinates":[-57.07,51.46]},"properties":{"id":"rced-238","kind":"remote","cat":"remote-hydro","name":"L'Anse-au-Clair","altName":"","province":"NL","mw":0,"population":216,"mainPower":"Hydro","fossilKw":0,"renewableKw":0,"annualFossilMwh":0,"fuelPrice":null,"fuelUnits":"$/l","roadAccess":"Yes","flyIn":"No","provider":"N&L Hydro","indigenous":"Non-indigenous","communityType":"Settlement","status":"Active > Multi-community local microgrid","sourceUrl":"https://open.canada.ca/data/en/dataset/0e76433c-7aeb-46dc-a019-11db10ee28dd","sourceTitle":"Remote Communities Energy Database","licence":"Open Government Licence - Canada","vintage":"2018"}},{"type":"Feature","geometry":{"type":"Point","coordinates":[-56.72,51.6]},"properties":{"id":"rced-239","kind":"remote","cat":"remote-hydro","name":"West St. Modeste","altName":"","province":"NL","mw":0,"population":111,"mainPower":"Hydro","fossilKw":0,"renewableKw":0,"annualFossilMwh":1108,"fuelPrice":null,"fuelUnits":"$/l","roadAccess":"Yes","flyIn":"No","provider":"N&L Hydro","indigenous":"Non-indigenous","communityType":"Settlement","status":"Active > Multi-community local microgrid","sourceUrl":"https://open.canada.ca/data/en/dataset/0e76433c-7aeb-46dc-a019-11db10ee28dd","sourceTitle":"Remote Communities Energy Database","licence":"Open Government Licence - Canada","vintage":"2018"}},{"type":"Feature","geometry":{"type":"Point","coordinates":[-56.43,51.73]},"properties":{"id":"rced-240","kind":"remote","cat":"remote-hydro","name":"Red Bay","altName":"","province":"NL","mw":0,"population":169,"mainPower":"Hydro","fossilKw":0,"renewableKw":0,"annualFossilMwh":0,"fuelPrice":null,"fuelUnits":"$/l","roadAccess":"Yes","flyIn":"No","provider":"N&L Hydro","indigenous":"Non-indigenous","communityType":"Settlement","status":"Active > Multi-community local microgrid","sourceUrl":"https://open.canada.ca/data/en/dataset/0e76433c-7aeb-46dc-a019-11db10ee28dd","sourceTitle":"Remote Communities Energy Database","licence":"Open Government Licence - Canada","vintage":"2018"}},{"type":"Feature","geometry":{"type":"Point","coordinates":[-56.71,51.62]},"properties":{"id":"rced-241","kind":"remote","cat":"remote-hydro","name":"Pinware","altName":"Pied Noir","province":"NL","mw":0,"population":88,"mainPower":"Hydro","fossilKw":0,"renewableKw":0,"annualFossilMwh":0,"fuelPrice":null,"fuelUnits":"$/l","roadAccess":"Yes","flyIn":"No","provider":"N&L Hydro","indigenous":"Non-indigenous","communityType":"Settlement","status":"Active > Multi-community local microgrid","sourceUrl":"https://open.canada.ca/data/en/dataset/0e76433c-7aeb-46dc-a019-11db10ee28dd","sourceTitle":"Remote Communities Energy Database","licence":"Open Government Licence - Canada","vintage":"2018"}},{"type":"Feature","geometry":{"type":"Point","coordinates":[-55.91,52.94]},"properties":{"id":"rced-242","kind":"remote","cat":"remote-fossil","name":"Norman's Bay","altName":"Norman Bay","province":"NL","mw":0.16,"population":25,"mainPower":"Diesel","fossilKw":160,"renewableKw":0,"annualFossilMwh":211,"fuelPrice":1.157,"fuelUnits":"$/l","roadAccess":"No","flyIn":"No","provider":"N&L Hydro","indigenous":"Indigenous Collective","communityType":"Settlement","status":"Active > Single community off-grid","sourceUrl":"https://open.canada.ca/data/en/dataset/0e76433c-7aeb-46dc-a019-11db10ee28dd","sourceTitle":"Remote Communities Energy Database","licence":"Open Government Licence - Canada","vintage":"2018"}},{"type":"Feature","geometry":{"type":"Point","coordinates":[-55.83,52.3]},"properties":{"id":"rced-243","kind":"remote","cat":"remote-fossil","name":"Mary's Harbour","altName":"","province":"NL","mw":2.635,"population":341,"mainPower":"Diesel","fossilKw":2635,"renewableKw":0,"annualFossilMwh":4561,"fuelPrice":0.883,"fuelUnits":"$/l","roadAccess":"Yes","flyIn":"No","provider":"N&L Hydro","indigenous":"Indigenous Collective","communityType":"Settlement","status":"Active > Multi-community local microgrid","sourceUrl":"https://open.canada.ca/data/en/dataset/0e76433c-7aeb-46dc-a019-11db10ee28dd","sourceTitle":"Remote Communities Energy Database","licence":"Open Government Licence - Canada","vintage":"2018"}},{"type":"Feature","geometry":{"type":"Point","coordinates":[-55.85,52.23]},"properties":{"id":"rced-244","kind":"remote","cat":"remote-fossil","name":"Lodge Bay","altName":"Ranger Lodge","province":"NL","mw":0,"population":65,"mainPower":"Diesel","fossilKw":0,"renewableKw":0,"annualFossilMwh":0,"fuelPrice":null,"fuelUnits":"$/l","roadAccess":"Yes","flyIn":"No","provider":"N&L Hydro","indigenous":"Non-indigenous","communityType":"Settlement","status":"Active > Multi-community local microgrid","sourceUrl":"https://open.canada.ca/data/en/dataset/0e76433c-7aeb-46dc-a019-11db10ee28dd","sourceTitle":"Remote Communities Energy Database","licence":"Open Government Licence - Canada","vintage":"2018"}},{"type":"Feature","geometry":{"type":"Point","coordinates":[-56.3,52.54]},"properties":{"id":"rced-245","kind":"remote","cat":"remote-fossil","name":"Port Hope Simpson","altName":"","province":"NL","mw":1.965,"population":412,"mainPower":"Diesel","fossilKw":1965,"renewableKw":0,"annualFossilMwh":3504,"fuelPrice":0.879,"fuelUnits":"$/l","roadAccess":"Yes","flyIn":"No","provider":"N&L Hydro","indigenous":"Indigenous Collective","communityType":"Settlement","status":"Active > Single community off-grid","sourceUrl":"https://open.canada.ca/data/en/dataset/0e76433c-7aeb-46dc-a019-11db10ee28dd","sourceTitle":"Remote Communities Energy Database","licence":"Open Government Licence - Canada","vintage":"2018"}},{"type":"Feature","geometry":{"type":"Point","coordinates":[-55.7,52.37]},"properties":{"id":"rced-246","kind":"remote","cat":"remote-fossil","name":"St Lewis","altName":"Fox Harbour;Ilha de Frey Luis","province":"NL","mw":1.02,"population":194,"mainPower":"Diesel","fossilKw":1020,"renewableKw":0,"annualFossilMwh":1604,"fuelPrice":0.857,"fuelUnits":"$/l","roadAccess":"Yes","flyIn":"No","provider":"N&L Hydro","indigenous":"Indigenous Collective","communityType":"Settlement","status":"Active > Single community off-grid","sourceUrl":"https://open.canada.ca/data/en/dataset/0e76433c-7aeb-46dc-a019-11db10ee28dd","sourceTitle":"Remote Communities Energy Database","licence":"Open Government Licence - Canada","vintage":"2018"}},{"type":"Feature","geometry":{"type":"Point","coordinates":[-55.77,53.46]},"properties":{"id":"rced-248","kind":"remote","cat":"remote-fossil","name":"Black Tickle","altName":"Kikkertet","province":"NL","mw":1.005,"population":150,"mainPower":"Diesel","fossilKw":1005,"renewableKw":0,"annualFossilMwh":1163,"fuelPrice":0.958,"fuelUnits":"$/l","roadAccess":"No","flyIn":"No","provider":"N&L Hydro","indigenous":"Indigenous Collective","communityType":"Settlement","status":"Active > Single community off-grid","sourceUrl":"https://open.canada.ca/data/en/dataset/0e76433c-7aeb-46dc-a019-11db10ee28dd","sourceTitle":"Remote Communities Energy Database","licence":"Open Government Licence - Canada","vintage":"2018"}},{"type":"Feature","geometry":{"type":"Point","coordinates":[-56.97,53.69]},"properties":{"id":"rced-249","kind":"remote","cat":"remote-fossil","name":"Cartwright","altName":"","province":"NL","mw":2.22,"population":427,"mainPower":"Diesel","fossilKw":2220,"renewableKw":0,"annualFossilMwh":4477,"fuelPrice":0.869,"fuelUnits":"$/l","roadAccess":"Yes","flyIn":"No","provider":"N&L Hydro","indigenous":"Indigenous Collective","communityType":"Settlement","status":"Active > Single community off-grid","sourceUrl":"https://open.canada.ca/data/en/dataset/0e76433c-7aeb-46dc-a019-11db10ee28dd","sourceTitle":"Remote Communities Energy Database","licence":"Open Government Licence - Canada","vintage":"2018"}},{"type":"Feature","geometry":{"type":"Point","coordinates":[-57.27,53.44]},"properties":{"id":"rced-251","kind":"remote","cat":"remote-fossil","name":"Paradise River","altName":"","province":"NL","mw":0.15,"population":10,"mainPower":"Diesel","fossilKw":150,"renewableKw":0,"annualFossilMwh":210,"fuelPrice":0.9,"fuelUnits":"$/l","roadAccess":"Yes","flyIn":"No","provider":"N&L Hydro","indigenous":"Indigenous Collective","communityType":"Settlement","status":"Active > Single community off-grid","sourceUrl":"https://open.canada.ca/data/en/dataset/0e76433c-7aeb-46dc-a019-11db10ee28dd","sourceTitle":"Remote Communities Energy Database","licence":"Open Government Licence - Canada","vintage":"2018"}},{"type":"Feature","geometry":{"type":"Point","coordinates":[-60.23,55.46]},"properties":{"id":"rced-252","kind":"remote","cat":"remote-fossil","name":"Hopedale","altName":"Agvituk","province":"NL","mw":2.5,"population":574,"mainPower":"Diesel","fossilKw":2500,"renewableKw":0,"annualFossilMwh":5203,"fuelPrice":0.895,"fuelUnits":"$/l","roadAccess":"No","flyIn":"Yes","provider":"N&L Hydro","indigenous":"Inuit","communityType":"Settlement","status":"Active > Single community off-grid","sourceUrl":"https://open.canada.ca/data/en/dataset/0e76433c-7aeb-46dc-a019-11db10ee28dd","sourceTitle":"Remote Communities Energy Database","licence":"Open Government Licence - Canada","vintage":"2018"}},{"type":"Feature","geometry":{"type":"Point","coordinates":[-59.2,55.05]},"properties":{"id":"rced-253","kind":"remote","cat":"remote-fossil","name":"Makkovik","altName":"Maquuvik","province":"NL","mw":1.7,"population":377,"mainPower":"Diesel","fossilKw":1700,"renewableKw":0,"annualFossilMwh":4520,"fuelPrice":0.916,"fuelUnits":"$/l","roadAccess":"No","flyIn":"Yes","provider":"N&L Hydro","indigenous":"Inuit","communityType":"Settlement","status":"Active > Single community off-grid","sourceUrl":"https://open.canada.ca/data/en/dataset/0e76433c-7aeb-46dc-a019-11db10ee28dd","sourceTitle":"Remote Communities Energy Database","licence":"Open Government Licence - Canada","vintage":"2018"}},{"type":"Feature","geometry":{"type":"Point","coordinates":[-61.72,56.54]},"properties":{"id":"rced-254","kind":"remote","cat":"remote-fossil","name":"Nain","altName":"Nunajnguk","province":"NL","mw":3.755,"population":1125,"mainPower":"Diesel","fossilKw":3755,"renewableKw":0,"annualFossilMwh":9377,"fuelPrice":0.91,"fuelUnits":"$/l","roadAccess":"No","flyIn":"Yes","provider":"N&L Hydro","indigenous":"Inuit","communityType":"Settlement","status":"Active > Single community off-grid","sourceUrl":"https://open.canada.ca/data/en/dataset/0e76433c-7aeb-46dc-a019-11db10ee28dd","sourceTitle":"Remote Communities Energy Database","licence":"Open Government Licence - Canada","vintage":"2018"}},{"type":"Feature","geometry":{"type":"Point","coordinates":[-59.8,54.9]},"properties":{"id":"rced-255","kind":"remote","cat":"remote-fossil","name":"Postville","altName":"Kaipokok;Qipuqqaq","province":"NL","mw":0.89,"population":177,"mainPower":"Diesel","fossilKw":890,"renewableKw":0,"annualFossilMwh":2032,"fuelPrice":0.927,"fuelUnits":"$/l","roadAccess":"No","flyIn":"Yes","provider":"N&L Hydro","indigenous":"Inuit","communityType":"Settlement","status":"Active > Single community off-grid","sourceUrl":"https://open.canada.ca/data/en/dataset/0e76433c-7aeb-46dc-a019-11db10ee28dd","sourceTitle":"Remote Communities Energy Database","licence":"Open Government Licence - Canada","vintage":"2018"}},{"type":"Feature","geometry":{"type":"Point","coordinates":[-58.43,54.18]},"properties":{"id":"rced-256","kind":"remote","cat":"remote-fossil","name":"Rigolet","altName":"Kikiaq","province":"NL","mw":1.32,"population":305,"mainPower":"Diesel","fossilKw":1320,"renewableKw":0,"annualFossilMwh":3049,"fuelPrice":0.899,"fuelUnits":"$/l","roadAccess":"No","flyIn":"Yes","provider":"N&L Hydro","indigenous":"Inuit","communityType":"Settlement","status":"Active > Single community off-grid","sourceUrl":"https://open.canada.ca/data/en/dataset/0e76433c-7aeb-46dc-a019-11db10ee28dd","sourceTitle":"Remote Communities Energy Database","licence":"Open Government Licence - Canada","vintage":"2018"}},{"type":"Feature","geometry":{"type":"Point","coordinates":[-61.18,55.92]},"properties":{"id":"rced-258","kind":"remote","cat":"remote-fossil","name":"Natuashish 2","altName":"Mushuau Innu First Nation","province":"NL","mw":3.273,"population":936,"mainPower":"Diesel","fossilKw":3273,"renewableKw":0,"annualFossilMwh":9420,"fuelPrice":null,"fuelUnits":"$/l","roadAccess":"No","flyIn":"Yes","provider":"N&L Hydro","indigenous":"First Nation","communityType":"Settlement","status":"Active > Single community off-grid","sourceUrl":"https://open.canada.ca/data/en/dataset/0e76433c-7aeb-46dc-a019-11db10ee28dd","sourceTitle":"Remote Communities Energy Database","licence":"Open Government Licence - Canada","vintage":"2018"}},{"type":"Feature","geometry":{"type":"Point","coordinates":[-62.0909,56.3317]},"properties":{"id":"rced-261","kind":"remote","cat":"remote-fossil","name":"Voisey's Bay Mine","altName":"","province":"NL","mw":27,"population":450,"mainPower":"Diesel","fossilKw":27000,"renewableKw":0,"annualFossilMwh":101452.186,"fuelPrice":0.66,"fuelUnits":"$/l","roadAccess":"No","flyIn":"Yes","provider":"Independent","indigenous":"Non-indigenous","communityType":"Commercial","status":"Active > Single community off-grid","sourceUrl":"https://open.canada.ca/data/en/dataset/0e76433c-7aeb-46dc-a019-11db10ee28dd","sourceTitle":"Remote Communities Energy Database","licence":"Open Government Licence - Canada","vintage":"2018"}},{"type":"Feature","geometry":{"type":"Point","coordinates":[-102.01701,57.08346]},"properties":{"id":"rced-262","kind":"remote","cat":"remote-fossil","name":"Kinoosao","altName":"Thomas Clark 204","province":"SK","mw":0.09,"population":10,"mainPower":"Diesel","fossilKw":90,"renewableKw":0,"annualFossilMwh":0.2345,"fuelPrice":1.06,"fuelUnits":"$/l","roadAccess":"Yes","flyIn":"No","provider":"Saskpower","indigenous":"First Nation","communityType":"Settlement","status":"Active > Single community off-grid","sourceUrl":"https://open.canada.ca/data/en/dataset/0e76433c-7aeb-46dc-a019-11db10ee28dd","sourceTitle":"Remote Communities Energy Database","licence":"Open Government Licence - Canada","vintage":"2018"}},{"type":"Feature","geometry":{"type":"Point","coordinates":[-101.67111,57.87972]},"properties":{"id":"rced-263","kind":"remote","cat":"remote-fossil","name":"Barren Lands","altName":"Brochet 197","province":"MB","mw":2.63,"population":383,"mainPower":"Diesel","fossilKw":2630,"renewableKw":0,"annualFossilMwh":0,"fuelPrice":null,"fuelUnits":"","roadAccess":"No","flyIn":"Yes","provider":"Manitoba Hydro","indigenous":"First Nation","communityType":"Settlement","status":"Active > Multi-community local microgrid","sourceUrl":"https://open.canada.ca/data/en/dataset/0e76433c-7aeb-46dc-a019-11db10ee28dd","sourceTitle":"Remote Communities Energy Database","licence":"Open Government Licence - Canada","vintage":"2018"}},{"type":"Feature","geometry":{"type":"Point","coordinates":[-101.67111,57.87972]},"properties":{"id":"rced-264","kind":"remote","cat":"remote-fossil","name":"Brochet","altName":"","province":"MB","mw":2.63,"population":489,"mainPower":"Diesel","fossilKw":2630,"renewableKw":0,"annualFossilMwh":3109,"fuelPrice":null,"fuelUnits":"","roadAccess":"No","flyIn":"Yes","provider":"Manitoba Hydro","indigenous":"Non-indigenous","communityType":"Settlement","status":"Active > Multi-community local microgrid","sourceUrl":"https://open.canada.ca/data/en/dataset/0e76433c-7aeb-46dc-a019-11db10ee28dd","sourceTitle":"Remote Communities Energy Database","licence":"Open Government Licence - Canada","vintage":"2018"}},{"type":"Feature","geometry":{"type":"Point","coordinates":[-101.48389,58.62]},"properties":{"id":"rced-270","kind":"remote","cat":"remote-fossil","name":"Lac Brochet","altName":"Northlands;Lac Brochet 197A","province":"MB","mw":2.305,"population":919,"mainPower":"Diesel","fossilKw":2305,"renewableKw":0,"annualFossilMwh":3557,"fuelPrice":null,"fuelUnits":"","roadAccess":"No","flyIn":"Yes","provider":"Manitoba Hydro","indigenous":"First Nation","communityType":"Settlement","status":"Active > Single community off-grid","sourceUrl":"https://open.canada.ca/data/en/dataset/0e76433c-7aeb-46dc-a019-11db10ee28dd","sourceTitle":"Remote Communities Energy Database","licence":"Open Government Licence - Canada","vintage":"2018"}},{"type":"Feature","geometry":{"type":"Point","coordinates":[-92.08333,55.85]},"properties":{"id":"rced-275","kind":"remote","cat":"remote-fossil","name":"Shamattawa","altName":"Shamattawa 1","province":"MB","mw":4.495,"population":1443,"mainPower":"Diesel","fossilKw":4495,"renewableKw":0,"annualFossilMwh":6330,"fuelPrice":null,"fuelUnits":"","roadAccess":"No","flyIn":"Yes","provider":"Manitoba Hydro","indigenous":"First Nation","communityType":"Settlement","status":"Active > Single community off-grid","sourceUrl":"https://open.canada.ca/data/en/dataset/0e76433c-7aeb-46dc-a019-11db10ee28dd","sourceTitle":"Remote Communities Energy Database","licence":"Open Government Licence - Canada","vintage":"2018"}},{"type":"Feature","geometry":{"type":"Point","coordinates":[-98.48028,58.71194]},"properties":{"id":"rced-277","kind":"remote","cat":"remote-fossil","name":"Tadoule Lake","altName":"Sayisi Dene;Churchill 1","province":"MB","mw":2.305,"population":311,"mainPower":"Diesel","fossilKw":2305,"renewableKw":0,"annualFossilMwh":2406,"fuelPrice":null,"fuelUnits":"","roadAccess":"No","flyIn":"Yes","provider":"Manitoba Hydro","indigenous":"First Nation","communityType":"Settlement","status":"Active > Single community off-grid","sourceUrl":"https://open.canada.ca/data/en/dataset/0e76433c-7aeb-46dc-a019-11db10ee28dd","sourceTitle":"Remote Communities Energy Database","licence":"Open Government Licence - Canada","vintage":"2018"}},{"type":"Feature","geometry":{"type":"Point","coordinates":[-110.27333,64.49611]},"properties":{"id":"rced-279","kind":"remote","cat":"remote-fossil","name":"Diavik Diamond Mine","altName":"","province":"NT","mw":67.580901,"population":330,"mainPower":"Diesel","fossilKw":51200,"renewableKw":16380.901,"annualFossilMwh":174508416,"fuelPrice":1.3,"fuelUnits":"$/l","roadAccess":"No","flyIn":"Yes","provider":"Independent","indigenous":"Non-Indigenous","communityType":"Commercial","status":"Active > Single community off-grid","sourceUrl":"https://open.canada.ca/data/en/dataset/0e76433c-7aeb-46dc-a019-11db10ee28dd","sourceTitle":"Remote Communities Energy Database","licence":"Open Government Licence - Canada","vintage":"2018"}},{"type":"Feature","geometry":{"type":"Point","coordinates":[-110.618,64.715]},"properties":{"id":"rced-280","kind":"remote","cat":"remote-fossil","name":"Ekati Diamond Mine","altName":"","province":"NT","mw":31,"population":0,"mainPower":"Diesel","fossilKw":31000,"renewableKw":0,"annualFossilMwh":11400,"fuelPrice":1.13,"fuelUnits":"$/l","roadAccess":"No","flyIn":"Yes","provider":"Independent","indigenous":"Non-Indigenous","communityType":"Commercial","status":"Active > Single community off-grid","sourceUrl":"https://open.canada.ca/data/en/dataset/0e76433c-7aeb-46dc-a019-11db10ee28dd","sourceTitle":"Remote Communities Energy Database","licence":"Open Government Licence - Canada","vintage":"2018"}},{"type":"Feature","geometry":{"type":"Point","coordinates":[-109.1767,63.4415]},"properties":{"id":"rced-281","kind":"remote","cat":"remote-fossil","name":"Gahcho Kué Mine","altName":"","province":"NT","mw":14.1,"population":0,"mainPower":"Diesel","fossilKw":14100,"renewableKw":0,"annualFossilMwh":8800,"fuelPrice":null,"fuelUnits":"","roadAccess":"No","flyIn":"Yes","provider":"Independent","indigenous":"Non-Indigenous","communityType":"Commercial","status":"Active > Single community off-grid","sourceUrl":"https://open.canada.ca/data/en/dataset/0e76433c-7aeb-46dc-a019-11db10ee28dd","sourceTitle":"Remote Communities Energy Database","licence":"Open Government Licence - Canada","vintage":"2018"}},{"type":"Feature","geometry":{"type":"Point","coordinates":[-124.48,61.33]},"properties":{"id":"rced-284","kind":"remote","cat":"remote-fossil","name":"Prairie Creek Mine","altName":"","province":"NT","mw":5.2,"population":120,"mainPower":"Diesel","fossilKw":5200,"renewableKw":0,"annualFossilMwh":0,"fuelPrice":null,"fuelUnits":"","roadAccess":"Yes","flyIn":"No","provider":"Independent","indigenous":"Non-Indigenous","communityType":"Commercial","status":"Active > Single community off-grid","sourceUrl":"https://open.canada.ca/data/en/dataset/0e76433c-7aeb-46dc-a019-11db10ee28dd","sourceTitle":"Remote Communities Energy Database","licence":"Open Government Licence - Canada","vintage":"2018"}},{"type":"Feature","geometry":{"type":"Point","coordinates":[-116.14071,60.56117]},"properties":{"id":"rced-287","kind":"remote","cat":"remote-grid","name":"Enterprise","altName":"","province":"NT","mw":0,"population":106,"mainPower":"Prov./terr. grid","fossilKw":0,"renewableKw":0,"annualFossilMwh":0,"fuelPrice":null,"fuelUnits":"","roadAccess":"Yes","flyIn":"No","provider":"Northland","indigenous":"Non-indigenous","communityType":"Settlement","status":"Active > Grid connected: Yukon or NWT grid","sourceUrl":"https://open.canada.ca/data/en/dataset/0e76433c-7aeb-46dc-a019-11db10ee28dd","sourceTitle":"Remote Communities Energy Database","licence":"Open Government Licence - Canada","vintage":"2018"}},{"type":"Feature","geometry":{"type":"Point","coordinates":[-117.6332,61.34683]},"properties":{"id":"rced-288","kind":"remote","cat":"remote-fossil","name":"Fort Providence","altName":"Deh Gáh Got'ie Dene","province":"NT","mw":1.705,"population":695,"mainPower":"Diesel","fossilKw":1705,"renewableKw":0,"annualFossilMwh":3122.7,"fuelPrice":null,"fuelUnits":"","roadAccess":"Yes","flyIn":"No","provider":"Northland","indigenous":"First Nation","communityType":"Settlement","status":"Active > Single community off-grid","sourceUrl":"https://open.canada.ca/data/en/dataset/0e76433c-7aeb-46dc-a019-11db10ee28dd","sourceTitle":"Remote Communities Energy Database","licence":"Open Government Licence - Canada","vintage":"2018"}},{"type":"Feature","geometry":{"type":"Point","coordinates":[-115.73333,60.85]},"properties":{"id":"rced-289","kind":"remote","cat":"remote-grid","name":"Hay River","altName":"","province":"NT","mw":73.351,"population":3528,"mainPower":"Prov./terr. grid","fossilKw":8340,"renewableKw":65011,"annualFossilMwh":1085.8,"fuelPrice":null,"fuelUnits":"","roadAccess":"Yes","flyIn":"No","provider":"Northland","indigenous":"First Nation","communityType":"Settlement","status":"Active > Grid connected: Yukon or NWT grid","sourceUrl":"https://open.canada.ca/data/en/dataset/0e76433c-7aeb-46dc-a019-11db10ee28dd","sourceTitle":"Remote Communities Energy Database","licence":"Open Government Licence - Canada","vintage":"2018"}},{"type":"Feature","geometry":{"type":"Point","coordinates":[-115.7616,60.83504]},"properties":{"id":"rced-290","kind":"remote","cat":"remote-grid","name":"Hay River Dene 1","altName":"K'atl'odeeche","province":"NT","mw":0,"population":309,"mainPower":"Prov./terr. grid","fossilKw":0,"renewableKw":0,"annualFossilMwh":0,"fuelPrice":null,"fuelUnits":"","roadAccess":"Yes","flyIn":"No","provider":"Northland","indigenous":"First Nation","communityType":"Settlement","status":"Active > Grid connected: Yukon or NWT grid","sourceUrl":"https://open.canada.ca/data/en/dataset/0e76433c-7aeb-46dc-a019-11db10ee28dd","sourceTitle":"Remote Communities Energy Database","licence":"Open Government Licence - Canada","vintage":"2018"}},{"type":"Feature","geometry":{"type":"Point","coordinates":[-117.4178,60.93601]},"properties":{"id":"rced-291","kind":"remote","cat":"remote-fossil","name":"Kakisa","altName":"Ka'a'gee Tu","province":"NT","mw":0.411,"population":36,"mainPower":"Diesel","fossilKw":411,"renewableKw":0,"annualFossilMwh":325.7,"fuelPrice":null,"fuelUnits":"","roadAccess":"Yes","flyIn":"No","provider":"Northland","indigenous":"First Nation","communityType":"Settlement","status":"Active > Single community off-grid","sourceUrl":"https://open.canada.ca/data/en/dataset/0e76433c-7aeb-46dc-a019-11db10ee28dd","sourceTitle":"Remote Communities Energy Database","licence":"Open Government Licence - Canada","vintage":"2018"}},{"type":"Feature","geometry":{"type":"Point","coordinates":[-114.34433,62.47395]},"properties":{"id":"rced-292","kind":"remote","cat":"remote-grid","name":"Ndilǫ","altName":"N'dilo,Yellowknife","province":"NT","mw":0,"population":210,"mainPower":"Prov./terr. grid","fossilKw":0,"renewableKw":0,"annualFossilMwh":0,"fuelPrice":null,"fuelUnits":"","roadAccess":"Yes","flyIn":"No","provider":"Northland","indigenous":"First Nation","communityType":"Settlement","status":"Active > Grid connected: Yukon or NWT grid","sourceUrl":"https://open.canada.ca/data/en/dataset/0e76433c-7aeb-46dc-a019-11db10ee28dd","sourceTitle":"Remote Communities Energy Database","licence":"Open Government Licence - Canada","vintage":"2018"}},{"type":"Feature","geometry":{"type":"Point","coordinates":[-121.24528,60.4425]},"properties":{"id":"rced-293","kind":"remote","cat":"remote-fossil","name":"Sambaa K'e","altName":"Trout Lake","province":"NT","mw":0.45,"population":88,"mainPower":"Diesel","fossilKw":450,"renewableKw":0,"annualFossilMwh":451.2,"fuelPrice":null,"fuelUnits":"","roadAccess":"No","flyIn":"Yes","provider":"Northland","indigenous":"First Nation","communityType":"Settlement","status":"Active > Single community off-grid","sourceUrl":"https://open.canada.ca/data/en/dataset/0e76433c-7aeb-46dc-a019-11db10ee28dd","sourceTitle":"Remote Communities Energy Database","licence":"Open Government Licence - Canada","vintage":"2018"}},{"type":"Feature","geometry":{"type":"Point","coordinates":[-114.18333,64.18333]},"properties":{"id":"rced-294","kind":"remote","cat":"remote-fossil","name":"Wekweètì","altName":"Snare Lake","province":"NT","mw":0.47,"population":129,"mainPower":"Diesel","fossilKw":470,"renewableKw":0,"annualFossilMwh":662.2,"fuelPrice":null,"fuelUnits":"","roadAccess":"No","flyIn":"Yes","provider":"Northland","indigenous":"First Nation","communityType":"Settlement","status":"Active > Single community off-grid","sourceUrl":"https://open.canada.ca/data/en/dataset/0e76433c-7aeb-46dc-a019-11db10ee28dd","sourceTitle":"Remote Communities Energy Database","licence":"Open Government Licence - Canada","vintage":"2018"}},{"type":"Feature","geometry":{"type":"Point","coordinates":[-114.36968,62.45574]},"properties":{"id":"rced-295","kind":"remote","cat":"remote-grid","name":"Yellowknife","altName":"","province":"NT","mw":140.935,"population":19569,"mainPower":"Prov./terr. grid","fossilKw":27660,"renewableKw":113275,"annualFossilMwh":0,"fuelPrice":0.26,"fuelUnits":"$/l","roadAccess":"Yes","flyIn":"No","provider":"Northland","indigenous":"Non-Indigenous","communityType":"Settlement","status":"Active > Grid connected: Yukon or NWT grid","sourceUrl":"https://open.canada.ca/data/en/dataset/0e76433c-7aeb-46dc-a019-11db10ee28dd","sourceTitle":"Remote Communities Energy Database","licence":"Open Government Licence - Canada","vintage":"2018"}},{"type":"Feature","geometry":{"type":"Point","coordinates":[-135.00563,68.21946]},"properties":{"id":"rced-296","kind":"remote","cat":"remote-fossil","name":"Aklavik","altName":"","province":"NT","mw":1.84,"population":590,"mainPower":"Diesel","fossilKw":1840,"renewableKw":0,"annualFossilMwh":3192,"fuelPrice":1.22,"fuelUnits":"$/l","roadAccess":"No","flyIn":"Yes","provider":"NTPC","indigenous":"Inuit","communityType":"Settlement","status":"Active > Single community off-grid","sourceUrl":"https://open.canada.ca/data/en/dataset/0e76433c-7aeb-46dc-a019-11db10ee28dd","sourceTitle":"Remote Communities Energy Database","licence":"Open Government Licence - Canada","vintage":"2018"}},{"type":"Feature","geometry":{"type":"Point","coordinates":[-116.05,62.83333]},"properties":{"id":"rced-297","kind":"remote","cat":"remote-grid","name":"Behchokǫ̀","altName":"Rae-Edzo","province":"NT","mw":2,"population":1874,"mainPower":"Prov./terr. grid","fossilKw":2000,"renewableKw":0,"annualFossilMwh":7340,"fuelPrice":null,"fuelUnits":"","roadAccess":"Yes","flyIn":"No","provider":"NTPC","indigenous":"First Nation","communityType":"Settlement","status":"Active > Grid connected: Yukon or NWT grid","sourceUrl":"https://open.canada.ca/data/en/dataset/0e76433c-7aeb-46dc-a019-11db10ee28dd","sourceTitle":"Remote Communities Energy Database","licence":"Open Government Licence - Canada","vintage":"2018"}},{"type":"Feature","geometry":{"type":"Point","coordinates":[-126.09591,67.0383]},"properties":{"id":"rced-298","kind":"remote","cat":"remote-fossil","name":"Colville Lake","altName":"Behdzi Ahda","province":"NT","mw":0.286,"population":129,"mainPower":"Diesel","fossilKw":240,"renewableKw":46,"annualFossilMwh":627,"fuelPrice":0.99,"fuelUnits":"$/l","roadAccess":"No","flyIn":"Yes","provider":"NTPC","indigenous":"First Nation","communityType":"Settlement","status":"Active > Single community off-grid","sourceUrl":"https://open.canada.ca/data/en/dataset/0e76433c-7aeb-46dc-a019-11db10ee28dd","sourceTitle":"Remote Communities Energy Database","licence":"Open Government Licence - Canada","vintage":"2018"}},{"type":"Feature","geometry":{"type":"Point","coordinates":[-123.42365,65.1964]},"properties":{"id":"rced-299","kind":"remote","cat":"remote-fossil","name":"Délįne","altName":"Fort Franklin","province":"NT","mw":1.19,"population":533,"mainPower":"Diesel","fossilKw":1190,"renewableKw":0,"annualFossilMwh":2756,"fuelPrice":1.08,"fuelUnits":"$/l","roadAccess":"No","flyIn":"Yes","provider":"NTPC","indigenous":"First Nation","communityType":"Settlement","status":"Active > Single community off-grid","sourceUrl":"https://open.canada.ca/data/en/dataset/0e76433c-7aeb-46dc-a019-11db10ee28dd","sourceTitle":"Remote Communities Energy Database","licence":"Open Government Licence - Canada","vintage":"2018"}},{"type":"Feature","geometry":{"type":"Point","coordinates":[-114.3075,62.4119]},"properties":{"id":"rced-300","kind":"remote","cat":"remote-grid","name":"Detah","altName":"Dettah","province":"NT","mw":7.36,"population":219,"mainPower":"Prov./terr. grid","fossilKw":7360,"renewableKw":0,"annualFossilMwh":940,"fuelPrice":null,"fuelUnits":"","roadAccess":"Yes","flyIn":"No","provider":"NTPC","indigenous":"First Nation","communityType":"Settlement","status":"Active > Grid connected: Yukon or NWT grid","sourceUrl":"https://open.canada.ca/data/en/dataset/0e76433c-7aeb-46dc-a019-11db10ee28dd","sourceTitle":"Remote Communities Energy Database","licence":"Open Government Licence - Canada","vintage":"2018"}},{"type":"Feature","geometry":{"type":"Point","coordinates":[-128.6163,66.2644]},"properties":{"id":"rced-301","kind":"remote","cat":"remote-fossil","name":"Fort Good Hope","altName":"K'asho Got'ine","province":"NT","mw":1.23,"population":516,"mainPower":"Diesel","fossilKw":1230,"renewableKw":0,"annualFossilMwh":2749,"fuelPrice":1.08,"fuelUnits":"$/l","roadAccess":"No","flyIn":"Yes","provider":"NTPC","indigenous":"First Nation","communityType":"Settlement","status":"Active > Single community off-grid","sourceUrl":"https://open.canada.ca/data/en/dataset/0e76433c-7aeb-46dc-a019-11db10ee28dd","sourceTitle":"Remote Communities Energy Database","licence":"Open Government Licence - Canada","vintage":"2018"}},{"type":"Feature","geometry":{"type":"Point","coordinates":[-123.38077,60.23307]},"properties":{"id":"rced-302","kind":"remote","cat":"remote-fossil","name":"Fort Liard","altName":"Ahcho Kue","province":"NT","mw":1.32,"population":500,"mainPower":"Diesel","fossilKw":1320,"renewableKw":0,"annualFossilMwh":2279,"fuelPrice":0.92,"fuelUnits":"$/l","roadAccess":"Yes","flyIn":"No","provider":"NTPC","indigenous":"First Nation","communityType":"Settlement","status":"Active > Single community off-grid","sourceUrl":"https://open.canada.ca/data/en/dataset/0e76433c-7aeb-46dc-a019-11db10ee28dd","sourceTitle":"Remote Communities Energy Database","licence":"Open Government Licence - Canada","vintage":"2018"}},{"type":"Feature","geometry":{"type":"Point","coordinates":[-134.8398,67.42937]},"properties":{"id":"rced-303","kind":"remote","cat":"remote-fossil","name":"Fort McPherson","altName":"Tetl'it Zheh","province":"NT","mw":1.825,"population":700,"mainPower":"Diesel","fossilKw":1825,"renewableKw":0,"annualFossilMwh":3459,"fuelPrice":1.03,"fuelUnits":"$/l","roadAccess":"Yes","flyIn":"No","provider":"NTPC","indigenous":"First Nation","communityType":"Settlement","status":"Active > Single community off-grid","sourceUrl":"https://open.canada.ca/data/en/dataset/0e76433c-7aeb-46dc-a019-11db10ee28dd","sourceTitle":"Remote Communities Energy Database","licence":"Open Government Licence - Canada","vintage":"2018"}},{"type":"Feature","geometry":{"type":"Point","coordinates":[-113.66667,61.16667]},"properties":{"id":"rced-304","kind":"remote","cat":"remote-grid","name":"Fort Resolution","altName":"Deninu K'ue","province":"NT","mw":0.7,"population":470,"mainPower":"Prov./terr. grid","fossilKw":700,"renewableKw":0,"annualFossilMwh":2629,"fuelPrice":null,"fuelUnits":"","roadAccess":"Yes","flyIn":"No","provider":"NTPC","indigenous":"First Nation","communityType":"Settlement","status":"Active > Grid connected: Yukon or NWT grid","sourceUrl":"https://open.canada.ca/data/en/dataset/0e76433c-7aeb-46dc-a019-11db10ee28dd","sourceTitle":"Remote Communities Energy Database","licence":"Open Government Licence - Canada","vintage":"2018"}},{"type":"Feature","geometry":{"type":"Point","coordinates":[-121.38333,61.86667]},"properties":{"id":"rced-305","kind":"remote","cat":"remote-fossil","name":"Fort Simpson","altName":"Liidlii Kue","province":"NT","mw":3.301,"population":1202,"mainPower":"Diesel","fossilKw":3210,"renewableKw":91,"annualFossilMwh":7529,"fuelPrice":0.7,"fuelUnits":"$/l","roadAccess":"Yes","flyIn":"No","provider":"NTPC","indigenous":"First Nation","communityType":"Settlement","status":"Active > Single community off-grid","sourceUrl":"https://open.canada.ca/data/en/dataset/0e76433c-7aeb-46dc-a019-11db10ee28dd","sourceTitle":"Remote Communities Energy Database","licence":"Open Government Licence - Canada","vintage":"2018"}},{"type":"Feature","geometry":{"type":"Point","coordinates":[-111.88333,60]},"properties":{"id":"rced-306","kind":"remote","cat":"remote-grid","name":"Fort Smith","altName":"Salt River","province":"NT","mw":6,"population":2542,"mainPower":"Prov./terr. grid","fossilKw":6000,"renewableKw":0,"annualFossilMwh":0,"fuelPrice":null,"fuelUnits":"","roadAccess":"Yes","flyIn":"No","provider":"NTPC","indigenous":"Non-Indigenous","communityType":"Settlement","status":"Active > Grid connected: Yukon or NWT grid","sourceUrl":"https://open.canada.ca/data/en/dataset/0e76433c-7aeb-46dc-a019-11db10ee28dd","sourceTitle":"Remote Communities Energy Database","licence":"Open Government Licence - Canada","vintage":"2018"}},{"type":"Feature","geometry":{"type":"Point","coordinates":[-117.33333,64.1055]},"properties":{"id":"rced-307","kind":"remote","cat":"remote-fossil","name":"Gamètì","altName":"Rae Lakes","province":"NT","mw":0.612,"population":278,"mainPower":"Diesel","fossilKw":612,"renewableKw":0,"annualFossilMwh":1130,"fuelPrice":0.97,"fuelUnits":"$/l","roadAccess":"No","flyIn":"Yes","provider":"NTPC","indigenous":"First Nation","communityType":"Settlement","status":"Active > Single community off-grid","sourceUrl":"https://open.canada.ca/data/en/dataset/0e76433c-7aeb-46dc-a019-11db10ee28dd","sourceTitle":"Remote Communities Energy Database","licence":"Open Government Licence - Canada","vintage":"2018"}},{"type":"Feature","geometry":{"type":"Point","coordinates":[-133.71518,68.36569]},"properties":{"id":"rced-308","kind":"remote","cat":"remote-fossil","name":"Inuvik","altName":"","province":"NT","mw":7.7,"population":3243,"mainPower":"Natural Gas","fossilKw":7700,"renewableKw":0,"annualFossilMwh":11536,"fuelPrice":1.14,"fuelUnits":"$/l","roadAccess":"Yes","flyIn":"No","provider":"NTPC","indigenous":"Inuit","communityType":"Settlement","status":"Active > Single community off-grid","sourceUrl":"https://open.canada.ca/data/en/dataset/0e76433c-7aeb-46dc-a019-11db10ee28dd","sourceTitle":"Remote Communities Energy Database","licence":"Open Government Licence - Canada","vintage":"2018"}},{"type":"Feature","geometry":{"type":"Point","coordinates":[-120.6495,61.49173]},"properties":{"id":"rced-309","kind":"remote","cat":"remote-fossil","name":"Jean Marie River","altName":"Tthets’ek’ehdeli","province":"NT","mw":0.265,"population":77,"mainPower":"Diesel","fossilKw":265,"renewableKw":0,"annualFossilMwh":331,"fuelPrice":0.7,"fuelUnits":"$/l","roadAccess":"Yes","flyIn":"No","provider":"NTPC","indigenous":"First Nation","communityType":"Settlement","status":"Active > Single community off-grid","sourceUrl":"https://open.canada.ca/data/en/dataset/0e76433c-7aeb-46dc-a019-11db10ee28dd","sourceTitle":"Remote Communities Energy Database","licence":"Open Government Licence - Canada","vintage":"2018"}},{"type":"Feature","geometry":{"type":"Point","coordinates":[-110.73333,62.4]},"properties":{"id":"rced-310","kind":"remote","cat":"remote-fossil","name":"Łutselk'e","altName":"","province":"NT","mw":0.82,"population":303,"mainPower":"Diesel","fossilKw":820,"renewableKw":0,"annualFossilMwh":0,"fuelPrice":1.07,"fuelUnits":"$/l","roadAccess":"No","flyIn":"Yes","provider":"NTPC","indigenous":"First Nation","communityType":"Settlement","status":"Active > Single community off-grid","sourceUrl":"https://open.canada.ca/data/en/dataset/0e76433c-7aeb-46dc-a019-11db10ee28dd","sourceTitle":"Remote Communities Energy Database","licence":"Open Government Licence - Canada","vintage":"2018"}},{"type":"Feature","geometry":{"type":"Point","coordinates":[-123.3662,61.03333]},"properties":{"id":"rced-311","kind":"remote","cat":"remote-fossil","name":"Nahanni Butte","altName":"Tthenáágó","province":"NT","mw":0.29,"population":87,"mainPower":"Diesel","fossilKw":290,"renewableKw":0,"annualFossilMwh":399,"fuelPrice":0.79,"fuelUnits":"$/l","roadAccess":"Yes","flyIn":"No","provider":"NTPC","indigenous":"First Nation","communityType":"Settlement","status":"Active > Single community off-grid","sourceUrl":"https://open.canada.ca/data/en/dataset/0e76433c-7aeb-46dc-a019-11db10ee28dd","sourceTitle":"Remote Communities Energy Database","licence":"Open Government Licence - Canada","vintage":"2018"}},{"type":"Feature","geometry":{"type":"Point","coordinates":[-126.79168,65.27744]},"properties":{"id":"rced-312","kind":"remote","cat":"remote-fossil","name":"Norman Wells","altName":"Tłegǫ́hłı̨","province":"NT","mw":2.12,"population":778,"mainPower":"Natural Gas","fossilKw":2120,"renewableKw":0,"annualFossilMwh":9110,"fuelPrice":null,"fuelUnits":"","roadAccess":"No","flyIn":"Yes","provider":"NTPC","indigenous":"First Nation","communityType":"Settlement","status":"Active > Single community off-grid","sourceUrl":"https://open.canada.ca/data/en/dataset/0e76433c-7aeb-46dc-a019-11db10ee28dd","sourceTitle":"Remote Communities Energy Database","licence":"Open Government Licence - Canada","vintage":"2018"}},{"type":"Feature","geometry":{"type":"Point","coordinates":[-124.06186,69.33484]},"properties":{"id":"rced-313","kind":"remote","cat":"remote-fossil","name":"Paulatuk","altName":"Paulatuuq","province":"NT","mw":0.84,"population":265,"mainPower":"Diesel","fossilKw":840,"renewableKw":0,"annualFossilMwh":1461,"fuelPrice":1.23,"fuelUnits":"$/l","roadAccess":"No","flyIn":"Yes","provider":"NTPC","indigenous":"Inuit","communityType":"Settlement","status":"Active > Single community off-grid","sourceUrl":"https://open.canada.ca/data/en/dataset/0e76433c-7aeb-46dc-a019-11db10ee28dd","sourceTitle":"Remote Communities Energy Database","licence":"Open Government Licence - Canada","vintage":"2018"}},{"type":"Feature","geometry":{"type":"Point","coordinates":[-125.23935,71.9884]},"properties":{"id":"rced-314","kind":"remote","cat":"remote-fossil","name":"Sachs Harbour","altName":"Ikahuak","province":"NT","mw":0.795,"population":103,"mainPower":"Diesel","fossilKw":795,"renewableKw":0,"annualFossilMwh":954,"fuelPrice":1.17,"fuelUnits":"$/l","roadAccess":"No","flyIn":"Yes","provider":"NTPC","indigenous":"Inuit","communityType":"Settlement","status":"Active > Single community off-grid","sourceUrl":"https://open.canada.ca/data/en/dataset/0e76433c-7aeb-46dc-a019-11db10ee28dd","sourceTitle":"Remote Communities Energy Database","licence":"Open Government Licence - Canada","vintage":"2018"}},{"type":"Feature","geometry":{"type":"Point","coordinates":[-133.7305,67.44604]},"properties":{"id":"rced-316","kind":"remote","cat":"remote-fossil","name":"Tsiigehtchic","altName":"Arctic Red River;Gwichya Gwich'in","province":"NT","mw":0.5,"population":172,"mainPower":"Diesel","fossilKw":500,"renewableKw":0,"annualFossilMwh":777,"fuelPrice":1.05,"fuelUnits":"$/l","roadAccess":"Yes","flyIn":"No","provider":"NTPC","indigenous":"Inuit","communityType":"Settlement","status":"Active > Single community off-grid","sourceUrl":"https://open.canada.ca/data/en/dataset/0e76433c-7aeb-46dc-a019-11db10ee28dd","sourceTitle":"Remote Communities Energy Database","licence":"Open Government Licence - Canada","vintage":"2018"}},{"type":"Feature","geometry":{"type":"Point","coordinates":[-133.03528,69.42901]},"properties":{"id":"rced-317","kind":"remote","cat":"remote-fossil","name":"Tuktoyaktuk","altName":"Tuktuyaaqtuuq","province":"NT","mw":2.21,"population":898,"mainPower":"Diesel","fossilKw":2210,"renewableKw":0,"annualFossilMwh":4229,"fuelPrice":1.05,"fuelUnits":"$/l","roadAccess":"No","flyIn":"Yes","provider":"NTPC","indigenous":"Inuit","communityType":"Settlement","status":"Active > Single community off-grid","sourceUrl":"https://open.canada.ca/data/en/dataset/0e76433c-7aeb-46dc-a019-11db10ee28dd","sourceTitle":"Remote Communities Energy Database","licence":"Open Government Licence - Canada","vintage":"2018"}},{"type":"Feature","geometry":{"type":"Point","coordinates":[-125.56667,64.9]},"properties":{"id":"rced-318","kind":"remote","cat":"remote-fossil","name":"Tulita","altName":"Fort Norman","province":"NT","mw":1.08,"population":477,"mainPower":"Diesel","fossilKw":1080,"renewableKw":0,"annualFossilMwh":2433,"fuelPrice":1,"fuelUnits":"$/l","roadAccess":"No","flyIn":"Yes","provider":"NTPC","indigenous":"First Nation","communityType":"Settlement","status":"Active > Single community off-grid","sourceUrl":"https://open.canada.ca/data/en/dataset/0e76433c-7aeb-46dc-a019-11db10ee28dd","sourceTitle":"Remote Communities Energy Database","licence":"Open Government Licence - Canada","vintage":"2018"}},{"type":"Feature","geometry":{"type":"Point","coordinates":[-117.75026,70.7332]},"properties":{"id":"rced-319","kind":"remote","cat":"remote-fossil","name":"Ulukhaktok","altName":"Ulukhaqtuuq;Holman","province":"NT","mw":1.16,"population":396,"mainPower":"Diesel","fossilKw":1160,"renewableKw":0,"annualFossilMwh":2069,"fuelPrice":1.15,"fuelUnits":"$/l","roadAccess":"No","flyIn":"Yes","provider":"NTPC","indigenous":"Inuit","communityType":"Settlement","status":"Active > Single community off-grid","sourceUrl":"https://open.canada.ca/data/en/dataset/0e76433c-7aeb-46dc-a019-11db10ee28dd","sourceTitle":"Remote Communities Energy Database","licence":"Open Government Licence - Canada","vintage":"2018"}},{"type":"Feature","geometry":{"type":"Point","coordinates":[-117.2535,63.15682]},"properties":{"id":"rced-320","kind":"remote","cat":"remote-fossil","name":"Whatį̀","altName":"Lac La Martre","province":"NT","mw":1.015,"population":470,"mainPower":"Diesel","fossilKw":1015,"renewableKw":0,"annualFossilMwh":1769,"fuelPrice":0.9,"fuelUnits":"$/l","roadAccess":"No","flyIn":"Yes","provider":"NTPC","indigenous":"First Nation","communityType":"Settlement","status":"Active > Single community off-grid","sourceUrl":"https://open.canada.ca/data/en/dataset/0e76433c-7aeb-46dc-a019-11db10ee28dd","sourceTitle":"Remote Communities Energy Database","licence":"Open Government Licence - Canada","vintage":"2018"}},{"type":"Feature","geometry":{"type":"Point","coordinates":[-123.5665,63.26667]},"properties":{"id":"rced-321","kind":"remote","cat":"remote-fossil","name":"Wrigley","altName":"Pehdzeh Ki","province":"NT","mw":0.781,"population":119,"mainPower":"Diesel","fossilKw":781,"renewableKw":0,"annualFossilMwh":737,"fuelPrice":0.79,"fuelUnits":"$/l","roadAccess":"Yes","flyIn":"No","provider":"NTPC","indigenous":"First Nation","communityType":"Settlement","status":"Active > Single community off-grid","sourceUrl":"https://open.canada.ca/data/en/dataset/0e76433c-7aeb-46dc-a019-11db10ee28dd","sourceTitle":"Remote Communities Energy Database","licence":"Open Government Licence - Canada","vintage":"2018"}},{"type":"Feature","geometry":{"type":"Point","coordinates":[-89.0583,50.2967]},"properties":{"id":"rced-322","kind":"remote","cat":"remote-fossil","name":"Armstrong","altName":"","province":"ON","mw":1.45,"population":193,"mainPower":"Diesel","fossilKw":1450,"renewableKw":0,"annualFossilMwh":4794.466,"fuelPrice":0.8577502714677304,"fuelUnits":"$/l","roadAccess":"Yes","flyIn":"No","provider":"Hydro One Remote Communities","indigenous":"Non-Indigenous","communityType":"Settlement","status":"Active > Multi-community local microgrid","sourceUrl":"https://open.canada.ca/data/en/dataset/0e76433c-7aeb-46dc-a019-11db10ee28dd","sourceTitle":"Remote Communities Energy Database","licence":"Open Government Licence - Canada","vintage":"2018"}},{"type":"Feature","geometry":{"type":"Point","coordinates":[-90.968,53.9161]},"properties":{"id":"rced-323","kind":"remote","cat":"remote-fossil","name":"Bearskin Lake","altName":"","province":"ON","mw":1,"population":476,"mainPower":"Diesel","fossilKw":1000,"renewableKw":0,"annualFossilMwh":2880.37,"fuelPrice":1.420321958405374,"fuelUnits":"$/l","roadAccess":"No","flyIn":"Yes","provider":"Hydro One Remote Communities","indigenous":"First Nation","communityType":"Settlement","status":"Active > Single community off-grid","sourceUrl":"https://open.canada.ca/data/en/dataset/0e76433c-7aeb-46dc-a019-11db10ee28dd","sourceTitle":"Remote Communities Energy Database","licence":"Open Government Licence - Canada","vintage":"2018"}},{"type":"Feature","geometry":{"type":"Point","coordinates":[-82.1,47.28333]},"properties":{"id":"rced-324","kind":"remote","cat":"remote-fossil","name":"Biscotasing","altName":"","province":"ON","mw":0.2,"population":22,"mainPower":"Diesel","fossilKw":200,"renewableKw":0,"annualFossilMwh":436.176,"fuelPrice":0.9639864328830123,"fuelUnits":"$/l","roadAccess":"Yes","flyIn":"No","provider":"Hydro One Remote Communities","indigenous":"Non-Indigenous","communityType":"Settlement","status":"Active > Single community off-grid","sourceUrl":"https://open.canada.ca/data/en/dataset/0e76433c-7aeb-46dc-a019-11db10ee28dd","sourceTitle":"Remote Communities Energy Database","licence":"Open Government Licence - Canada","vintage":"2018"}},{"type":"Feature","geometry":{"type":"Point","coordinates":[-89.45,50.28333]},"properties":{"id":"rced-325","kind":"remote","cat":"remote-fossil","name":"Collins","altName":"Namaygoosisagagun","province":"ON","mw":0,"population":30,"mainPower":"Diesel","fossilKw":0,"renewableKw":0,"annualFossilMwh":0,"fuelPrice":0.8577502714677304,"fuelUnits":"$/l","roadAccess":"Yes","flyIn":"No","provider":"Hydro One Remote Communities","indigenous":"Non-Indigenous","communityType":"Settlement","status":"Active > Multi-community local microgrid","sourceUrl":"https://open.canada.ca/data/en/dataset/0e76433c-7aeb-46dc-a019-11db10ee28dd","sourceTitle":"Remote Communities Energy Database","licence":"Open Government Licence - Canada","vintage":"2018"}},{"type":"Feature","geometry":{"type":"Point","coordinates":[-94.05933,52.617]},"properties":{"id":"rced-326","kind":"remote","cat":"remote-fossil","name":"Deer Lake","altName":"","province":"ON","mw":3.053638,"population":1083,"mainPower":"Diesel","fossilKw":1795,"renewableKw":1258.638,"annualFossilMwh":5333.256,"fuelPrice":1.768644599706826,"fuelUnits":"$/l","roadAccess":"No","flyIn":"Yes","provider":"Hydro One Remote Communities","indigenous":"First Nation","communityType":"Settlement","status":"Active > Single community off-grid","sourceUrl":"https://open.canada.ca/data/en/dataset/0e76433c-7aeb-46dc-a019-11db10ee28dd","sourceTitle":"Remote Communities Energy Database","licence":"Open Government Licence - Canada","vintage":"2018"}},{"type":"Feature","geometry":{"type":"Point","coordinates":[-87.63333,55.994]},"properties":{"id":"rced-327","kind":"remote","cat":"remote-fossil","name":"Fort Severn","altName":"Fort Severn 89","province":"ON","mw":1,"population":546,"mainPower":"Diesel","fossilKw":1000,"renewableKw":0,"annualFossilMwh":3065.55,"fuelPrice":2.3626002652942852,"fuelUnits":"$/l","roadAccess":"No","flyIn":"Yes","provider":"Hydro One Remote Communities","indigenous":"First Nation","communityType":"Settlement","status":"Active > Single community off-grid","sourceUrl":"https://open.canada.ca/data/en/dataset/0e76433c-7aeb-46dc-a019-11db10ee28dd","sourceTitle":"Remote Communities Energy Database","licence":"Open Government Licence - Canada","vintage":"2018"}},{"type":"Feature","geometry":{"type":"Point","coordinates":[-89.1,49.8]},"properties":{"id":"rced-328","kind":"remote","cat":"remote-fossil","name":"Gull Bay","altName":"Kiashke Zaaging Anishinaabek;Gull River 55","province":"ON","mw":0.43,"population":392,"mainPower":"Diesel","fossilKw":430,"renewableKw":0,"annualFossilMwh":1188.643,"fuelPrice":0.8568524202362984,"fuelUnits":"$/l","roadAccess":"Yes","flyIn":"No","provider":"Hydro One Remote Communities","indigenous":"First Nation","communityType":"Settlement","status":"Active > Single community off-grid","sourceUrl":"https://open.canada.ca/data/en/dataset/0e76433c-7aeb-46dc-a019-11db10ee28dd","sourceTitle":"Remote Communities Energy Database","licence":"Open Government Licence - Canada","vintage":"2018"}},{"type":"Feature","geometry":{"type":"Point","coordinates":[-88.66134,53.6028]},"properties":{"id":"rced-330","kind":"remote","cat":"remote-fossil","name":"Kasabonika","altName":"","province":"ON","mw":1.69,"population":1097,"mainPower":"Diesel","fossilKw":1600,"renewableKw":90,"annualFossilMwh":5150.479,"fuelPrice":1.4905799662048378,"fuelUnits":"$/l","roadAccess":"No","flyIn":"Yes","provider":"Hydro One Remote Communities","indigenous":"First Nation","communityType":"Settlement","status":"Active > Single community off-grid","sourceUrl":"https://open.canada.ca/data/en/dataset/0e76433c-7aeb-46dc-a019-11db10ee28dd","sourceTitle":"Remote Communities Energy Database","licence":"Open Government Licence - Canada","vintage":"2018"}},{"type":"Feature","geometry":{"type":"Point","coordinates":[-89.84113,53.02708]},"properties":{"id":"rced-331","kind":"remote","cat":"remote-fossil","name":"Kingfisher Lake","altName":"Kingfisher Lake 1","province":"ON","mw":2.18,"population":535,"mainPower":"Diesel","fossilKw":2180,"renewableKw":0,"annualFossilMwh":2723.723,"fuelPrice":1.356516608098675,"fuelUnits":"$/l","roadAccess":"No","flyIn":"Yes","provider":"Hydro One Remote Communities","indigenous":"First Nation","communityType":"Settlement","status":"Active > Single community off-grid","sourceUrl":"https://open.canada.ca/data/en/dataset/0e76433c-7aeb-46dc-a019-11db10ee28dd","sourceTitle":"Remote Communities Energy Database","licence":"Open Government Licence - Canada","vintage":"2018"}},{"type":"Feature","geometry":{"type":"Point","coordinates":[-89.88468,53.82304]},"properties":{"id":"rced-332","kind":"remote","cat":"remote-fossil","name":"Kitchenuhmaykoosib","altName":"Kitchenuhmaykoosib Inninuwug;Big Trout Lake","province":"ON","mw":3,"population":1156,"mainPower":"Diesel","fossilKw":3000,"renewableKw":0,"annualFossilMwh":6402.499,"fuelPrice":1.5802728606188492,"fuelUnits":"$/l","roadAccess":"No","flyIn":"Yes","provider":"Hydro One Remote Communities","indigenous":"First Nation","communityType":"Settlement","status":"Active > Single community off-grid","sourceUrl":"https://open.canada.ca/data/en/dataset/0e76433c-7aeb-46dc-a019-11db10ee28dd","sourceTitle":"Remote Communities Energy Database","licence":"Open Government Licence - Canada","vintage":"2018"}},{"type":"Feature","geometry":{"type":"Point","coordinates":[-87.895,52.22]},"properties":{"id":"rced-333","kind":"remote","cat":"remote-fossil","name":"Neskantaga","altName":"Lansdowne House","province":"ON","mw":0.875,"population":237,"mainPower":"Diesel","fossilKw":875,"renewableKw":0,"annualFossilMwh":2122.368,"fuelPrice":1.1178628886361381,"fuelUnits":"$/l","roadAccess":"No","flyIn":"Yes","provider":"Hydro One Remote Communities","indigenous":"First Nation","communityType":"Settlement","status":"Active > Single community off-grid","sourceUrl":"https://open.canada.ca/data/en/dataset/0e76433c-7aeb-46dc-a019-11db10ee28dd","sourceTitle":"Remote Communities Energy Database","licence":"Open Government Licence - Canada","vintage":"2018"}},{"type":"Feature","geometry":{"type":"Point","coordinates":[-84.1,49.06667]},"properties":{"id":"rced-334","kind":"remote","cat":"remote-fossil","name":"Oba","altName":"","province":"ON","mw":0.097,"population":15,"mainPower":"Diesel","fossilKw":97,"renewableKw":0,"annualFossilMwh":253.271,"fuelPrice":0.9570279685393736,"fuelUnits":"$/l","roadAccess":"Yes","flyIn":"No","provider":"Hydro One Remote Communities","indigenous":"Non-Indigenous","communityType":"Settlement","status":"Active > Single community off-grid","sourceUrl":"https://open.canada.ca/data/en/dataset/0e76433c-7aeb-46dc-a019-11db10ee28dd","sourceTitle":"Remote Communities Energy Database","licence":"Open Government Licence - Canada","vintage":"2018"}},{"type":"Feature","geometry":{"type":"Point","coordinates":[-85.91671,51.66664]},"properties":{"id":"rced-335","kind":"remote","cat":"remote-fossil","name":"Ogoki","altName":"Ogoki Post;Marten Falls 65","province":"ON","mw":0.65,"population":389,"mainPower":"Diesel","fossilKw":650,"renewableKw":0,"annualFossilMwh":2015.6,"fuelPrice":1.4635295840477396,"fuelUnits":"$/l","roadAccess":"No","flyIn":"Yes","provider":"Hydro One Remote Communities","indigenous":"First Nation","communityType":"Settlement","status":"Active > Single community off-grid","sourceUrl":"https://open.canada.ca/data/en/dataset/0e76433c-7aeb-46dc-a019-11db10ee28dd","sourceTitle":"Remote Communities Energy Database","licence":"Open Government Licence - Canada","vintage":"2018"}},{"type":"Feature","geometry":{"type":"Point","coordinates":[-92.17811,53.88004]},"properties":{"id":"rced-336","kind":"remote","cat":"remote-fossil","name":"Sachigo Lake","altName":"Sachigo Lake 1;Sachigo Lake 2","province":"ON","mw":1,"population":547,"mainPower":"Diesel","fossilKw":1000,"renewableKw":0,"annualFossilMwh":3298.896,"fuelPrice":1.3781010204459776,"fuelUnits":"$/l","roadAccess":"No","flyIn":"Yes","provider":"Hydro One Remote Communities","indigenous":"First Nation","communityType":"Settlement","status":"Active > Single community off-grid","sourceUrl":"https://open.canada.ca/data/en/dataset/0e76433c-7aeb-46dc-a019-11db10ee28dd","sourceTitle":"Remote Communities Energy Database","licence":"Open Government Licence - Canada","vintage":"2018"}},{"type":"Feature","geometry":{"type":"Point","coordinates":[-93.33354,53.06668]},"properties":{"id":"rced-337","kind":"remote","cat":"remote-fossil","name":"Sandy Lake","altName":"","province":"ON","mw":3.05,"population":2641,"mainPower":"Diesel","fossilKw":3050,"renewableKw":0,"annualFossilMwh":12364.911,"fuelPrice":1.5124472325309546,"fuelUnits":"$/l","roadAccess":"No","flyIn":"Yes","provider":"Hydro One Remote Communities","indigenous":"First Nation","communityType":"Settlement","status":"Active > Single community off-grid","sourceUrl":"https://open.canada.ca/data/en/dataset/0e76433c-7aeb-46dc-a019-11db10ee28dd","sourceTitle":"Remote Communities Energy Database","licence":"Open Government Licence - Canada","vintage":"2018"}},{"type":"Feature","geometry":{"type":"Point","coordinates":[-82.75,47.6]},"properties":{"id":"rced-338","kind":"remote","cat":"remote-fossil","name":"Sultan","altName":"","province":"ON","mw":0.211,"population":64,"mainPower":"Diesel","fossilKw":177,"renewableKw":34,"annualFossilMwh":479.393,"fuelPrice":0.9974391415917806,"fuelUnits":"$/l","roadAccess":"Yes","flyIn":"No","provider":"Hydro One Remote Communities","indigenous":"Non-Indigenous","communityType":"Settlement","status":"Active > Single community off-grid","sourceUrl":"https://open.canada.ca/data/en/dataset/0e76433c-7aeb-46dc-a019-11db10ee28dd","sourceTitle":"Remote Communities Energy Database","licence":"Open Government Licence - Canada","vintage":"2018"}},{"type":"Feature","geometry":{"type":"Point","coordinates":[-89.53333,53.85]},"properties":{"id":"rced-339","kind":"remote","cat":"remote-fossil","name":"Wapekeka Reserve 1","altName":"Wapekeka Reserve 2;Angling Lake","province":"ON","mw":0.865,"population":437,"mainPower":"Diesel","fossilKw":865,"renewableKw":0,"annualFossilMwh":2610.171,"fuelPrice":1.6036247689745515,"fuelUnits":"$/l","roadAccess":"No","flyIn":"Yes","provider":"Hydro One Remote Communities","indigenous":"First Nation","communityType":"Settlement","status":"Active > Single community off-grid","sourceUrl":"https://open.canada.ca/data/en/dataset/0e76433c-7aeb-46dc-a019-11db10ee28dd","sourceTitle":"Remote Communities Energy Database","licence":"Open Government Licence - Canada","vintage":"2018"}},{"type":"Feature","geometry":{"type":"Point","coordinates":[-91.26674,52.95005]},"properties":{"id":"rced-340","kind":"remote","cat":"remote-fossil","name":"Weagamow Lake","altName":"North Caribou Lake;Weagamow Lake 87","province":"ON","mw":1.725,"population":880,"mainPower":"Diesel","fossilKw":1725,"renewableKw":0,"annualFossilMwh":4711.607,"fuelPrice":1.239101403070052,"fuelUnits":"$/l","roadAccess":"No","flyIn":"Yes","provider":"Hydro One Remote Communities","indigenous":"First Nation","communityType":"Settlement","status":"Active > Single community off-grid","sourceUrl":"https://open.canada.ca/data/en/dataset/0e76433c-7aeb-46dc-a019-11db10ee28dd","sourceTitle":"Remote Communities Energy Database","licence":"Open Government Licence - Canada","vintage":"2018"}},{"type":"Feature","geometry":{"type":"Point","coordinates":[-87.35,52.98333]},"properties":{"id":"rced-341","kind":"remote","cat":"remote-fossil","name":"Webequie","altName":"","province":"ON","mw":2,"population":793,"mainPower":"Diesel","fossilKw":2000,"renewableKw":0,"annualFossilMwh":3070.461,"fuelPrice":1.4572190328123722,"fuelUnits":"$/l","roadAccess":"No","flyIn":"Yes","provider":"Hydro One Remote Communities","indigenous":"First Nation","communityType":"Settlement","status":"Active > Single community off-grid","sourceUrl":"https://open.canada.ca/data/en/dataset/0e76433c-7aeb-46dc-a019-11db10ee28dd","sourceTitle":"Remote Communities Energy Database","licence":"Open Government Licence - Canada","vintage":"2018"}},{"type":"Feature","geometry":{"type":"Point","coordinates":[-89.03579,50.3]},"properties":{"id":"rced-342","kind":"remote","cat":"remote-fossil","name":"Whitesand","altName":"","province":"ON","mw":2.25,"population":376,"mainPower":"Diesel","fossilKw":2250,"renewableKw":0,"annualFossilMwh":0,"fuelPrice":0.8577502714677304,"fuelUnits":"$/l","roadAccess":"Yes","flyIn":"No","provider":"Hydro One Remote Communities","indigenous":"First Nation","communityType":"Settlement","status":"Active > Multi-community local microgrid","sourceUrl":"https://open.canada.ca/data/en/dataset/0e76433c-7aeb-46dc-a019-11db10ee28dd","sourceTitle":"Remote Communities Energy Database","licence":"Open Government Licence - Canada","vintage":"2018"}},{"type":"Feature","geometry":{"type":"Point","coordinates":[-87.88179,51.55904]},"properties":{"id":"rced-349","kind":"remote","cat":"remote-fossil","name":"Fort Hope","altName":"Eabametoong;Fort Hope 64","province":"ON","mw":2.621,"population":1548,"mainPower":"Diesel","fossilKw":2621,"renewableKw":0,"annualFossilMwh":0,"fuelPrice":0.68,"fuelUnits":"$/l","roadAccess":"No","flyIn":"Yes","provider":"Independent","indigenous":"First Nation","communityType":"Settlement","status":"Active > Single community off-grid","sourceUrl":"https://open.canada.ca/data/en/dataset/0e76433c-7aeb-46dc-a019-11db10ee28dd","sourceTitle":"Remote Communities Energy Database","licence":"Open Government Licence - Canada","vintage":"2018"}},{"type":"Feature","geometry":{"type":"Point","coordinates":[-92.80181,52.99837]},"properties":{"id":"rced-350","kind":"remote","cat":"remote-fossil","name":"Keewaywin","altName":"Kee-Way-Win","province":"ON","mw":1.815,"population":577,"mainPower":"Diesel","fossilKw":1815,"renewableKw":0,"annualFossilMwh":0,"fuelPrice":0.72,"fuelUnits":"$/l","roadAccess":"No","flyIn":"Yes","provider":"Independent","indigenous":"First Nation","communityType":"Settlement","status":"Active > Single community off-grid","sourceUrl":"https://open.canada.ca/data/en/dataset/0e76433c-7aeb-46dc-a019-11db10ee28dd","sourceTitle":"Remote Communities Energy Database","licence":"Open Government Licence - Canada","vintage":"2018"}},{"type":"Feature","geometry":{"type":"Point","coordinates":[-91.83708,53.4]},"properties":{"id":"rced-351","kind":"remote","cat":"remote-fossil","name":"Muskrat Dam Lake","altName":"","province":"ON","mw":1.741,"population":234,"mainPower":"Diesel","fossilKw":1741,"renewableKw":0,"annualFossilMwh":0,"fuelPrice":0.75,"fuelUnits":"$/l","roadAccess":"No","flyIn":"Yes","provider":"Independent","indigenous":"First Nation","communityType":"Settlement","status":"Active > Single community off-grid","sourceUrl":"https://open.canada.ca/data/en/dataset/0e76433c-7aeb-46dc-a019-11db10ee28dd","sourceTitle":"Remote Communities Energy Database","licence":"Open Government Licence - Canada","vintage":"2018"}},{"type":"Feature","geometry":{"type":"Point","coordinates":[-88.5,52.75]},"properties":{"id":"rced-352","kind":"remote","cat":"remote-fossil","name":"Summer Beaver","altName":"Nibinamik","province":"ON","mw":1.71,"population":387,"mainPower":"Diesel","fossilKw":1710,"renewableKw":0,"annualFossilMwh":0,"fuelPrice":0.685,"fuelUnits":"$/l","roadAccess":"No","flyIn":"Yes","provider":"Independent","indigenous":"First Nation","communityType":"Settlement","status":"Active > Single community off-grid","sourceUrl":"https://open.canada.ca/data/en/dataset/0e76433c-7aeb-46dc-a019-11db10ee28dd","sourceTitle":"Remote Communities Energy Database","licence":"Open Government Licence - Canada","vintage":"2018"}},{"type":"Feature","geometry":{"type":"Point","coordinates":[-93.019,52.505]},"properties":{"id":"rced-353","kind":"remote","cat":"remote-fossil","name":"North Spirit Lake","altName":"","province":"ON","mw":1.815,"population":440,"mainPower":"Diesel","fossilKw":1815,"renewableKw":0,"annualFossilMwh":0,"fuelPrice":0.77,"fuelUnits":"$/l","roadAccess":"No","flyIn":"Yes","provider":"Independent","indigenous":"First Nation","communityType":"Settlement","status":"Active > Single community off-grid","sourceUrl":"https://open.canada.ca/data/en/dataset/0e76433c-7aeb-46dc-a019-11db10ee28dd","sourceTitle":"Remote Communities Energy Database","licence":"Open Government Licence - Canada","vintage":"2018"}},{"type":"Feature","geometry":{"type":"Point","coordinates":[-85.43339,54.99273]},"properties":{"id":"rced-354","kind":"remote","cat":"remote-fossil","name":"Peawanuck","altName":"Winisk 90, Weenusk","province":"ON","mw":1.4,"population":288,"mainPower":"Diesel","fossilKw":1400,"renewableKw":0,"annualFossilMwh":0,"fuelPrice":1.26,"fuelUnits":"$/l","roadAccess":"No","flyIn":"Yes","provider":"Independent","indigenous":"First Nation","communityType":"Settlement","status":"Active > Single community off-grid","sourceUrl":"https://open.canada.ca/data/en/dataset/0e76433c-7aeb-46dc-a019-11db10ee28dd","sourceTitle":"Remote Communities Energy Database","licence":"Open Government Licence - Canada","vintage":"2018"}},{"type":"Feature","geometry":{"type":"Point","coordinates":[-93.98433,51.8086]},"properties":{"id":"rced-355","kind":"remote","cat":"remote-fossil","name":"Pikangikum","altName":"Pikangikum 14","province":"ON","mw":4.575,"population":2720,"mainPower":"Diesel","fossilKw":4575,"renewableKw":0,"annualFossilMwh":0,"fuelPrice":null,"fuelUnits":"","roadAccess":"No","flyIn":"Yes","provider":"Independent","indigenous":"First Nation","communityType":"Settlement","status":"Active > Single community off-grid","sourceUrl":"https://open.canada.ca/data/en/dataset/0e76433c-7aeb-46dc-a019-11db10ee28dd","sourceTitle":"Remote Communities Energy Database","licence":"Open Government Licence - Canada","vintage":"2018"}},{"type":"Feature","geometry":{"type":"Point","coordinates":[-94.3,52.09333]},"properties":{"id":"rced-356","kind":"remote","cat":"remote-fossil","name":"Poplar Hill","altName":"","province":"ON","mw":1.735,"population":601,"mainPower":"Diesel","fossilKw":1735,"renewableKw":0,"annualFossilMwh":0,"fuelPrice":0.64,"fuelUnits":"$/l","roadAccess":"No","flyIn":"Yes","provider":"Independent","indigenous":"First Nation","communityType":"Settlement","status":"Active > Single community off-grid","sourceUrl":"https://open.canada.ca/data/en/dataset/0e76433c-7aeb-46dc-a019-11db10ee28dd","sourceTitle":"Remote Communities Energy Database","licence":"Open Government Licence - Canada","vintage":"2018"}},{"type":"Feature","geometry":{"type":"Point","coordinates":[-89.14201,53.5]},"properties":{"id":"rced-357","kind":"remote","cat":"remote-fossil","name":"Wawakapewin","altName":"Long Dog Lake","province":"ON","mw":0.306,"population":47,"mainPower":"Diesel","fossilKw":306,"renewableKw":0,"annualFossilMwh":0,"fuelPrice":0.91,"fuelUnits":"$/l","roadAccess":"No","flyIn":"Yes","provider":"Independent","indigenous":"First Nation","communityType":"Settlement","status":"Active > Single community off-grid","sourceUrl":"https://open.canada.ca/data/en/dataset/0e76433c-7aeb-46dc-a019-11db10ee28dd","sourceTitle":"Remote Communities Energy Database","licence":"Open Government Licence - Canada","vintage":"2018"}},{"type":"Feature","geometry":{"type":"Point","coordinates":[-89.3,52.9]},"properties":{"id":"rced-358","kind":"remote","cat":"remote-fossil","name":"Wunnumin Lake","altName":"Wunnumin;Wunnumin 1;Wunnumin 2;","province":"ON","mw":2,"population":576,"mainPower":"Diesel","fossilKw":2000,"renewableKw":0,"annualFossilMwh":0,"fuelPrice":0.7197,"fuelUnits":"$/l","roadAccess":"No","flyIn":"Yes","provider":"Independent","indigenous":"First Nation","communityType":"Settlement","status":"Active > Single community off-grid","sourceUrl":"https://open.canada.ca/data/en/dataset/0e76433c-7aeb-46dc-a019-11db10ee28dd","sourceTitle":"Remote Communities Energy Database","licence":"Open Government Licence - Canada","vintage":"2018"}}]}